{
  "topCrop": {
    "x": 0,
    "y": 48,
    "width": 175,
    "height": 175,
    "score": {
      "detail": 38.652849033714915,
      "saturation": -7.6370054662513995,
      "skin": 13.065310177532202,
      "boost": 0,
      "total": 0.0009455355587404254
    }
  }
}
