{
  "topCrop": {
    "x": 0,
    "y": 0,
    "width": 400,
    "height": 400,
    "score": {
      "detail": -6.8143421692859745,
      "saturation": -18.4009435032499,
      "skin": 15.515039536014966,
      "boost": 157.51143209567783,
      "total": 0.5150101919754376
    }
  }
}
