{
  "topCrop": {
    "x": 0,
    "y": 0,
    "width": 175,
    "height": 175,
    "score": {
      "detail": -6.476613814275826,
      "saturation": -13.571206784038562,
      "skin": 22.502974187930786,
      "boost": 214.14498683732438,
      "total": 0.7003963217133926
    }
  }
}
