{
  "topCrop": {
    "x": 0,
    "y": 8,
    "width": 175,
    "height": 175,
    "score": {
      "detail": 21.29016556921425,
      "saturation": -0.3772601169682529,
      "skin": 16.518172324440577,
      "boost": 0,
      "total": 0.0011062062126610747
    }
  }
}
