{
  "topCrop": {
    "x": 0,
    "y": 0,
    "width": 219,
    "height": 219,
    "score": {
      "detail": 3.5435005876498744,
      "saturation": -7.9354765976085995,
      "skin": 10.673150647100911,
      "boost": 0,
      "total": 0.0005727258221397237
    }
  }
}
