{
  "topCrop": {
    "x": 0,
    "y": 8,
    "width": 175,
    "height": 175,
    "score": {
      "detail": -7.39960175487119,
      "saturation": -2.547214054749724,
      "skin": -7.061117920984577,
      "boost": 0,
      "total": -0.00048829703918927
    }
  }
}
