{
  "topCrop": {
    "x": 0,
    "y": 0,
    "width": 219,
    "height": 219,
    "score": {
      "detail": 4.4486279820313905,
      "saturation": -8.320725351039497,
      "skin": 12.197448840506526,
      "boost": 109.7176615273348,
      "total": 0.35892620632285666
    }
  }
}
