{
  "topCrop": {
    "x": 0,
    "y": 0,
    "width": 175,
    "height": 175,
    "score": {
      "detail": 11.700067603614837,
      "saturation": 0.0495556513860474,
      "skin": 13.30484855466267,
      "boost": 150.26183477306316,
      "total": 0.49150978236476234
    }
  }
}
