{
  "topCrop": {
    "x": 0,
    "y": 20,
    "width": 219,
    "height": 219,
    "score": {
      "detail": 8.16748581731523,
      "saturation": -6.752959995265885,
      "skin": 26.588694771377817,
      "boost": 0,
      "total": 0.001549951338885334
    }
  }
}
