{
  "topCrop": {
    "x": 0,
    "y": 48,
    "width": 175,
    "height": 175,
    "score": {
      "detail": 38.66460904627992,
      "saturation": -7.6211072799623265,
      "skin": 13.043800816051974,
      "boost": 0,
      "total": 0.0009445038724623947
    }
  }
}
