{
  "topCrop": {
    "x": 0,
    "y": 16,
    "width": 175,
    "height": 175,
    "score": {
      "detail": 10.770486159986547,
      "saturation": -3.2780680228709147,
      "skin": 24.39081024774472,
      "boost": 0,
      "total": 0.001471808498647397
    }
  }
}
