{
  "topCrop": {
    "x": 0,
    "y": 8,
    "width": 175,
    "height": 175,
    "score": {
      "detail": 21.304474542999895,
      "saturation": -0.37588284821254137,
      "skin": 16.56826494084284,
      "boost": 0,
      "total": 0.0011092573697192923
    }
  }
}
