{
  "topCrop": {
    "x": 0,
    "y": 8,
    "width": 175,
    "height": 175,
    "score": {
      "detail": 3.869483079184247,
      "saturation": -10.136239533575774,
      "skin": 14.51847883567049,
      "boost": 0,
      "total": 0.0007793073195092572
    }
  }
}
