{
  "topCrop": {
    "x": 0,
    "y": 8,
    "width": 175,
    "height": 175,
    "score": {
      "detail": -0.7708334660760601,
      "saturation": 4.666699609878787,
      "skin": 15.803480029235725,
      "boost": 0,
      "total": 0.0009695381956693137
    }
  }
}
