{
  "topCrop": {
    "x": 0,
    "y": 8,
    "width": 175,
    "height": 175,
    "score": {
      "detail": 20.973113521225105,
      "saturation": 0.22846090336217803,
      "skin": 13.820881340909231,
      "boost": 0,
      "total": 0.0009515346086168257
    }
  }
}
