{
  "topCrop": {
    "x": 0,
    "y": 10,
    "width": 219,
    "height": 219,
    "score": {
      "detail": 18.930465561101908,
      "saturation": 0.649252468260354,
      "skin": 4.449200526841317,
      "boost": 0,
      "total": 0.00039149158533919535
    }
  }
}
