{
  "topCrop": {
    "x": 0,
    "y": 0,
    "width": 219,
    "height": 219,
    "score": {
      "detail": 3.522063891276109,
      "saturation": -8.07466971856085,
      "skin": 10.667048151882367,
      "boost": 0,
      "total": 0.0005708636256677626
    }
  }
}
