{
  "topCrop": {
    "x": 0,
    "y": 16,
    "width": 175,
    "height": 175,
    "score": {
      "detail": 10.764628277554163,
      "saturation": -3.2772818978276352,
      "skin": 24.358711682984183,
      "boost": 0,
      "total": 0.001469891334384786
    }
  }
}
