{
  "topCrop": {
    "x": 0,
    "y": 8,
    "width": 175,
    "height": 175,
    "score": {
      "detail": -0.7465015651045139,
      "saturation": 4.669513693522315,
      "skin": 15.810887692579033,
      "boost": 0,
      "total": 0.000970160053605814
    }
  }
}
