{
  "topCrop": {
    "x": 0,
    "y": 32,
    "width": 175,
    "height": 175,
    "score": {
      "detail": 13.771455549575291,
      "saturation": -2.577249485589638,
      "skin": 21.974008024132935,
      "boost": 152.71148516310745,
      "total": 0.5000059705148874
    }
  }
}
