{
  "topCrop": {
    "x": 0,
    "y": 0,
    "width": 175,
    "height": 175,
    "score": {
      "detail": -21.186742393054818,
      "saturation": -3.4797250048950708,
      "skin": -11.460277898135757,
      "boost": 95.59343857021719,
      "total": 0.3112958070473468
    }
  }
}
