{
  "topCrop": {
    "x": 0,
    "y": 40,
    "width": 175,
    "height": 175,
    "score": {
      "detail": 41.00378048727343,
      "saturation": -8.047551749999874,
      "skin": 11.80524803376254,
      "boost": 66.14428623966246,
      "total": 0.21686414893059505
    }
  }
}
