{
  "topCrop": {
    "x": 0,
    "y": 0,
    "width": 175,
    "height": 175,
    "score": {
      "detail": -16.229942166874075,
      "saturation": 4.844215609195117,
      "skin": 15.21188234971369,
      "boost": 221.80963178004745,
      "total": 0.7251118968974242
    }
  }
}
