{
  "topCrop": {
    "x": 0,
    "y": 0,
    "width": 178,
    "height": 178,
    "score": {
      "detail": -1.0779659830546615,
      "saturation": -0.46116843456579265,
      "skin": 7.557759196630578,
      "boost": 0,
      "total": 0.0004376411291767199
    }
  }
}
