{
  "topCrop": {
    "x": 0,
    "y": 8,
    "width": 175,
    "height": 175,
    "score": {
      "detail": 20.910319348419215,
      "saturation": 0.234061599554644,
      "skin": 13.834920530005752,
      "boost": 0,
      "total": 0.0009520045486876928
    }
  }
}
