{
  "topCrop": {
    "x": 0,
    "y": 0,
    "width": 175,
    "height": 175,
    "score": {
      "detail": 10.615749010593568,
      "saturation": -7.2547996460191255,
      "skin": 15.263251578130877,
      "boost": 186.41266022457918,
      "total": 0.6095897660475712
    }
  }
}
