{
  "topCrop": {
    "x": 0,
    "y": 0,
    "width": 175,
    "height": 175,
    "score": {
      "detail": -11.681539522177859,
      "saturation": -33.49456876593989,
      "skin": 24.065550651966827,
      "boost": 93.45449012889671,
      "total": 0.3061675861397222
    }
  }
}
