{
  "topCrop": {
    "x": 0,
    "y": 8,
    "width": 175,
    "height": 175,
    "score": {
      "detail": -7.303871166563658,
      "saturation": -2.551329641524796,
      "skin": -7.0256012463253,
      "boost": 0,
      "total": -0.00048562466511528846
    }
  }
}
