{
  "topCrop": {
    "x": 0,
    "y": 8,
    "width": 175,
    "height": 175,
    "score": {
      "detail": 3.785678707171481,
      "saturation": -10.075662252588893,
      "skin": 14.536914373537568,
      "boost": 0,
      "total": 0.0007804369938947022
    }
  }
}
