{
  "topCrop": {
    "x": 0,
    "y": 10,
    "width": 219,
    "height": 219,
    "score": {
      "detail": 18.90618799709854,
      "saturation": 0.6471958413499878,
      "skin": 4.4426252689333054,
      "boost": 0,
      "total": 0.00039092642729484587
    }
  }
}
