{
  "topCrop": {
    "x": 0,
    "y": 0,
    "width": 178,
    "height": 178,
    "score": {
      "detail": -1.0506582712236847,
      "saturation": -0.47561931099163146,
      "skin": 7.575644008250669,
      "boost": 0,
      "total": 0.0004387416358603837
    }
  }
}
