{
  "topCrop": {
    "x": 0,
    "y": 0,
    "width": 175,
    "height": 175,
    "score": {
      "detail": 10.350535742871651,
      "saturation": -0.18531571828232132,
      "skin": 15.329472943511696,
      "boost": 115.62358204154279,
      "total": 0.37851316793096135
    }
  }
}
