{
  "topCrop": {
    "x": 0,
    "y": 0,
    "width": 175,
    "height": 175,
    "score": {
      "detail": 11.744255276943319,
      "saturation": -5.865216206433353,
      "skin": 18.043674756576706,
      "boost": 123.50006767459452,
      "total": 0.4043452952886449
    }
  }
}
