{
  "topCrop": {
    "x": 0,
    "y": 16,
    "width": 175,
    "height": 175,
    "score": {
      "detail": -3.237162470001164,
      "saturation": -19.06482181956269,
      "skin": 23.18585205173869,
      "boost": 0,
      "total": 0.00115486219275953
    }
  }
}
