{
  "topCrop": {
    "x": 0,
    "y": 20,
    "width": 219,
    "height": 219,
    "score": {
      "detail": 8.328951968714359,
      "saturation": -6.761044316027132,
      "skin": 26.585626689801067,
      "boost": 0,
      "total": 0.0015507462903045438
    }
  }
}
