{
  "topCrop": {
    "x": 0,
    "y": 16,
    "width": 175,
    "height": 175,
    "score": {
      "detail": -6.645661096709975,
      "saturation": -15.69650869975772,
      "skin": 6.581573211847515,
      "boost": 0,
      "total": 0.0001896733698630601
    }
  }
}
