{
  "topCrop": {
    "x": 0,
    "y": 8,
    "width": 175,
    "height": 175,
    "score": {
      "detail": -0.33667233744901753,
      "saturation": 9.903414412486688,
      "skin": 20.63933520663262,
      "boost": 0,
      "total": 0.0013079018196961608
    }
  }
}
