{
  "topCrop": {
    "x": 48,
    "y": 0,
    "width": 119,
    "height": 119,
    "score": {
      "detail": 23.890384630140073,
      "saturation": -2.2758801287496886,
      "skin": 11.650232828359373,
      "boost": 0,
      "total": 0.0017700538082374112
    }
  }
}
