{
  "topCrop": {
    "x": 0,
    "y": 8,
    "width": 178,
    "height": 178,
    "score": {
      "detail": 4.038822017747377,
      "saturation": -0.2718894188995796,
      "skin": 10.061644667561149,
      "boost": 0,
      "total": 0.0006221811989526247
    }
  }
}
