{
  "topCrop": {
    "x": 0,
    "y": 16,
    "width": 175,
    "height": 175,
    "score": {
      "detail": 1.3265642903886348,
      "saturation": 3.52884862069014,
      "skin": 21.285296360892097,
      "boost": 329.40380460801174,
      "total": 1.076898545688002
    }
  }
}
