{
  "topCrop": {
    "x": 0,
    "y": 16,
    "width": 175,
    "height": 175,
    "score": {
      "detail": -6.682229656419428,
      "saturation": -15.661710269633618,
      "skin": 6.601746743907207,
      "boost": 0,
      "total": 0.00019096114699947766
    }
  }
}
