{
  "topCrop": {
    "x": 56,
    "y": 0,
    "width": 119,
    "height": 119,
    "score": {
      "detail": 23.7629480194921,
      "saturation": 0.853888618719619,
      "skin": 10.499541087652792,
      "boost": 98.32678955761665,
      "total": 0.6960374892951736
    }
  }
}
