{
  "topCrop": {
    "x": 0,
    "y": 0,
    "width": 178,
    "height": 178,
    "score": {
      "detail": -1.2611614800133573,
      "saturation": -5.912280461636976,
      "skin": 9.694038984755444,
      "boost": 0,
      "total": 0.0005094250805280102
    }
  }
}
