{
  "topCrop": {
    "x": 0,
    "y": 8,
    "width": 175,
    "height": 175,
    "score": {
      "detail": -0.39134438338782057,
      "saturation": 9.892297994788779,
      "skin": 20.616503996920752,
      "boost": 0,
      "total": 0.0013060939662438017
    }
  }
}
