{
  "topCrop": {
    "x": 0,
    "y": 0,
    "width": 191,
    "height": 191,
    "score": {
      "detail": -13.27484390530115,
      "saturation": 0,
      "skin": 0,
      "boost": 131.52273876746014,
      "total": 0.4293753112804883
    }
  }
}
