{
  "topCrop": {
    "x": 0,
    "y": 0,
    "width": 500,
    "height": 500,
    "score": {
      "detail": 12.807878525159989,
      "saturation": -4.767503295764843,
      "skin": 19.699390920163598,
      "boost": 146.74016212209324,
      "total": 0.48034633275369537
    }
  }
}
