{
  "topCrop": {
    "x": 0,
    "y": 32,
    "width": 175,
    "height": 175,
    "score": {
      "detail": 14.69596931308274,
      "saturation": 3.3243383302818046,
      "skin": 22.9049321377191,
      "boost": 0,
      "total": 0.0014747876966398521
    }
  }
}
