{
  "topCrop": {
    "x": 0,
    "y": 8,
    "width": 175,
    "height": 175,
    "score": {
      "detail": -0.33667233744901753,
      "saturation": 9.903414412486688,
      "skin": 20.63933520663262,
      "boost": 311.63479874531,
      "total": 1.0188909181309125
    }
  }
}
