{
  "topCrop": {
    "x": 48,
    "y": 0,
    "width": 119,
    "height": 119,
    "score": {
      "detail": 23.91709875303227,
      "saturation": -2.2879431388329396,
      "skin": 11.701841297047242,
      "boost": 0,
      "total": 0.0017767354808023168
    }
  }
}
