{
  "topCrop": {
    "x": 0,
    "y": 32,
    "width": 175,
    "height": 175,
    "score": {
      "detail": 14.725989448970305,
      "saturation": 3.320530674675939,
      "skin": 22.912973986326552,
      "boost": 0,
      "total": 0.0014754191107782739
    }
  }
}
