{
  "topCrop": {
    "x": 0,
    "y": 8,
    "width": 178,
    "height": 178,
    "score": {
      "detail": 4.010451416204594,
      "saturation": -0.27284056939833273,
      "skin": 10.059485947825268,
      "boost": 0,
      "total": 0.0006218560185793005
    }
  }
}
