{
  "topCrop": {
    "x": 0,
    "y": 0,
    "width": 400,
    "height": 400,
    "score": {
      "detail": 15.578815789878144,
      "saturation": 4.593909731232642,
      "skin": 28.874245806837944,
      "boost": 96.9834737939191,
      "total": 0.3185245700545817
    }
  }
}
