{
  "topCrop": {
    "x": 0,
    "y": 0,
    "width": 178,
    "height": 178,
    "score": {
      "detail": -1.2590210888926325,
      "saturation": -5.918271792830322,
      "skin": 9.702198530297709,
      "boost": 180.71353939373307,
      "total": 0.5973969682577691
    }
  }
}
