{
  "topCrop": {
    "x": 0,
    "y": 0,
    "width": 178,
    "height": 178,
    "score": {
      "detail": -12.82469635683463,
      "saturation": -0.43244665014988576,
      "skin": 10.984264902126577,
      "boost": 168.0038619478217,
      "total": 0.5554717663608001
    }
  }
}
