{
  "topCrop": {
    "x": 0,
    "y": 24,
    "width": 175,
    "height": 175,
    "score": {
      "detail": -0.46307100739644835,
      "saturation": -21.394727773116806,
      "skin": 18.79004876573117,
      "boost": 0,
      "total": 0.0008917895590172008
    }
  }
}
