{
  "topCrop": {
    "x": 0,
    "y": 0,
    "width": 175,
    "height": 175,
    "score": {
      "detail": 17.14007660922535,
      "saturation": 21.264015168757822,
      "skin": 4.489750899268144,
      "boost": 0,
      "total": 0.0005841231507315943
    }
  }
}
