{
  "topCrop": {
    "x": 0,
    "y": 0,
    "width": 178,
    "height": 178,
    "score": {
      "detail": 5.896435131000894,
      "saturation": 2.4661551536100617,
      "skin": 12.731409356017245,
      "boost": 284.20319065638444,
      "total": 0.93952816541325
    }
  }
}
