{
  "topCrop": {
    "x": 0,
    "y": 0,
    "width": 178,
    "height": 178,
    "score": {
      "detail": -34.62244558679072,
      "saturation": 2.5951214698539773,
      "skin": -2.363761049025869,
      "boost": 39.03656493642683,
      "total": 0.12859214463859275
    }
  }
}
