{
  "topCrop": {
    "x": 0,
    "y": 0,
    "width": 175,
    "height": 175,
    "score": {
      "detail": 3.428846859909994,
      "saturation": -7.150445153810546,
      "skin": 19.887318443897897,
      "boost": 0,
      "total": 0.0011212345804034302
    }
  }
}
