{
  "topCrop": {
    "x": 0,
    "y": 0,
    "width": 174,
    "height": 174,
    "score": {
      "detail": 0.09528466743875674,
      "saturation": 1.1544290777002137,
      "skin": 3.8097158014132595,
      "boost": 0,
      "total": 0.0002385676476199525
    }
  }
}
