{
  "topCrop": {
    "x": 0,
    "y": 10,
    "width": 219,
    "height": 219,
    "score": {
      "detail": 40.67903779420028,
      "saturation": 9.25625195529672,
      "skin": 16.269068343353414,
      "boost": 95.68680455501826,
      "total": 0.3137592640543769
    }
  }
}
