{
  "topCrop": {
    "x": 0,
    "y": 0,
    "width": 178,
    "height": 178,
    "score": {
      "detail": -16.872664491322386,
      "saturation": -5.874920735188688,
      "skin": 1.0015838465503435,
      "boost": 0,
      "total": -0.00011012545233949219
    }
  }
}
