{
  "topCrop": {
    "x": 0,
    "y": 20,
    "width": 219,
    "height": 219,
    "score": {
      "detail": -2.9840184309098814,
      "saturation": -1.0763907596029907,
      "skin": 13.827566716973315,
      "boost": 0,
      "total": 0.0007826905853547461
    }
  }
}
