{
  "topCrop": {
    "x": 0,
    "y": 0,
    "width": 178,
    "height": 178,
    "score": {
      "detail": 17.53585081822086,
      "saturation": -1.1594870065038343,
      "skin": 13.093037498133938,
      "boost": 0,
      "total": 0.0008827715536508824
    }
  }
}
