{
  "topCrop": {
    "x": 0,
    "y": 20,
    "width": 219,
    "height": 219,
    "score": {
      "detail": 28.461762066605132,
      "saturation": -0.4742221336720178,
      "skin": 21.460088094884053,
      "boost": 0,
      "total": 0.0014425549173554522
    }
  }
}
