{
  "topCrop": {
    "x": 0,
    "y": 8,
    "width": 175,
    "height": 175,
    "score": {
      "detail": 4.267512264892137,
      "saturation": -1.9253460562266118,
      "skin": 15.882009109380649,
      "boost": 0,
      "total": 0.0009424821235263873
    }
  }
}
