{
  "topCrop": {
    "x": 0,
    "y": 0,
    "width": 175,
    "height": 175,
    "score": {
      "detail": -1.2812837197258866,
      "saturation": -4.447141287830947,
      "skin": 21.134177555963912,
      "boost": 208.7594244409356,
      "total": 0.6828536674143346
    }
  }
}
