{
  "topCrop": {
    "x": 0,
    "y": 16,
    "width": 175,
    "height": 175,
    "score": {
      "detail": -6.942214537535948,
      "saturation": -4.924340120283218,
      "skin": 8.257082702906393,
      "boost": 0,
      "total": 0.00039173890356373396
    }
  }
}
