{
  "topCrop": {
    "x": 0,
    "y": 16,
    "width": 175,
    "height": 175,
    "score": {
      "detail": 7.412842268593971,
      "saturation": 2.4280431716934143,
      "skin": 15.14098632028649,
      "boost": 0,
      "total": 0.0009621145071589388
    }
  }
}
