{
  "topCrop": {
    "x": 0,
    "y": 0,
    "width": 178,
    "height": 178,
    "score": {
      "detail": -4.507800415667139,
      "saturation": -3.899355266425293,
      "skin": 6.570969221206717,
      "boost": 159.22232421418437,
      "total": 0.5262250230992717
    }
  }
}
