{
  "topCrop": {
    "x": 0,
    "y": 32,
    "width": 175,
    "height": 175,
    "score": {
      "detail": 16.9738397717961,
      "saturation": -13.03938362092944,
      "skin": 15.87488630594675,
      "boost": 189.56296954611508,
      "total": 0.6198972964189483
    }
  }
}
