{
  "topCrop": {
    "x": 0,
    "y": 0,
    "width": 175,
    "height": 175,
    "score": {
      "detail": -16.455614895442487,
      "saturation": 15.73272116758411,
      "skin": 0.6300059324510666,
      "boost": 110.81210100633193,
      "total": 0.36191911198964216
    }
  }
}
