{
  "topCrop": {
    "x": 0,
    "y": 20,
    "width": 219,
    "height": 219,
    "score": {
      "detail": 21.078964950460644,
      "saturation": -1.6377227571593136,
      "skin": 23.538768138235426,
      "boost": 0,
      "total": 0.001505118655078142
    }
  }
}
