{
  "topCrop": {
    "x": 0,
    "y": 8,
    "width": 175,
    "height": 175,
    "score": {
      "detail": 4.218574955628463,
      "saturation": -1.9696236065014923,
      "skin": 15.863905982309513,
      "boost": 0,
      "total": 0.0009406647731373835
    }
  }
}
