{
  "topCrop": {
    "x": 0,
    "y": 0,
    "width": 175,
    "height": 175,
    "score": {
      "detail": 3.320820988146125,
      "saturation": -7.15118698885946,
      "skin": 19.867550190412192,
      "boost": 0,
      "total": 0.0011193599491824764
    }
  }
}
