{
  "topCrop": {
    "x": 0,
    "y": 56,
    "width": 175,
    "height": 175,
    "score": {
      "detail": 20.659126967244124,
      "saturation": 1.7609332607627788,
      "skin": 13.357385515556127,
      "boost": 0,
      "total": 0.0009372538546833857
    }
  }
}
