{
  "topCrop": {
    "x": 0,
    "y": 30,
    "width": 219,
    "height": 219,
    "score": {
      "detail": 32.83338219491756,
      "saturation": 2.9450859832356158,
      "skin": 17.17636864216997,
      "boost": 0,
      "total": 0.001252821740077066
    }
  }
}
