{
  "topCrop": {
    "x": 0,
    "y": 0,
    "width": 178,
    "height": 178,
    "score": {
      "detail": -8.96081754166136,
      "saturation": -4.1230799808417995,
      "skin": 12.83301200348856,
      "boost": 0,
      "total": 0.0006629123432320848
    }
  }
}
