{
  "topCrop": {
    "x": 0,
    "y": 0,
    "width": 178,
    "height": 178,
    "score": {
      "detail": -34.6135849256712,
      "saturation": 2.598116376525948,
      "skin": -2.3378223099205275,
      "boost": 0,
      "total": -0.00034189992832717024
    }
  }
}
