{
  "topCrop": {
    "x": 0,
    "y": 0,
    "width": 175,
    "height": 175,
    "score": {
      "detail": 12.356152988936822,
      "saturation": 0.4091469234703865,
      "skin": 15.296311774638545,
      "boost": 0,
      "total": 0.0009837497426670322
    }
  }
}
