{
  "topCrop": {
    "x": 0,
    "y": 0,
    "width": 400,
    "height": 400,
    "score": {
      "detail": 2.9651206896492828,
      "saturation": -1.7335575231613982,
      "skin": 21.001751440977017,
      "boost": 135.93549349392407,
      "total": 0.44510777008545793
    }
  }
}
