{
  "topCrop": {
    "x": 0,
    "y": 10,
    "width": 219,
    "height": 219,
    "score": {
      "detail": 23.83060302985888,
      "saturation": 3.033269358815672,
      "skin": 34.4451509986348,
      "boost": 0,
      "total": 0.0022098734109766245
    }
  }
}
