{
  "topCrop": {
    "x": 0,
    "y": 8,
    "width": 175,
    "height": 175,
    "score": {
      "detail": -5.597905999994019,
      "saturation": -4.839891090000113,
      "skin": 12.568420434863937,
      "boost": 0,
      "total": 0.0006547463920246937
    }
  }
}
