{
  "topCrop": {
    "x": 0,
    "y": 10,
    "width": 219,
    "height": 219,
    "score": {
      "detail": 8.51025432362254,
      "saturation": -45.70734918115957,
      "skin": 22.451328589867867,
      "boost": 0,
      "total": 0.0009274200023555525
    }
  }
}
