{
  "topCrop": {
    "x": 0,
    "y": 10,
    "width": 219,
    "height": 219,
    "score": {
      "detail": 8.585183197665843,
      "saturation": -45.57165364588587,
      "skin": 22.46959438038326,
      "boost": 0,
      "total": 0.0009303121773210541
    }
  }
}
