{
  "topCrop": {
    "x": 0,
    "y": 20,
    "width": 219,
    "height": 219,
    "score": {
      "detail": -2.961061386297491,
      "saturation": -1.0275886791320663,
      "skin": 13.856864084103032,
      "boost": 0,
      "total": 0.0007850405378085335
    }
  }
}
