{
  "topCrop": {
    "x": 0,
    "y": 32,
    "width": 175,
    "height": 175,
    "score": {
      "detail": 7.7033554304626595,
      "saturation": -7.167404716207823,
      "skin": 30.527804070831525,
      "boost": 0,
      "total": 0.0017743835754686346
    }
  }
}
