{
  "topCrop": {
    "x": 0,
    "y": 0,
    "width": 175,
    "height": 175,
    "score": {
      "detail": -11.140905645429902,
      "saturation": -0.7049795899360741,
      "skin": 6.55088133795208,
      "boost": 208.0680319463736,
      "total": 0.6797111871359871
    }
  }
}
