{
  "topCrop": {
    "x": 0,
    "y": 0,
    "width": 175,
    "height": 175,
    "score": {
      "detail": 3.9194085886044805,
      "saturation": -1.1196041835845378,
      "skin": 5.8760002419691055,
      "boost": 121.60223698758452,
      "total": 0.3974285224377679
    }
  }
}
