{
  "topCrop": {
    "x": 0,
    "y": 24,
    "width": 175,
    "height": 175,
    "score": {
      "detail": 7.807245997337359,
      "saturation": 3.391597067029131,
      "skin": 10.299879333420659,
      "boost": 0,
      "total": 0.0006895905671749681
    }
  }
}
