{
  "topCrop": {
    "x": 0,
    "y": 0,
    "width": 175,
    "height": 175,
    "score": {
      "detail": -14.815980838750223,
      "saturation": -3.5100298117986193,
      "skin": 7.850947938975265,
      "boost": 182.17518862551321,
      "total": 0.5951880608564959
    }
  }
}
