{
  "topCrop": {
    "x": 0,
    "y": 8,
    "width": 175,
    "height": 175,
    "score": {
      "detail": 7.545257276809435,
      "saturation": -19.15256359259295,
      "skin": 17.80698272930106,
      "boost": 0,
      "total": 0.0009082726951943152
    }
  }
}
