{
  "topCrop": {
    "x": 0,
    "y": 0,
    "width": 400,
    "height": 400,
    "score": {
      "detail": 7.519039924208145,
      "saturation": -8.088043908559008,
      "skin": 15.418296823221938,
      "boost": 123.46991780638598,
      "total": 0.40404317093004644
    }
  }
}
