{
  "topCrop": {
    "x": 0,
    "y": 0,
    "width": 175,
    "height": 175,
    "score": {
      "detail": 7.703679544099598,
      "saturation": 1.8596896282892592,
      "skin": 22.629646564269407,
      "boost": 118.7273751118388,
      "total": 0.38907982098928556
    }
  }
}
