{
  "topCrop": {
    "x": 0,
    "y": 0,
    "width": 219,
    "height": 219,
    "score": {
      "detail": -13.95140852774503,
      "saturation": -14.13491844815063,
      "skin": 11.366469880413614,
      "boost": 117.10692970483332,
      "total": 0.38282846886622307
    }
  }
}
