{
  "topCrop": {
    "x": 0,
    "y": 0,
    "width": 175,
    "height": 175,
    "score": {
      "detail": -6.103121279776046,
      "saturation": -0.6272063510861949,
      "skin": 3.0874274777099493,
      "boost": 0,
      "total": 0.00013546394444397848
    }
  }
}
