{
  "topCrop": {
    "x": 0,
    "y": 8,
    "width": 175,
    "height": 175,
    "score": {
      "detail": -5.611080635859249,
      "saturation": -4.85981371944266,
      "skin": 12.542986463680972,
      "boost": 0,
      "total": 0.0006529702985019135
    }
  }
}
