{
  "topCrop": {
    "x": 0,
    "y": 24,
    "width": 178,
    "height": 178,
    "score": {
      "detail": 9.982633876307041,
      "saturation": 4.710746804597235,
      "skin": 8.705481839672968,
      "boost": 0,
      "total": 0.0006301895272840508
    }
  }
}
