{
  "topCrop": {
    "x": 0,
    "y": 16,
    "width": 178,
    "height": 178,
    "score": {
      "detail": 7.427402640354633,
      "saturation": 5.445193802451207,
      "skin": 7.180268144545216,
      "boost": 372.7179542407717,
      "total": 1.2315972699632105
    }
  }
}
