{
  "topCrop": {
    "x": 0,
    "y": 16,
    "width": 175,
    "height": 175,
    "score": {
      "detail": 7.427529480372005,
      "saturation": 2.4330548784716948,
      "skin": 15.088923478357225,
      "boost": 0,
      "total": 0.0009591994978174339
    }
  }
}
