{
  "topCrop": {
    "x": 0,
    "y": 0,
    "width": 219,
    "height": 219,
    "score": {
      "detail": 7.552311227733234,
      "saturation": -4.434962263487652,
      "skin": 26.755209812476263,
      "boost": 260.9989657452835,
      "total": 0.853819948596157
    }
  }
}
