{
  "topCrop": {
    "x": 0,
    "y": 19,
    "width": 210,
    "height": 210,
    "score": {
      "detail": 21.475995043023477,
      "saturation": -18.87245551908621,
      "skin": 27.74200423820933,
      "boost": 0,
      "total": 0.0015859288157275308
    }
  }
}
