{
  "topCrop": {
    "x": 0,
    "y": 32,
    "width": 175,
    "height": 175,
    "score": {
      "detail": 4.101457578809728,
      "saturation": 3.0612848756554594,
      "skin": 19.284077591077963,
      "boost": 0,
      "total": 0.0011902046250579239
    }
  }
}
