{
  "topCrop": {
    "x": 0,
    "y": 16,
    "width": 175,
    "height": 175,
    "score": {
      "detail": -7.11131199037423,
      "saturation": -6.347585712560826,
      "skin": 12.517388728802413,
      "boost": 157.61932911625692,
      "total": 0.515302454635941
    }
  }
}
