{
  "topCrop": {
    "x": 0,
    "y": 10,
    "width": 219,
    "height": 219,
    "score": {
      "detail": 31.69638128027388,
      "saturation": -2.0468017284007938,
      "skin": 27.150179003591592,
      "boost": 0,
      "total": 0.0017827120961305927
    }
  }
}
