{
  "topCrop": {
    "x": 0,
    "y": 0,
    "width": 175,
    "height": 175,
    "score": {
      "detail": 18.885846201863583,
      "saturation": 4.765618594305567,
      "skin": 21.80290059785043,
      "boost": 0,
      "total": 0.0014514963557484134
    }
  }
}
