{
  "topCrop": {
    "x": 0,
    "y": 20,
    "width": 219,
    "height": 219,
    "score": {
      "detail": 8.98941543262146,
      "saturation": -46.52749346997832,
      "skin": 21.275812903805367,
      "boost": 218.28213006776988,
      "total": 0.7136113993485508
    }
  }
}
