{
  "topCrop": {
    "x": 0,
    "y": 10,
    "width": 219,
    "height": 219,
    "score": {
      "detail": 22.4636938501655,
      "saturation": 3.972689951932126,
      "skin": 12.939274307281403,
      "boost": 0,
      "total": 0.0009461302696724658
    }
  }
}
