{
  "topCrop": {
    "x": 0,
    "y": 0,
    "width": 175,
    "height": 175,
    "score": {
      "detail": 18.91258493295633,
      "saturation": 4.773143485256275,
      "skin": 21.784579536212274,
      "boost": 0,
      "total": 0.001450667859505314
    }
  }
}
