{
  "topCrop": {
    "x": 0,
    "y": 24,
    "width": 175,
    "height": 175,
    "score": {
      "detail": 20.838367924454978,
      "saturation": -12.672166038597753,
      "skin": 17.906873932218524,
      "boost": 0,
      "total": 0.0010644374482058781
    }
  }
}
