{
  "topCrop": {
    "x": 0,
    "y": 0,
    "width": 174,
    "height": 174,
    "score": {
      "detail": 0.11874528849741739,
      "saturation": 1.1572628061607615,
      "skin": 3.8136568585404826,
      "boost": 47.867731841256976,
      "total": 0.15834352934240384
    }
  }
}
