{
  "topCrop": {
    "x": 0,
    "y": 10,
    "width": 219,
    "height": 219,
    "score": {
      "detail": 16.259716694430534,
      "saturation": -36.159337652009754,
      "skin": 7.5041965632530605,
      "boost": 0,
      "total": 0.00019303496676371235
    }
  }
}
