{
  "topCrop": {
    "x": 0,
    "y": 0,
    "width": 175,
    "height": 175,
    "score": {
      "detail": 17.146763402840925,
      "saturation": 21.282341976209107,
      "skin": 4.486862831177821,
      "boost": 0,
      "total": 0.0005841765998220734
    }
  }
}
