{
  "topCrop": {
    "x": 0,
    "y": 20,
    "width": 219,
    "height": 219,
    "score": {
      "detail": 26.86343192470985,
      "saturation": -3.45847814108305,
      "skin": 19.55118184185968,
      "boost": 0,
      "total": 0.0012906863757702687
    }
  }
}
