{
  "topCrop": {
    "x": 0,
    "y": 8,
    "width": 178,
    "height": 178,
    "score": {
      "detail": 3.7146111005570943,
      "saturation": 1.1191135313718878,
      "skin": 8.35420672710178,
      "boost": 0,
      "total": 0.0005323103576531309
    }
  }
}
