{
  "topCrop": {
    "x": 0,
    "y": 24,
    "width": 175,
    "height": 175,
    "score": {
      "detail": 14.5555211140839,
      "saturation": 3.979010701527346,
      "skin": 18.975930728501968,
      "boost": 0,
      "total": 0.0012493545385984827
    }
  }
}
