{
  "topCrop": {
    "x": 0,
    "y": 40,
    "width": 175,
    "height": 175,
    "score": {
      "detail": 19.4286259750951,
      "saturation": 3.1876501351184032,
      "skin": 9.089439942222452,
      "boost": 163.630829532197,
      "total": 0.5349970927461635
    }
  }
}
