{
  "topCrop": {
    "x": 0,
    "y": 0,
    "width": 219,
    "height": 219,
    "score": {
      "detail": 9.836035212863079,
      "saturation": -7.525085645276441,
      "skin": 25.394573749953963,
      "boost": 0,
      "total": 0.0014830992358826716
    }
  }
}
