{
  "topCrop": {
    "x": 0,
    "y": 40,
    "width": 219,
    "height": 219,
    "score": {
      "detail": 6.294139287750488,
      "saturation": 0.15119670646546288,
      "skin": 16.391877046920353,
      "boost": 0,
      "total": 0.0010060266303329429
    }
  }
}
