{
  "topCrop": {
    "x": 0,
    "y": 0,
    "width": 175,
    "height": 175,
    "score": {
      "detail": 11.62118523035809,
      "saturation": 3.293142379779556,
      "skin": 12.28659997046801,
      "boost": 131.71273223517713,
      "total": 0.4309126949624347
    }
  }
}
