{
  "topCrop": {
    "x": 0,
    "y": 32,
    "width": 175,
    "height": 175,
    "score": {
      "detail": 3.9697278460972654,
      "saturation": 3.06999802356676,
      "skin": 19.20819512171223,
      "boost": 0,
      "total": 0.0011849696716855998
    }
  }
}
