{
  "topCrop": {
    "x": 0,
    "y": 30,
    "width": 219,
    "height": 219,
    "score": {
      "detail": 13.900437306902775,
      "saturation": 6.482143962655269,
      "skin": 28.759119422522037,
      "boost": 0,
      "total": 0.001844608836268304
    }
  }
}
