{
  "topCrop": {
    "x": 0,
    "y": 0,
    "width": 178,
    "height": 178,
    "score": {
      "detail": -11.062268087216966,
      "saturation": -0.8684659525704881,
      "skin": 9.600841162179881,
      "boost": 172.4070395787941,
      "total": 0.5699402985390447
    }
  }
}
