{
  "topCrop": {
    "x": 0,
    "y": 16,
    "width": 175,
    "height": 175,
    "score": {
      "detail": 27.005091412057936,
      "saturation": 5.172110603562399,
      "skin": 9.532301237722452,
      "boost": 0,
      "total": 0.000787291222575697
    }
  }
}
