{
  "topCrop": {
    "x": 0,
    "y": 20,
    "width": 219,
    "height": 219,
    "score": {
      "detail": 26.882215801706216,
      "saturation": -3.3145117646546742,
      "skin": 19.543923463711035,
      "boost": 0,
      "total": 0.0012917927139795824
    }
  }
}
