{
  "topCrop": {
    "x": 0,
    "y": 10,
    "width": 219,
    "height": 219,
    "score": {
      "detail": 31.690502223274223,
      "saturation": -2.029539762901007,
      "skin": 27.103002494594126,
      "boost": 0,
      "total": 0.0017800699757078845
    }
  }
}
