{
  "topCrop": {
    "x": 0,
    "y": 40,
    "width": 219,
    "height": 219,
    "score": {
      "detail": 13.756417203051862,
      "saturation": -6.661623586731953,
      "skin": 28.582615482075948,
      "boost": 0,
      "total": 0.0017045389137086528
    }
  }
}
