{
  "topCrop": {
    "x": 0,
    "y": 16,
    "width": 175,
    "height": 175,
    "score": {
      "detail": 17.448887286708175,
      "saturation": -3.629018140115173,
      "skin": 23.232133500750653,
      "boost": 0,
      "total": 0.0014438828511561881
    }
  }
}
