{
  "topCrop": {
    "x": 0,
    "y": 0,
    "width": 175,
    "height": 175,
    "score": {
      "detail": -6.070548779153273,
      "saturation": -0.6403069373991936,
      "skin": 3.092343222856446,
      "boost": 0,
      "total": 0.0001358372559703246
    }
  }
}
