{
  "topCrop": {
    "x": 0,
    "y": 10,
    "width": 219,
    "height": 219,
    "score": {
      "detail": 22.346425547946513,
      "saturation": 3.9541523524878346,
      "skin": 12.770293194576661,
      "boost": 0,
      "total": 0.0009352508919370986
    }
  }
}
