{
  "topCrop": {
    "x": 0,
    "y": 8,
    "width": 175,
    "height": 175,
    "score": {
      "detail": 25.245144301462226,
      "saturation": 0.05735729512321577,
      "skin": 18.26537667539526,
      "boost": 0,
      "total": 0.0012389849490462327
    }
  }
}
