{
  "topCrop": {
    "x": 0,
    "y": 0,
    "width": 175,
    "height": 175,
    "score": {
      "detail": -19.220662666512712,
      "saturation": 1.6418742274796394,
      "skin": 9.932494209758328,
      "boost": 145.91979943402077,
      "total": 0.4769471628641496
    }
  }
}
