{
  "topCrop": {
    "x": 0,
    "y": 32,
    "width": 175,
    "height": 175,
    "score": {
      "detail": 13.839781445741556,
      "saturation": -6.053653253672819,
      "skin": 15.048176946600691,
      "boost": 0,
      "total": 0.0009155454307568233
    }
  }
}
