{
  "topCrop": {
    "x": 0,
    "y": 20,
    "width": 219,
    "height": 219,
    "score": {
      "detail": 24.518807924530137,
      "saturation": -3.50538902102319,
      "skin": 27.77837966511551,
      "boost": 0,
      "total": 0.0017584727600263505
    }
  }
}
