{
  "topCrop": {
    "x": 0,
    "y": 40,
    "width": 219,
    "height": 219,
    "score": {
      "detail": 26.65638859320085,
      "saturation": -0.31804952511895923,
      "skin": 19.589532141464804,
      "boost": 0,
      "total": 0.001322351696840527
    }
  }
}
