{
  "topCrop": {
    "x": 0,
    "y": 8,
    "width": 175,
    "height": 175,
    "score": {
      "detail": 14.330911416368515,
      "saturation": -6.327683733054541,
      "skin": 27.005006455545857,
      "boost": 196.07426663472236,
      "total": 0.6418613404818148
    }
  }
}
