{
  "topCrop": {
    "x": 0,
    "y": 0,
    "width": 175,
    "height": 175,
    "score": {
      "detail": -3.2628435593032594,
      "saturation": -19.508162964086303,
      "skin": 17.666970073662547,
      "boost": 115.52124921576619,
      "total": 0.37803821877904076
    }
  }
}
