{
  "topCrop": {
    "x": 0,
    "y": 0,
    "width": 219,
    "height": 219,
    "score": {
      "detail": -11.805244067474609,
      "saturation": 2.962789566952246,
      "skin": 30.49932174961429,
      "boost": 0,
      "total": 0.0017445409699884562
    }
  }
}
