{
  "topCrop": {
    "x": 0,
    "y": 19,
    "width": 210,
    "height": 210,
    "score": {
      "detail": 21.59443883292646,
      "saturation": -18.900368357791013,
      "skin": 27.822207617527866,
      "boost": 0,
      "total": 0.0015911428888423884
    }
  }
}
