{
  "topCrop": {
    "x": 0,
    "y": 8,
    "width": 175,
    "height": 175,
    "score": {
      "detail": 7.490861597926843,
      "saturation": -19.155510517375905,
      "skin": 17.80946346123921,
      "boost": 0,
      "total": 0.0009080343965584713
    }
  }
}
