{
  "topCrop": {
    "x": 0,
    "y": 48,
    "width": 175,
    "height": 175,
    "score": {
      "detail": 26.843227187807184,
      "saturation": 1.8972074125564347,
      "skin": 24.32519435335466,
      "boost": 0,
      "total": 0.0016236133060364658
    }
  }
}
