{
  "topCrop": {
    "x": 0,
    "y": 0,
    "width": 333,
    "height": 333,
    "score": {
      "detail": -10.4500674205489,
      "saturation": -9.451520619129356,
      "skin": 13.036707437409328,
      "boost": 110.19662153169413,
      "total": 0.36043111042896003
    }
  }
}
