{
  "topCrop": {
    "x": 0,
    "y": 8,
    "width": 175,
    "height": 175,
    "score": {
      "detail": 25.210489611613593,
      "saturation": 0.06050607634748866,
      "skin": 18.2179860064454,
      "boost": 0,
      "total": 0.0012360040671617531
    }
  }
}
