{
  "topCrop": {
    "x": 0,
    "y": 0,
    "width": 178,
    "height": 178,
    "score": {
      "detail": -9.031291328027386,
      "saturation": -4.129967742412362,
      "skin": 12.809843501768373,
      "boost": 0,
      "total": 0.0006610011135834948
    }
  }
}
