{
  "topCrop": {
    "x": 0,
    "y": 24,
    "width": 178,
    "height": 178,
    "score": {
      "detail": 10.007011099502966,
      "saturation": 4.734770651402013,
      "skin": 8.701040859327495,
      "boost": 0,
      "total": 0.0006303245792743655
    }
  }
}
