{
  "topCrop": {
    "x": 0,
    "y": 40,
    "width": 219,
    "height": 219,
    "score": {
      "detail": 6.397041263923695,
      "saturation": 0.11624427974581926,
      "skin": 16.471411589745347,
      "boost": 0,
      "total": 0.0010110309354530648
    }
  }
}
