{
  "topCrop": {
    "x": 0,
    "y": 0,
    "width": 219,
    "height": 219,
    "score": {
      "detail": 16.961198598848373,
      "saturation": -2.2890757683899197,
      "skin": 13.726879869901316,
      "boost": 0,
      "total": 0.0008951477797575532
    }
  }
}
