{
  "topCrop": {
    "x": 0,
    "y": 0,
    "width": 175,
    "height": 175,
    "score": {
      "detail": 3.82144010980198,
      "saturation": 0.43282133333653455,
      "skin": 15.962048809848406,
      "boost": 101.31623377910846,
      "total": 0.3317958922511195
    }
  }
}
