{
  "topCrop": {
    "x": 0,
    "y": 0,
    "width": 219,
    "height": 219,
    "score": {
      "detail": 9.742218356268559,
      "saturation": -7.60036585421189,
      "skin": 25.31990329832723,
      "boost": 0,
      "total": 0.0014773603216972787
    }
  }
}
