{
  "topCrop": {
    "x": 0,
    "y": 0,
    "width": 219,
    "height": 219,
    "score": {
      "detail": -11.657341503017587,
      "saturation": 2.963814664982622,
      "skin": 30.511622321103136,
      "boost": 0,
      "total": 0.001746239878428634
    }
  }
}
