{
  "topCrop": {
    "x": 0,
    "y": 0,
    "width": 175,
    "height": 175,
    "score": {
      "detail": 12.42238502670493,
      "saturation": 0.39329101915793624,
      "skin": 15.30541495017993,
      "boost": 0,
      "total": 0.0009845619990665221
    }
  }
}
