{
  "topCrop": {
    "x": 0,
    "y": 0,
    "width": 178,
    "height": 178,
    "score": {
      "detail": 17.51524475919576,
      "saturation": -1.1512316770314792,
      "skin": 13.0902223218713,
      "boost": 0,
      "total": 0.0008825498622043218
    }
  }
}
