{
  "topCrop": {
    "x": 0,
    "y": 0,
    "width": 175,
    "height": 175,
    "score": {
      "detail": 2.310555461098366,
      "saturation": -21.235883786218775,
      "skin": 22.917493022561725,
      "boost": 130.7575087434869,
      "total": 0.42811734555904185
    }
  }
}
