{
  "topCrop": {
    "x": 0,
    "y": 0,
    "width": 175,
    "height": 175,
    "score": {
      "detail": 24.55232207364916,
      "saturation": 0.018155898072988817,
      "skin": 16.32773838815829,
      "boost": 0,
      "total": 0.0011201907031130334
    }
  }
}
