{
  "topCrop": {
    "x": 0,
    "y": 10,
    "width": 219,
    "height": 219,
    "score": {
      "detail": 16.165127062951864,
      "saturation": 0.05449181566641056,
      "skin": 19.286654377987137,
      "boost": 0,
      "total": 0.0012396849253115802
    }
  }
}
