{
  "topCrop": {
    "x": 0,
    "y": 0,
    "width": 175,
    "height": 175,
    "score": {
      "detail": -0.9338722591279155,
      "saturation": -6.6581416249520995,
      "skin": 15.059357956088174,
      "boost": 114.76371547370397,
      "total": 0.3755524628490463
    }
  }
}
