{
  "topCrop": {
    "x": 0,
    "y": 0,
    "width": 219,
    "height": 219,
    "score": {
      "detail": 42.00722843191917,
      "saturation": 39.36230224126652,
      "skin": 23.607949031528452,
      "boost": 0,
      "total": 0.0020474920690780407
    }
  }
}
