{
  "topCrop": {
    "x": 0,
    "y": 8,
    "width": 175,
    "height": 175,
    "score": {
      "detail": 8.471496754948616,
      "saturation": 6.791015392653546,
      "skin": 19.774861962369155,
      "boost": 0,
      "total": 0.0012841258939118457
    }
  }
}
