{
  "topCrop": {
    "x": 0,
    "y": 40,
    "width": 219,
    "height": 219,
    "score": {
      "detail": 26.76323851925364,
      "saturation": -0.33481428843578,
      "skin": 19.542020155109416,
      "boost": 0,
      "total": 0.001320092724784227
    }
  }
}
