{
  "topCrop": {
    "x": 0,
    "y": 24,
    "width": 175,
    "height": 175,
    "score": {
      "detail": 6.047996027292519,
      "saturation": -19.133025767115218,
      "skin": 25.184592171303517,
      "boost": 0,
      "total": 0.0013323088125280088
    }
  }
}
