{
  "topCrop": {
    "x": 0,
    "y": 30,
    "width": 219,
    "height": 219,
    "score": {
      "detail": 13.701824022403638,
      "saturation": 6.456950681364357,
      "skin": 28.66058997943579,
      "boost": 0,
      "total": 0.0018372738603061047
    }
  }
}
