{
  "topCrop": {
    "x": 0,
    "y": 8,
    "width": 178,
    "height": 178,
    "score": {
      "detail": 3.7957428799764084,
      "saturation": 1.1260330323560914,
      "skin": 8.39002389883998,
      "boost": 0,
      "total": 0.00053504430914302
    }
  }
}
