{
  "topCrop": {
    "x": 0,
    "y": 40,
    "width": 219,
    "height": 219,
    "score": {
      "detail": 13.84067043479785,
      "saturation": -6.647285499439469,
      "skin": 28.601171239508115,
      "boost": 0,
      "total": 0.0017063202177385252
    }
  }
}
