{
  "topCrop": {
    "x": 0,
    "y": 0,
    "width": 219,
    "height": 219,
    "score": {
      "detail": -11.988918799464887,
      "saturation": -2.8211253712523607,
      "skin": 24.49215937018979,
      "boost": 229.80198889262726,
      "total": 0.751707449951275
    }
  }
}
