{
  "topCrop": {
    "x": 0,
    "y": 32,
    "width": 175,
    "height": 175,
    "score": {
      "detail": 10.699203739614626,
      "saturation": -3.0697565479122138,
      "skin": 16.398339861842388,
      "boost": 0,
      "total": 0.0010036220582813244
    }
  }
}
