{
  "topCrop": {
    "x": 0,
    "y": 0,
    "width": 175,
    "height": 175,
    "score": {
      "detail": -20.729367672384434,
      "saturation": -5.349428012320847,
      "skin": 6.9281246531361305,
      "boost": 329.54769133898156,
      "total": 1.0762935202068775
    }
  }
}
