{
  "topCrop": {
    "x": 0,
    "y": 8,
    "width": 175,
    "height": 175,
    "score": {
      "detail": -13.20415751399651,
      "saturation": -4.237213985620735,
      "skin": 12.362897272686729,
      "boost": 99.6918447575359,
      "total": 0.3261232880047654
    }
  }
}
