{
  "topCrop": {
    "x": 0,
    "y": 8,
    "width": 175,
    "height": 175,
    "score": {
      "detail": 22.188536911590408,
      "saturation": -16.925082722486106,
      "skin": 27.73456022131549,
      "boost": 270.8640771573585,
      "total": 0.8860633504228503
    }
  }
}
