{
  "topCrop": {
    "x": 0,
    "y": 16,
    "width": 175,
    "height": 175,
    "score": {
      "detail": 17.5090390916878,
      "saturation": -3.6159140393240805,
      "skin": 23.261043314858966,
      "boost": 0,
      "total": 0.001446103235046089
    }
  }
}
