{
  "topCrop": {
    "x": 0,
    "y": 8,
    "width": 175,
    "height": 175,
    "score": {
      "detail": -5.275482097643316,
      "saturation": -6.493997797568886,
      "skin": 14.620144926559483,
      "boost": 131.78177496826538,
      "total": 0.43106907630809943
    }
  }
}
