{
  "topCrop": {
    "x": 0,
    "y": 48,
    "width": 175,
    "height": 175,
    "score": {
      "detail": 26.782283312393854,
      "saturation": 1.8763149340858025,
      "skin": 24.302237182732494,
      "boost": 0,
      "total": 0.0016216613247876897
    }
  }
}
