{
  "topCrop": {
    "x": 0,
    "y": 30,
    "width": 219,
    "height": 219,
    "score": {
      "detail": 32.84833578822352,
      "saturation": 3.0102478575513913,
      "skin": 17.206421401508614,
      "boost": 0,
      "total": 0.0012553240828612451
    }
  }
}
