{
  "topCrop": {
    "x": 0,
    "y": 16,
    "width": 175,
    "height": 175,
    "score": {
      "detail": 4.585378307313338,
      "saturation": -27.438433418205378,
      "skin": 9.486669271541027,
      "boost": 75.98332744374125,
      "total": 0.2484275688064947
    }
  }
}
