{
  "topCrop": {
    "x": 0,
    "y": 8,
    "width": 175,
    "height": 175,
    "score": {
      "detail": 11.290930403356056,
      "saturation": 10.391884467326348,
      "skin": 21.534437736656418,
      "boost": 0,
      "total": 0.001441232305203287
    }
  }
}
