{
  "topCrop": {
    "x": 0,
    "y": 0,
    "width": 175,
    "height": 175,
    "score": {
      "detail": 24.534543236644655,
      "saturation": 0.014648508001977551,
      "skin": 16.35406862261856,
      "boost": 0,
      "total": 0.0011215878112797691
    }
  }
}
