{
  "topCrop": {
    "x": 0,
    "y": 24,
    "width": 175,
    "height": 175,
    "score": {
      "detail": 7.922532325846504,
      "saturation": 3.415528920613523,
      "skin": 10.34563099920276,
      "boost": 0,
      "total": 0.0006932669694667209
    }
  }
}
