{
  "topCrop": {
    "x": 0,
    "y": 24,
    "width": 175,
    "height": 175,
    "score": {
      "detail": -0.4487927416907891,
      "saturation": -21.347328883593278,
      "skin": 18.781759081030778,
      "boost": 0,
      "total": 0.0008918598900388328
    }
  }
}
