{
  "topCrop": {
    "x": 0,
    "y": 20,
    "width": 219,
    "height": 219,
    "score": {
      "detail": -1.6925128417949853,
      "saturation": -1.8925268351170568,
      "skin": 14.008408972935161,
      "boost": 223.58073786342368,
      "total": 0.7308533114081552
    }
  }
}
