{
  "topCrop": {
    "x": 0,
    "y": 0,
    "width": 178,
    "height": 178,
    "score": {
      "detail": -5.462696114290411,
      "saturation": 14.631773944310881,
      "skin": 0.5393344385774091,
      "boost": 107.23808937373133,
      "total": 0.35434260577100696
    }
  }
}
