{
  "topCrop": {
    "x": 0,
    "y": 16,
    "width": 175,
    "height": 175,
    "score": {
      "detail": -6.883648796846527,
      "saturation": -4.933733092886442,
      "skin": 8.25544510165177,
      "boost": 0,
      "total": 0.0003919331100649126
    }
  }
}
