{
  "topCrop": {
    "x": 0,
    "y": 32,
    "width": 175,
    "height": 175,
    "score": {
      "detail": 10.648087498078151,
      "saturation": -3.08017218909355,
      "skin": 16.438869582489147,
      "boost": 0,
      "total": 0.0010055683621671193
    }
  }
}
