{
  "topCrop": {
    "x": 0,
    "y": 20,
    "width": 219,
    "height": 219,
    "score": {
      "detail": 21.0538584131189,
      "saturation": -1.6211448382857965,
      "skin": 23.571411572208774,
      "boost": 0,
      "total": 0.0015070357244445333
    }
  }
}
