{
  "topCrop": {
    "x": 0,
    "y": 8,
    "width": 175,
    "height": 175,
    "score": {
      "detail": 11.28453136758376,
      "saturation": 10.38489402339288,
      "skin": 21.535141695668486,
      "boost": 0,
      "total": 0.0014411634133138904
    }
  }
}
