{
  "topCrop": {
    "x": 0,
    "y": 8,
    "width": 175,
    "height": 175,
    "score": {
      "detail": 8.536946976282755,
      "saturation": 6.77405584047122,
      "skin": 19.78329430662471,
      "boost": 0,
      "total": 0.0012848828048758333
    }
  }
}
