{
  "topCrop": {
    "x": 0,
    "y": 10,
    "width": 219,
    "height": 219,
    "score": {
      "detail": 17.662684351464943,
      "saturation": -3.9226819542466633,
      "skin": 26.62617455569341,
      "boost": 0,
      "total": 0.0016418888647923959
    }
  }
}
