{
  "topCrop": {
    "x": 0,
    "y": 0,
    "width": 175,
    "height": 175,
    "score": {
      "detail": 9.909018059970718,
      "saturation": -17.911463608063194,
      "skin": 22.048847202472505,
      "boost": 173.8027798140146,
      "total": 0.5687044659884241
    }
  }
}
