{
  "topCrop": {
    "x": 0,
    "y": 0,
    "width": 178,
    "height": 178,
    "score": {
      "detail": -16.88491664768403,
      "saturation": -5.872336998489996,
      "skin": 1.0644078189246724,
      "boost": 0,
      "total": -0.0001064457112901108
    }
  }
}
