{
  "topCrop": {
    "x": 0,
    "y": 24,
    "width": 175,
    "height": 175,
    "score": {
      "detail": 5.974127533100144,
      "saturation": -19.14652054396669,
      "skin": 25.176974854114004,
      "boost": 0,
      "total": 0.0013312465005987013
    }
  }
}
