{
  "topCrop": {
    "x": 0,
    "y": 0,
    "width": 175,
    "height": 175,
    "score": {
      "detail": 1.8363110298190537,
      "saturation": -0.7103789593627318,
      "skin": 18.113550894352542,
      "boost": 99.3541872578446,
      "total": 0.32549150256040654
    }
  }
}
