{
  "topCrop": {
    "x": 0,
    "y": 10,
    "width": 219,
    "height": 219,
    "score": {
      "detail": 23.90432854989361,
      "saturation": 3.04457966344475,
      "skin": 34.53717342151026,
      "boost": 0,
      "total": 0.0022158743434361017
    }
  }
}
