{
  "topCrop": {
    "x": 0,
    "y": 56,
    "width": 175,
    "height": 175,
    "score": {
      "detail": 20.649179467380485,
      "saturation": 1.744784417462139,
      "skin": 13.381741571076379,
      "boost": 0,
      "total": 0.0009384622382580317
    }
  }
}
