{
  "topCrop": {
    "x": 0,
    "y": 0,
    "width": 219,
    "height": 219,
    "score": {
      "detail": 16.758227887139213,
      "saturation": -2.3106987358125144,
      "skin": 13.692263249932441,
      "boost": 0,
      "total": 0.0008915758304183668
    }
  }
}
