{
  "topCrop": {
    "x": 0,
    "y": 16,
    "width": 175,
    "height": 175,
    "score": {
      "detail": 26.95168571531761,
      "saturation": 5.240806958515498,
      "skin": 9.534887492504913,
      "boost": 0,
      "total": 0.0007877674030082291
    }
  }
}
