{
  "topCrop": {
    "x": 0,
    "y": 24,
    "width": 175,
    "height": 175,
    "score": {
      "detail": 14.639703223600407,
      "saturation": 3.9641784569753913,
      "skin": 19.000073717342524,
      "boost": 0,
      "total": 0.001251178020343812
    }
  }
}
