{
  "topCrop": {
    "x": 0,
    "y": 0,
    "width": 178,
    "height": 178,
    "score": {
      "detail": -4.5738872094667435,
      "saturation": -3.8943078907631947,
      "skin": 6.5738780164731105,
      "boost": 0,
      "total": 0.00032203430507759585
    }
  }
}
