{
  "topCrop": {
    "x": 0,
    "y": 8,
    "width": 175,
    "height": 175,
    "score": {
      "detail": 13.408704464696713,
      "saturation": -2.392381391809971,
      "skin": 20.98862384216837,
      "boost": 0,
      "total": 0.0012977485515526341
    }
  }
}
