{
  "topCrop": {
    "x": 0,
    "y": 0,
    "width": 175,
    "height": 175,
    "score": {
      "detail": 11.326352279106029,
      "saturation": 0.051211018172151214,
      "skin": 15.09672965701151,
      "boost": 281.6774665601086,
      "total": 0.9207249437764817
    }
  }
}
