{
  "topCrop": {
    "x": 0,
    "y": 8,
    "width": 178,
    "height": 178,
    "score": {
      "detail": -6.610354379986643,
      "saturation": -9.843150687305311,
      "skin": 2.3399919368743314,
      "boost": 0,
      "total": -0.0000020818666869839346
    }
  }
}
