{
  "topCrop": {
    "x": 0,
    "y": 8,
    "width": 175,
    "height": 175,
    "score": {
      "detail": 21.653323125874756,
      "saturation": 0.07572767473796022,
      "skin": 15.738822495957558,
      "boost": 0,
      "total": 0.001067208601479835
    }
  }
}
