{
  "topCrop": {
    "x": 0,
    "y": 0,
    "width": 178,
    "height": 178,
    "score": {
      "detail": -5.875246523019555,
      "saturation": -8.192899975289597,
      "skin": 10.785454674683955,
      "boost": 0,
      "total": 0.0005212346121429625
    }
  }
}
