{
  "topCrop": {
    "x": 0,
    "y": 8,
    "width": 178,
    "height": 178,
    "score": {
      "detail": -3.840201240863635,
      "saturation": -19.554084669416387,
      "skin": 5.532675444032519,
      "boost": 0,
      "total": 0.00010980810378718757
    }
  }
}
