{
  "topCrop": {
    "x": 0,
    "y": 0,
    "width": 178,
    "height": 178,
    "score": {
      "detail": -5.857428603355605,
      "saturation": -8.187320011103383,
      "skin": 10.757958282380928,
      "boost": 144.78527403904945,
      "total": 0.4787377476248259
    }
  }
}
