{
  "topCrop": {
    "x": 0,
    "y": 8,
    "width": 175,
    "height": 175,
    "score": {
      "detail": 43.12016594910097,
      "saturation": 0.0021423973877944804,
      "skin": 14.731661658487715,
      "boost": 0,
      "total": 0.001147483000630675
    }
  }
}
