{
  "topCrop": {
    "x": 0,
    "y": 8,
    "width": 178,
    "height": 178,
    "score": {
      "detail": 8.077627346361954,
      "saturation": 0.41361100409219176,
      "skin": 14.38094151309,
      "boost": 0,
      "total": 0.000912448919740456
    }
  }
}
