{
  "topCrop": {
    "x": 0,
    "y": 24,
    "width": 175,
    "height": 175,
    "score": {
      "detail": 15.057375108757137,
      "saturation": 2.649359848670611,
      "skin": 19.87273259805927,
      "boost": 0,
      "total": 0.0012923167886647934
    }
  }
}
