{
  "topCrop": {
    "x": 0,
    "y": 0,
    "width": 175,
    "height": 175,
    "score": {
      "detail": -5.49124418819079,
      "saturation": -2.4823234794636764,
      "skin": 20.443110048353223,
      "boost": 286.3979009888879,
      "total": 0.936318195954101
    }
  }
}
