{
  "topCrop": {
    "x": 0,
    "y": 8,
    "width": 175,
    "height": 175,
    "score": {
      "detail": 13.372134083509287,
      "saturation": -2.3894283861854686,
      "skin": 20.95675429622241,
      "boost": 0,
      "total": 0.0012956655031525408
    }
  }
}
