{
  "topCrop": {
    "x": 0,
    "y": 0,
    "width": 178,
    "height": 178,
    "score": {
      "detail": -10.142278730971213,
      "saturation": -12.418931149099885,
      "skin": 2.4162721727638004,
      "boost": 127.75615421800389,
      "total": 0.4219253064017849
    }
  }
}
