{
  "topCrop": {
    "x": 0,
    "y": 8,
    "width": 178,
    "height": 178,
    "score": {
      "detail": 8.064547281297294,
      "saturation": 0.4171125614716228,
      "skin": 14.381604023988917,
      "boost": 0,
      "total": 0.0009124365988862794
    }
  }
}
