{
  "topCrop": {
    "x": 0,
    "y": 0,
    "width": 175,
    "height": 175,
    "score": {
      "detail": -2.6243558181262836,
      "saturation": 6.972493867078556,
      "skin": 17.475351332661628,
      "boost": 160.54948508101526,
      "total": 0.525321502612141
    }
  }
}
