{
  "topCrop": {
    "x": 0,
    "y": 8,
    "width": 178,
    "height": 178,
    "score": {
      "detail": -6.712943915582241,
      "saturation": -9.884046482312561,
      "skin": 2.308587182488627,
      "boost": 0,
      "total": -0.000005031899832563344
    }
  }
}
