{
  "topCrop": {
    "x": 0,
    "y": 8,
    "width": 175,
    "height": 175,
    "score": {
      "detail": 18.629531101129295,
      "saturation": 0.24551814833215013,
      "skin": 17.422967160586587,
      "boost": 0,
      "total": 0.0011481111037969424
    }
  }
}
