{
  "topCrop": {
    "x": 0,
    "y": 8,
    "width": 175,
    "height": 175,
    "score": {
      "detail": 21.619913674579855,
      "saturation": 0.07870176449547506,
      "skin": 15.731706524324657,
      "boost": 0,
      "total": 0.0010666013063852734
    }
  }
}
