{
  "topCrop": {
    "x": 0,
    "y": 0,
    "width": 178,
    "height": 178,
    "score": {
      "detail": -15.55056781115568,
      "saturation": -21.884128019097588,
      "skin": 6.249213714790674,
      "boost": 196.6946089485395,
      "total": 0.6497236797322173
    }
  }
}
