{
  "topCrop": {
    "x": 0,
    "y": 8,
    "width": 178,
    "height": 178,
    "score": {
      "detail": -3.8055331123993312,
      "saturation": -19.549773457755922,
      "skin": 5.529731767825864,
      "boost": 0,
      "total": 0.00010990482634033266
    }
  }
}
