{
  "topCrop": {
    "x": 0,
    "y": 8,
    "width": 175,
    "height": 175,
    "score": {
      "detail": 3.7232529316981426,
      "saturation": 5.427027006472675,
      "skin": 17.608010907118743,
      "boost": 0,
      "total": 0.001112397659464332
    }
  }
}
