{
  "topCrop": {
    "x": 0,
    "y": 8,
    "width": 175,
    "height": 175,
    "score": {
      "detail": 3.7265315655547364,
      "saturation": 5.427547908633852,
      "skin": 17.607721404999467,
      "boost": 0,
      "total": 0.001112407158031025
    }
  }
}
