{
  "topCrop": {
    "x": 0,
    "y": 8,
    "width": 175,
    "height": 175,
    "score": {
      "detail": 18.63941110114394,
      "saturation": 0.24096296798706573,
      "skin": 17.421447587552755,
      "boost": 0,
      "total": 0.0011480416903908528
    }
  }
}
