{
  "topCrop": {
    "x": 0,
    "y": 0,
    "width": 175,
    "height": 175,
    "score": {
      "detail": -8.126695025105427,
      "saturation": 6.410039117038044,
      "skin": 17.59356650280185,
      "boost": 242.20083064615585,
      "total": 0.7919036459445132
    }
  }
}
