{
  "topCrop": {
    "x": 0,
    "y": 24,
    "width": 175,
    "height": 175,
    "score": {
      "detail": 15.076327002777912,
      "saturation": 2.67049035904239,
      "skin": 19.90820639839051,
      "boost": 0,
      "total": 0.0012947325396039583
    }
  }
}
