{
  "topCrop": {
    "x": 0,
    "y": 8,
    "width": 175,
    "height": 175,
    "score": {
      "detail": 7.896679304288412,
      "saturation": 8.613414615744286,
      "skin": 17.47328596962253,
      "boost": 0,
      "total": 0.0011629477548049476
    }
  }
}
