{
  "topCrop": {
    "x": 0,
    "y": 16,
    "width": 175,
    "height": 175,
    "score": {
      "detail": 16.05243699854963,
      "saturation": 0.10490191777364993,
      "skin": 14.245428944962438,
      "boost": 0,
      "total": 0.0009431422065624297
    }
  }
}
