{
  "topCrop": {
    "x": 0,
    "y": 0,
    "width": 178,
    "height": 178,
    "score": {
      "detail": -8.337620920184087,
      "saturation": 19.83499098607415,
      "skin": -4.556838351181142,
      "boost": 68.42210776267652,
      "total": 0.22586508919101964
    }
  }
}
