{
  "topCrop": {
    "x": 0,
    "y": 0,
    "width": 333,
    "height": 333,
    "score": {
      "detail": 9.446885119584048,
      "saturation": -35.925496644272066,
      "skin": 28.145007467660296,
      "boost": 264.4935157841166,
      "total": 0.8749875914877819
    }
  }
}
