{
  "topCrop": {
    "x": 0,
    "y": 0,
    "width": 178,
    "height": 178,
    "score": {
      "detail": -11.55009260858989,
      "saturation": 0.46463433552800665,
      "skin": 10.294942572297368,
      "boost": 100.01042379263515,
      "total": 0.3308694228984209
    }
  }
}
