{
  "topCrop": {
    "x": 0,
    "y": 16,
    "width": 178,
    "height": 178,
    "score": {
      "detail": -2.544316673293615,
      "saturation": 0.7749661242310864,
      "skin": 6.823956074346258,
      "boost": 0,
      "total": 0.0003965764115614304
    }
  }
}
