{
  "topCrop": {
    "x": 0,
    "y": 0,
    "width": 219,
    "height": 219,
    "score": {
      "detail": -0.9029506970889951,
      "saturation": 9.024421691632458,
      "skin": 26.285601186719735,
      "boost": 203.75921684741792,
      "total": 0.6669636735753782
    }
  }
}
