{
  "topCrop": {
    "x": 0,
    "y": 0,
    "width": 175,
    "height": 175,
    "score": {
      "detail": 9.085015849535,
      "saturation": 0.0018243713965909545,
      "skin": 18.214751770255535,
      "boost": 0,
      "total": 0.0011299299156828063
    }
  }
}
