{
  "topCrop": {
    "x": 0,
    "y": 16,
    "width": 178,
    "height": 178,
    "score": {
      "detail": -2.53328389941474,
      "saturation": 0.7745197784635667,
      "skin": 6.842878913477604,
      "boost": 0,
      "total": 0.0003977698902733455
    }
  }
}
