{
  "topCrop": {
    "x": 0,
    "y": 8,
    "width": 175,
    "height": 175,
    "score": {
      "detail": 6.543179437137601,
      "saturation": -2.5684296237311726,
      "skin": 13.777364268095406,
      "boost": 0,
      "total": 0.0008273424549511804
    }
  }
}
