{
  "topCrop": {
    "x": 0,
    "y": 16,
    "width": 175,
    "height": 175,
    "score": {
      "detail": 1.4755221365477489,
      "saturation": 17.14104136749005,
      "skin": 19.646387066062253,
      "boost": 0,
      "total": 0.0013322747283744858
    }
  }
}
