{
  "topCrop": {
    "x": 0,
    "y": 0,
    "width": 175,
    "height": 175,
    "score": {
      "detail": 9.159022509106704,
      "saturation": 0.004319251591533868,
      "skin": 18.2308682599506,
      "boost": 0,
      "total": 0.0011313849190272614
    }
  }
}
