{
  "topCrop": {
    "x": 0,
    "y": 16,
    "width": 175,
    "height": 175,
    "score": {
      "detail": 1.4958955845891793,
      "saturation": 17.13372997068613,
      "skin": 19.626138893669545,
      "boost": 0,
      "total": 0.0013311460609544117
    }
  }
}
