{
  "topCrop": {
    "x": 0,
    "y": 8,
    "width": 175,
    "height": 175,
    "score": {
      "detail": -8.403808133860075,
      "saturation": 4.396724763394578,
      "skin": 12.441219365684347,
      "boost": 0,
      "total": 0.0007194269603421448
    }
  }
}
