{
  "topCrop": {
    "x": 0,
    "y": 0,
    "width": 175,
    "height": 175,
    "score": {
      "detail": -1.3073017940281284,
      "saturation": 19.478327606739477,
      "skin": 18.486125941304685,
      "boost": 0,
      "total": 0.0012688021099612945
    }
  }
}
