{
  "topCrop": {
    "x": 0,
    "y": 16,
    "width": 175,
    "height": 175,
    "score": {
      "detail": 16.06666861007747,
      "saturation": 0.10404659686477744,
      "skin": 14.236433914570338,
      "boost": 0,
      "total": 0.00094269808154454
    }
  }
}
