{
  "topCrop": {
    "x": 0,
    "y": 0,
    "width": 175,
    "height": 175,
    "score": {
      "detail": -4.194899799771577,
      "saturation": -10.779974943700989,
      "skin": 15.51266578598612,
      "boost": 0,
      "total": 0.0007787698276476867
    }
  }
}
