{
  "topCrop": {
    "x": 0,
    "y": 32,
    "width": 175,
    "height": 175,
    "score": {
      "detail": -9.80110891142954,
      "saturation": -33.45969584233687,
      "skin": 10.679730850060725,
      "boost": 0,
      "total": 0.00023593093861623955
    }
  }
}
