{
  "topCrop": {
    "x": 0,
    "y": 0,
    "width": 219,
    "height": 219,
    "score": {
      "detail": -16.690535066088692,
      "saturation": -1.7519488860624997,
      "skin": 10.470799397150243,
      "boost": 0,
      "total": 0.0004892652158639657
    }
  }
}
