{
  "topCrop": {
    "x": 0,
    "y": 24,
    "width": 175,
    "height": 175,
    "score": {
      "detail": -5.58925821158009,
      "saturation": -0.03986092818132547,
      "skin": 8.596953153251816,
      "boost": 0,
      "total": 0.0004683985552680115
    }
  }
}
