{
  "topCrop": {
    "x": 9,
    "y": 0,
    "width": 202,
    "height": 202,
    "score": {
      "detail": 49.552200003598585,
      "saturation": -9.96746588768602,
      "skin": 12.263203272490903,
      "boost": 0,
      "total": 0.0009467417510170625
    }
  }
}
