{
  "topCrop": {
    "x": 0,
    "y": 0,
    "width": 219,
    "height": 219,
    "score": {
      "detail": 30.39198312938018,
      "saturation": -18.4302241618662,
      "skin": 22.361867063406294,
      "boost": 0,
      "total": 0.0013322674315574697
    }
  }
}
