{
  "topCrop": {
    "x": 0,
    "y": 0,
    "width": 178,
    "height": 178,
    "score": {
      "detail": -20.890826492802084,
      "saturation": 1.0319347321310897,
      "skin": 2.086756824563481,
      "boost": 68.70052198234764,
      "total": 0.2269104166878074
    }
  }
}
