{
  "topCrop": {
    "x": 0,
    "y": 0,
    "width": 175,
    "height": 175,
    "score": {
      "detail": 1.220082675995796,
      "saturation": -21.794412315763566,
      "skin": 23.65155007230603,
      "boost": 208.1366776132283,
      "total": 0.6808145712422352
    }
  }
}
