{
  "topCrop": {
    "x": 0,
    "y": 8,
    "width": 175,
    "height": 175,
    "score": {
      "detail": -10.279099801459763,
      "saturation": -14.475056992948984,
      "skin": 6.386731907676829,
      "boost": 88.09010936491276,
      "total": 0.2878076315711647
    }
  }
}
