{
  "topCrop": {
    "x": 0,
    "y": 8,
    "width": 178,
    "height": 178,
    "score": {
      "detail": 8.295768594733907,
      "saturation": 0.4973775712457352,
      "skin": 9.63762082095248,
      "boost": 0,
      "total": 0.0006327151693762376
    }
  }
}
