{
  "topCrop": {
    "x": 0,
    "y": 24,
    "width": 175,
    "height": 175,
    "score": {
      "detail": -3.872635631295678,
      "saturation": 2.1014002597917956,
      "skin": 19.671166338551505,
      "boost": 0,
      "total": 0.0011514773015859955
    }
  }
}
