{
  "topCrop": {
    "x": 0,
    "y": 0,
    "width": 178,
    "height": 178,
    "score": {
      "detail": -0.31723737410978536,
      "saturation": -0.8129545014588053,
      "skin": 8.262769239121225,
      "boost": 0,
      "total": 0.0004810956138577952
    }
  }
}
