{
  "topCrop": {
    "x": 0,
    "y": 0,
    "width": 178,
    "height": 178,
    "score": {
      "detail": -0.31723737410978536,
      "saturation": -0.8129545014588053,
      "skin": 8.262769239121225,
      "boost": 113.76269505878004,
      "total": 0.3762331601493976
    }
  }
}
