{
  "topCrop": {
    "x": 0,
    "y": 30,
    "width": 219,
    "height": 219,
    "score": {
      "detail": 42.076600371551045,
      "saturation": 0.9318369914335581,
      "skin": 31.886732426533726,
      "boost": 0,
      "total": 0.0021580731278204404
    }
  }
}
