{
  "topCrop": {
    "x": 0,
    "y": 0,
    "width": 175,
    "height": 175,
    "score": {
      "detail": 23.591130303732776,
      "saturation": 22.658147814284256,
      "skin": 20.02534097786472,
      "boost": 0,
      "total": 0.0015530215237612513
    }
  }
}
