{
  "topCrop": {
    "x": 0,
    "y": 8,
    "width": 175,
    "height": 175,
    "score": {
      "detail": -2.704564273848901,
      "saturation": -4.511807596251943,
      "skin": 14.787077114188024,
      "boost": 0,
      "total": 0.0008072582423475291
    }
  }
}
