{
  "topCrop": {
    "x": 0,
    "y": 0,
    "width": 175,
    "height": 175,
    "score": {
      "detail": -1.2633784263879988,
      "saturation": 3.388996966575173,
      "skin": 13.768127530611705,
      "boost": 130.78989814441314,
      "total": 0.4279032315886077
    }
  }
}
