{
  "topCrop": {
    "x": 0,
    "y": 0,
    "width": 175,
    "height": 175,
    "score": {
      "detail": 5.806174835474152,
      "saturation": -8.67131359069102,
      "skin": 17.70012940204451,
      "boost": 142.610988624658,
      "total": 0.4666618428172855
    }
  }
}
