{
  "topCrop": {
    "x": 0,
    "y": 45,
    "width": 332,
    "height": 332,
    "score": {
      "detail": 22.19838691104969,
      "saturation": -5.030149632602486,
      "skin": 21.85834498669887,
      "boost": 165.66068156498122,
      "total": 0.5423132672642158
    }
  }
}
