{
  "topCrop": {
    "x": 0,
    "y": 0,
    "width": 178,
    "height": 178,
    "score": {
      "detail": -0.28450408137232236,
      "saturation": -0.7999445462207939,
      "skin": 8.265990104384151,
      "boost": 0,
      "total": 0.0004816322502229743
    }
  }
}
