{
  "topCrop": {
    "x": 0,
    "y": 8,
    "width": 175,
    "height": 175,
    "score": {
      "detail": 5.750870637471665,
      "saturation": -0.03713485516551303,
      "skin": 5.88652962796344,
      "boost": 99.80483538683035,
      "total": 0.3262765167570388
    }
  }
}
