{
  "topCrop": {
    "x": 0,
    "y": 0,
    "width": 219,
    "height": 219,
    "score": {
      "detail": 30.47235393477619,
      "saturation": -18.21902134813132,
      "skin": 22.39438126390306,
      "boost": 0,
      "total": 0.0013367722663686972
    }
  }
}
