{
  "topCrop": {
    "x": 0,
    "y": 8,
    "width": 175,
    "height": 175,
    "score": {
      "detail": 11.79893858067514,
      "saturation": 1.3548773464231114,
      "skin": 12.126665579774691,
      "boost": 0,
      "total": 0.0008030775171806173
    }
  }
}
