{
  "topCrop": {
    "x": 0,
    "y": 10,
    "width": 219,
    "height": 219,
    "score": {
      "detail": 38.76406812930142,
      "saturation": 66.72955376172212,
      "skin": 22.93669437349002,
      "boost": 348.9518386995219,
      "total": 1.1416895216189011
    }
  }
}
