{
  "topCrop": {
    "x": 0,
    "y": 8,
    "width": 175,
    "height": 175,
    "score": {
      "detail": 11.16065277473974,
      "saturation": 0.6716334676996352,
      "skin": 8.346287197670613,
      "boost": 0,
      "total": 0.0005700224506470185
    }
  }
}
