{
  "topCrop": {
    "x": 0,
    "y": 8,
    "width": 178,
    "height": 178,
    "score": {
      "detail": -0.37158595259907284,
      "saturation": 23.954735118778185,
      "skin": -0.9552060426309598,
      "boost": 0,
      "total": 0.00017811905365232902
    }
  }
}
