{
  "topCrop": {
    "x": 0,
    "y": 16,
    "width": 175,
    "height": 175,
    "score": {
      "detail": 1.1006596855088189,
      "saturation": 5.653636164165437,
      "skin": 20.01182475770786,
      "boost": 169.50682312782578,
      "total": 0.5547304431063773
    }
  }
}
