{
  "topCrop": {
    "x": 0,
    "y": 32,
    "width": 175,
    "height": 175,
    "score": {
      "detail": 17.31031189522327,
      "saturation": -5.50668896831752,
      "skin": 9.35858070636434,
      "boost": 0,
      "total": 0.0006091592150205782
    }
  }
}
