{
  "topCrop": {
    "x": 0,
    "y": 24,
    "width": 175,
    "height": 175,
    "score": {
      "detail": 1.1603577498785613,
      "saturation": -9.578737196465838,
      "skin": 4.968397398857791,
      "boost": 0,
      "total": 0.0002057654109054689
    }
  }
}
