{
  "topCrop": {
    "x": 0,
    "y": 8,
    "width": 175,
    "height": 175,
    "score": {
      "detail": 18.136398095795883,
      "saturation": 0.20133694028942675,
      "skin": 19.6857477302239,
      "boost": 0,
      "total": 0.0012774539303069068
    }
  }
}
