{
  "topCrop": {
    "x": 0,
    "y": 16,
    "width": 175,
    "height": 175,
    "score": {
      "detail": 4.3317424376674944,
      "saturation": -1.6113470767468663,
      "skin": 15.023840080235379,
      "boost": 0,
      "total": 0.0008955381717202653
    }
  }
}
