{
  "topCrop": {
    "x": 0,
    "y": 16,
    "width": 175,
    "height": 175,
    "score": {
      "detail": 11.639284423707734,
      "saturation": 0.030772841258007805,
      "skin": 16.757819518557877,
      "boost": 0,
      "total": 0.0010612624937313675
    }
  }
}
