{
  "topCrop": {
    "x": 0,
    "y": 0,
    "width": 169,
    "height": 169,
    "score": {
      "detail": 0.001858194358548601,
      "saturation": -0.20577273866629114,
      "skin": 14.555057770343371,
      "boost": 114.09191231873787,
      "total": 0.40038265381736204
    }
  }
}
