{
  "topCrop": {
    "x": 0,
    "y": 10,
    "width": 219,
    "height": 219,
    "score": {
      "detail": 44.533526586886076,
      "saturation": 5.345469879639153,
      "skin": 43.61145237833051,
      "boost": 0,
      "total": 0.0029064803448902495
    }
  }
}
