{
  "topCrop": {
    "x": 0,
    "y": 16,
    "width": 175,
    "height": 175,
    "score": {
      "detail": 11.667981437648614,
      "saturation": 1.9974455399406579,
      "skin": 15.70881950549893,
      "boost": 0,
      "total": 0.001019059757041959
    }
  }
}
