{
  "topCrop": {
    "x": 0,
    "y": 0,
    "width": 175,
    "height": 175,
    "score": {
      "detail": -4.174401117245452,
      "saturation": -2.6416438084810596,
      "skin": 13.178859936794245,
      "boost": 156.53990287340903,
      "total": 0.5118721587546494
    }
  }
}
