{
  "topCrop": {
    "x": 0,
    "y": 20,
    "width": 219,
    "height": 219,
    "score": {
      "detail": -1.9245079760821677,
      "saturation": 27.559964739794413,
      "skin": 10.624672487625917,
      "boost": 0,
      "total": 0.0008818774956554626
    }
  }
}
