{
  "topCrop": {
    "x": 0,
    "y": 16,
    "width": 175,
    "height": 175,
    "score": {
      "detail": 21.43579277109483,
      "saturation": 1.6037104429717846,
      "skin": 5.875319099437943,
      "boost": 0,
      "total": 0.000501023545015471
    }
  }
}
