{
  "topCrop": {
    "x": 0,
    "y": 20,
    "width": 219,
    "height": 219,
    "score": {
      "detail": -6.965136920105096,
      "saturation": -11.792844222359925,
      "skin": 17.677948506372832,
      "boost": 0,
      "total": 0.0008780220950446401
    }
  }
}
