{
  "topCrop": {
    "x": 0,
    "y": 0,
    "width": 175,
    "height": 175,
    "score": {
      "detail": -0.11932084173628464,
      "saturation": 0.2746450744751438,
      "skin": 4.416409771510406,
      "boost": 0,
      "total": 0.0002614879001702536
    }
  }
}
