{
  "topCrop": {
    "x": 0,
    "y": 0,
    "width": 175,
    "height": 175,
    "score": {
      "detail": 11.51680442348373,
      "saturation": 0.381000423123762,
      "skin": 16.685358069383682,
      "boost": 0,
      "total": 0.0010596344664987594
    }
  }
}
