{
  "topCrop": {
    "x": 0,
    "y": 0,
    "width": 178,
    "height": 178,
    "score": {
      "detail": 9.655908957935708,
      "saturation": 1.414471554461338,
      "skin": 10.855660186456964,
      "boost": 135.28600295811262,
      "total": 0.4475655967566657
    }
  }
}
