{
  "topCrop": {
    "x": 0,
    "y": 24,
    "width": 175,
    "height": 175,
    "score": {
      "detail": 29.872136669494633,
      "saturation": -3.7609970514839066,
      "skin": 13.556603191400383,
      "boost": 187.46870281709505,
      "total": 0.6130977402668564
    }
  }
}
