{
  "topCrop": {
    "x": 0,
    "y": 0,
    "width": 175,
    "height": 175,
    "score": {
      "detail": -15.073725600172013,
      "saturation": -3.9272921722172134,
      "skin": 12.95133544152716,
      "boost": 152.41888172352938,
      "total": 0.4983186169265629
    }
  }
}
