{
  "topCrop": {
    "x": 0,
    "y": 8,
    "width": 175,
    "height": 175,
    "score": {
      "detail": 19.987594911696245,
      "saturation": -4.789972715919811,
      "skin": 15.497509749328588,
      "boost": 0,
      "total": 0.000994483092778931
    }
  }
}
