{
  "topCrop": {
    "x": 0,
    "y": 0,
    "width": 219,
    "height": 219,
    "score": {
      "detail": 5.365212808213695,
      "saturation": 2.276375839699136,
      "skin": 26.067697957852758,
      "boost": 290.55606043108867,
      "total": 0.9503439626039691
    }
  }
}
