{
  "topCrop": {
    "x": 0,
    "y": 20,
    "width": 219,
    "height": 219,
    "score": {
      "detail": 20.0052452951292,
      "saturation": 2.1609491615243464,
      "skin": 26.638212188164573,
      "boost": 0,
      "total": 0.001717489493752796
    }
  }
}
