{
  "topCrop": {
    "x": 0,
    "y": 0,
    "width": 178,
    "height": 178,
    "score": {
      "detail": 15.544339317805264,
      "saturation": 5.3327927256700045,
      "skin": 18.201709923438056,
      "boost": 239.9449222080275,
      "total": 0.7937628486043796
    }
  }
}
