{
  "topCrop": {
    "x": 0,
    "y": 8,
    "width": 175,
    "height": 175,
    "score": {
      "detail": 24.612307529111114,
      "saturation": -0.6144896543655531,
      "skin": 13.755434773426698,
      "boost": 0,
      "total": 0.0009631966433201834
    }
  }
}
