{
  "topCrop": {
    "x": 0,
    "y": 0,
    "width": 175,
    "height": 175,
    "score": {
      "detail": 23.295228100257663,
      "saturation": -14.193748288131522,
      "skin": 18.668620056312637,
      "boost": 111.66396195106044,
      "total": 0.36572736758664554
    }
  }
}
