{
  "topCrop": {
    "x": 0,
    "y": 32,
    "width": 175,
    "height": 175,
    "score": {
      "detail": 14.706326505134351,
      "saturation": -4.255580511376741,
      "skin": 20.69492735168859,
      "boost": 223.20925447421013,
      "total": 0.7301172541322993
    }
  }
}
