{
  "topCrop": {
    "x": 0,
    "y": 10,
    "width": 219,
    "height": 219,
    "score": {
      "detail": 26.78454427860379,
      "saturation": 3.028273797323372,
      "skin": 26.00911280537582,
      "boost": 0,
      "total": 0.001733283070843894
    }
  }
}
