{
  "topCrop": {
    "x": 0,
    "y": 8,
    "width": 178,
    "height": 178,
    "score": {
      "detail": 8.371195507099154,
      "saturation": 0.5033592530362652,
      "skin": 9.64593487647935,
      "boost": 0,
      "total": 0.0006337669987776966
    }
  }
}
