{
  "topCrop": {
    "x": 0,
    "y": 0,
    "width": 175,
    "height": 175,
    "score": {
      "detail": 11.474849741709397,
      "saturation": 0.37209680609129625,
      "skin": 16.67415169280192,
      "boost": 0,
      "total": 0.0010586145971334768
    }
  }
}
