{
  "topCrop": {
    "x": 0,
    "y": 0,
    "width": 178,
    "height": 178,
    "score": {
      "detail": -3.42774681228734,
      "saturation": 1.253894488073029,
      "skin": 12.366179027951667,
      "boost": 0,
      "total": 0.0007249881501610994
    }
  }
}
