{
  "topCrop": {
    "x": 0,
    "y": 0,
    "width": 175,
    "height": 175,
    "score": {
      "detail": -1.3587442833790773,
      "saturation": 19.482947223633644,
      "skin": 18.50022906969844,
      "boost": 0,
      "total": 0.0012693403309672318
    }
  }
}
