{
  "topCrop": {
    "x": 0,
    "y": 0,
    "width": 175,
    "height": 175,
    "score": {
      "detail": -22.91322358082474,
      "saturation": -5.116753148158597,
      "skin": 7.319588623408036,
      "boost": 0,
      "total": 0.000230451881192553
    }
  }
}
