{
  "topCrop": {
    "x": 0,
    "y": 16,
    "width": 175,
    "height": 175,
    "score": {
      "detail": 21.416631107037137,
      "saturation": 1.5949054823969424,
      "skin": 5.869527120977016,
      "boost": 0,
      "total": 0.0005004717284533922
    }
  }
}
