{
  "topCrop": {
    "x": 0,
    "y": 0,
    "width": 178,
    "height": 178,
    "score": {
      "detail": -2.7684418503627706,
      "saturation": -3.8015966266433643,
      "skin": 5.455886687728978,
      "boost": 143.59086025311808,
      "total": 0.4745413018229507
    }
  }
}
