{
  "topCrop": {
    "x": 0,
    "y": 10,
    "width": 219,
    "height": 219,
    "score": {
      "detail": 25.568864805974673,
      "saturation": 4.016187147932642,
      "skin": 8.78810904494114,
      "boost": 0,
      "total": 0.0007228481758846948
    }
  }
}
