{
  "topCrop": {
    "x": 0,
    "y": 0,
    "width": 175,
    "height": 175,
    "score": {
      "detail": 2.973537182949838,
      "saturation": -6.181475639513239,
      "skin": 12.183379754264305,
      "boost": 131.6062686641645,
      "total": 0.43040970497041187
    }
  }
}
