{
  "topCrop": {
    "x": 0,
    "y": 8,
    "width": 175,
    "height": 175,
    "score": {
      "detail": -20.071879548670665,
      "saturation": 7.425735530030062,
      "skin": 13.859679810569755,
      "boost": 292.221465130758,
      "total": 0.9549488091913175
    }
  }
}
