{
  "topCrop": {
    "x": 0,
    "y": 0,
    "width": 175,
    "height": 175,
    "score": {
      "detail": 23.618585769384993,
      "saturation": 22.653895644519462,
      "skin": 20.05568603617915,
      "boost": 0,
      "total": 0.0015549427171381326
    }
  }
}
