{
  "topCrop": {
    "x": 0,
    "y": 0,
    "width": 175,
    "height": 175,
    "score": {
      "detail": 1.4500654284476784,
      "saturation": -0.1604565832569838,
      "skin": 12.644014201647812,
      "boost": 146.35500483539604,
      "total": 0.4786449497212501
    }
  }
}
