{
  "topCrop": {
    "x": 0,
    "y": 0,
    "width": 175,
    "height": 175,
    "score": {
      "detail": -24.20006349240135,
      "saturation": -6.300617948357057,
      "skin": 12.690627711377388,
      "boost": 214.63939428290288,
      "total": 0.7013894648191927
    }
  }
}
