{
  "topCrop": {
    "x": 9,
    "y": 0,
    "width": 202,
    "height": 202,
    "score": {
      "detail": 49.689884028929654,
      "saturation": -9.983664587515877,
      "skin": 12.28909542535052,
      "boost": 0,
      "total": 0.0009490040553522321
    }
  }
}
