{
  "topCrop": {
    "x": 0,
    "y": 24,
    "width": 175,
    "height": 175,
    "score": {
      "detail": 1.154970495936272,
      "saturation": -9.577952743127055,
      "skin": 4.9549450674125515,
      "boost": 0,
      "total": 0.00020494724563564835
    }
  }
}
