{
  "topCrop": {
    "x": 0,
    "y": 0,
    "width": 219,
    "height": 219,
    "score": {
      "detail": -17.01932495797091,
      "saturation": -1.7610476769366092,
      "skin": 10.371971679473587,
      "boost": 0,
      "total": 0.0004812202360286463
    }
  }
}
