{
  "topCrop": {
    "x": 0,
    "y": 0,
    "width": 175,
    "height": 175,
    "score": {
      "detail": -0.1430821701114059,
      "saturation": 0.2708622877831813,
      "skin": 4.391538622141438,
      "boost": 0,
      "total": 0.0002598338537850534
    }
  }
}
