{
  "topCrop": {
    "x": 0,
    "y": 16,
    "width": 175,
    "height": 175,
    "score": {
      "detail": -0.7100452728768376,
      "saturation": 8.072661601211678,
      "skin": 20.083233944000035,
      "boost": 0,
      "total": 0.0012548444253057374
    }
  }
}
