{
  "topCrop": {
    "x": 0,
    "y": 0,
    "width": 175,
    "height": 175,
    "score": {
      "detail": -22.894677646067105,
      "saturation": -5.131865837816089,
      "skin": 7.340255969674805,
      "boost": 0,
      "total": 0.00023163968864837228
    }
  }
}
