{
  "topCrop": {
    "x": 0,
    "y": 8,
    "width": 175,
    "height": 175,
    "score": {
      "detail": 7.1180689032598465,
      "saturation": 2.0220267337636693,
      "skin": 12.156157052242612,
      "boost": 0,
      "total": 0.0007807772896267028
    }
  }
}
