{
  "topCrop": {
    "x": 0,
    "y": 0,
    "width": 175,
    "height": 175,
    "score": {
      "detail": 45.05835428154587,
      "saturation": 7.824837991130936,
      "skin": 18.928227794255207,
      "boost": 129.72281396421175,
      "total": 0.4250681250189219
    }
  }
}
