{
  "topCrop": {
    "x": 0,
    "y": 8,
    "width": 175,
    "height": 175,
    "score": {
      "detail": -8.412305964499854,
      "saturation": 4.38379539163146,
      "skin": 12.429137757481769,
      "boost": 0,
      "total": 0.0007185347065487886
    }
  }
}
