{
  "topCrop": {
    "x": 0,
    "y": 8,
    "width": 175,
    "height": 175,
    "score": {
      "detail": 10.455537682867751,
      "saturation": -19.622404439784162,
      "skin": 24.390869605381937,
      "boost": 0,
      "total": 0.001309647395733087
    }
  }
}
