{
  "topCrop": {
    "x": 0,
    "y": 0,
    "width": 175,
    "height": 175,
    "score": {
      "detail": 26.741984444876017,
      "saturation": 3.7356008483415315,
      "skin": 17.794215922241378,
      "boost": 0,
      "total": 0.0012570992915432538
    }
  }
}
