{
  "topCrop": {
    "x": 0,
    "y": 8,
    "width": 175,
    "height": 175,
    "score": {
      "detail": 24.54553456257547,
      "saturation": -0.6191124317081549,
      "skin": 13.740750037662838,
      "boost": 0,
      "total": 0.000961852187781086
    }
  }
}
