{
  "topCrop": {
    "x": 0,
    "y": 8,
    "width": 175,
    "height": 175,
    "score": {
      "detail": 21.579816089148846,
      "saturation": -2.484157444088576,
      "skin": 23.793435347374732,
      "boost": 135.3632494233596,
      "total": 0.44351751320639476
    }
  }
}
