{
  "topCrop": {
    "x": 0,
    "y": 0,
    "width": 175,
    "height": 175,
    "score": {
      "detail": 26.702512026570595,
      "saturation": 3.710371154644214,
      "skin": 17.806757293140777,
      "boost": 0,
      "total": 0.0012573314899383113
    }
  }
}
