{
  "topCrop": {
    "x": 0,
    "y": 0,
    "width": 178,
    "height": 178,
    "score": {
      "detail": 12.307263004202603,
      "saturation": 0.01743544285404322,
      "skin": 14.241046688602196,
      "boost": 0,
      "total": 0.0009281466268060738
    }
  }
}
