{
  "topCrop": {
    "x": 0,
    "y": 0,
    "width": 175,
    "height": 175,
    "score": {
      "detail": 12.6234700956659,
      "saturation": 7.080950745427064,
      "skin": 23.649819622073377,
      "boost": 154.35131320981603,
      "total": 0.5055461216504195
    }
  }
}
