{
  "topCrop": {
    "x": 0,
    "y": 8,
    "width": 175,
    "height": 175,
    "score": {
      "detail": 11.200733617637825,
      "saturation": 0.6747966288872087,
      "skin": 8.343128146878126,
      "boost": 0,
      "total": 0.0005701295143371218
    }
  }
}
