{
  "topCrop": {
    "x": 0,
    "y": 0,
    "width": 219,
    "height": 219,
    "score": {
      "detail": 24.331336535471674,
      "saturation": -20.775866974481037,
      "skin": 18.39765931011492,
      "boost": 0,
      "total": 0.0010367116399332859
    }
  }
}
