{
  "topCrop": {
    "x": 0,
    "y": 8,
    "width": 175,
    "height": 175,
    "score": {
      "detail": 7.136686775696143,
      "saturation": 2.02919565476827,
      "skin": 12.145744808140693,
      "boost": 0,
      "total": 0.0007803571169378926
    }
  }
}
