{
  "topCrop": {
    "x": 0,
    "y": 0,
    "width": 178,
    "height": 178,
    "score": {
      "detail": 7.6331341969285,
      "saturation": 1.2950042932534769,
      "skin": 13.138279675220678,
      "boost": 0,
      "total": 0.0008443662155753391
    }
  }
}
