{
  "topCrop": {
    "x": 0,
    "y": 24,
    "width": 175,
    "height": 175,
    "score": {
      "detail": 22.75285162296119,
      "saturation": -4.28109352236236,
      "skin": 14.327853445173542,
      "boost": 93.96952451197991,
      "total": 0.3077880434177041
    }
  }
}
