{
  "topCrop": {
    "x": 0,
    "y": 0,
    "width": 175,
    "height": 175,
    "score": {
      "detail": 10.131869972079125,
      "saturation": 0.0721537538230246,
      "skin": 19.196488494421516,
      "boost": 260.8517258478488,
      "total": 0.8529558949941356
    }
  }
}
