{
  "topCrop": {
    "x": 0,
    "y": 0,
    "width": 219,
    "height": 219,
    "score": {
      "detail": 23.812172437840893,
      "saturation": -0.31950314336690855,
      "skin": 29.15917709068321,
      "boost": 218.27134879911728,
      "total": 0.7145889953377801
    }
  }
}
