{
  "topCrop": {
    "x": 0,
    "y": 8,
    "width": 175,
    "height": 175,
    "score": {
      "detail": 32.848442787624585,
      "saturation": -13.869506450475567,
      "skin": 18.6079004617651,
      "boost": 0,
      "total": 0.0011723447331774507
    }
  }
}
