{
  "topCrop": {
    "x": 0,
    "y": 0,
    "width": 400,
    "height": 400,
    "score": {
      "detail": -0.9006804841977434,
      "saturation": -7.881948200987503,
      "skin": 11.168922163118717,
      "boost": 87.03833915822426,
      "total": 0.284780187923556
    }
  }
}
