{
  "topCrop": {
    "x": 0,
    "y": 8,
    "width": 175,
    "height": 175,
    "score": {
      "detail": 30.335038976120696,
      "saturation": 6.582124511075409,
      "skin": 22.127556555026022,
      "boost": 0,
      "total": 0.0015631427574724441
    }
  }
}
