{
  "topCrop": {
    "x": 0,
    "y": 16,
    "width": 175,
    "height": 175,
    "score": {
      "detail": 10.61066357917913,
      "saturation": -1.6043757207428262,
      "skin": 14.126671415551115,
      "boost": 232.39334483205815,
      "total": 0.7597192918123565
    }
  }
}
