{
  "topCrop": {
    "x": 0,
    "y": 15,
    "width": 333,
    "height": 333,
    "score": {
      "detail": 3.683103104390884,
      "saturation": -8.87374990426646,
      "skin": 12.504146668931483,
      "boost": 103.00893909207518,
      "total": 0.33702778347301854
    }
  }
}
