{
  "topCrop": {
    "x": 0,
    "y": 30,
    "width": 219,
    "height": 219,
    "score": {
      "detail": 28.550149145697958,
      "saturation": -7.753718056748585,
      "skin": 20.575131866198266,
      "boost": 0,
      "total": 0.0013198090374292866
    }
  }
}
