{
  "topCrop": {
    "x": 0,
    "y": 16,
    "width": 175,
    "height": 175,
    "score": {
      "detail": -5.804966978662877,
      "saturation": 1.8930396687417639,
      "skin": 11.935108860975436,
      "boost": 0,
      "total": 0.0006821261862741466
    }
  }
}
