{
  "topCrop": {
    "x": 0,
    "y": 8,
    "width": 178,
    "height": 178,
    "score": {
      "detail": -0.34229639400103656,
      "saturation": 23.938901911521764,
      "skin": -0.9554510999801169,
      "boost": 0,
      "total": 0.0001781410792275106
    }
  }
}
