{
  "topCrop": {
    "x": 0,
    "y": 0,
    "width": 219,
    "height": 219,
    "score": {
      "detail": 0.6116734404016361,
      "saturation": -0.9370474764071135,
      "skin": 10.87050022402397,
      "boost": 0,
      "total": 0.0006337345583151459
    }
  }
}
