{
  "topCrop": {
    "x": 0,
    "y": 0,
    "width": 178,
    "height": 178,
    "score": {
      "detail": 12.297804200299952,
      "saturation": -0.00875238387909387,
      "skin": 14.251675042159277,
      "boost": 0,
      "total": 0.0009284565398593924
    }
  }
}
