{
  "topCrop": {
    "x": 0,
    "y": 20,
    "width": 219,
    "height": 219,
    "score": {
      "detail": -1.9745579053346112,
      "saturation": 27.475944512927377,
      "skin": 10.533621817577055,
      "boost": 0,
      "total": 0.0008753760341044895
    }
  }
}
