{
  "topCrop": {
    "x": 0,
    "y": 10,
    "width": 219,
    "height": 219,
    "score": {
      "detail": 26.689341026913574,
      "saturation": 3.067663513442512,
      "skin": 25.993645310877643,
      "boost": 0,
      "total": 0.0017321380838855583
    }
  }
}
