{
  "topCrop": {
    "x": 0,
    "y": 41,
    "width": 178,
    "height": 178,
    "score": {
      "detail": 28.41271258820911,
      "saturation": 3.094602890285357,
      "skin": 11.080223425996842,
      "boost": 0,
      "total": 0.0008771081236465104
    }
  }
}
