{
  "topCrop": {
    "x": 0,
    "y": 16,
    "width": 175,
    "height": 175,
    "score": {
      "detail": -3.390840530790222,
      "saturation": -6.624249317393763,
      "skin": 14.716404399544002,
      "boost": 0,
      "total": 0.0007779293067037725
    }
  }
}
