{
  "topCrop": {
    "x": 0,
    "y": 30,
    "width": 219,
    "height": 219,
    "score": {
      "detail": 28.620080029068205,
      "saturation": -7.822205755763393,
      "skin": 20.59698365260546,
      "boost": 0,
      "total": 0.0013208791788987576
    }
  }
}
