{
  "topCrop": {
    "x": 0,
    "y": 32,
    "width": 175,
    "height": 175,
    "score": {
      "detail": -2.7310069616992103,
      "saturation": 5.261746748048042,
      "skin": 17.280636061478297,
      "boost": 0,
      "total": 0.001049386695272996
    }
  }
}
