{
  "topCrop": {
    "x": 0,
    "y": 16,
    "width": 175,
    "height": 175,
    "score": {
      "detail": -5.83342243158066,
      "saturation": 1.8914590079318507,
      "skin": 11.923479662658252,
      "boost": 0,
      "total": 0.0006812413586562702
    }
  }
}
