{
  "topCrop": {
    "x": 0,
    "y": 16,
    "width": 175,
    "height": 175,
    "score": {
      "detail": -0.6892437071488907,
      "saturation": 8.077377013574234,
      "skin": 20.10631791491662,
      "boost": 0,
      "total": 0.0012563832362283234
    }
  }
}
