{
  "topCrop": {
    "x": 0,
    "y": 16,
    "width": 175,
    "height": 175,
    "score": {
      "detail": 4.318161226209642,
      "saturation": -1.597569677716598,
      "skin": 15.0142373000707,
      "boost": 0,
      "total": 0.0008950200320670763
    }
  }
}
