{
  "topCrop": {
    "x": 0,
    "y": 20,
    "width": 219,
    "height": 219,
    "score": {
      "detail": 20.089043050165266,
      "saturation": 2.170467550013012,
      "skin": 26.657627656827213,
      "boost": 0,
      "total": 0.001719271139831051
    }
  }
}
