{
  "topCrop": {
    "x": 0,
    "y": 0,
    "width": 219,
    "height": 219,
    "score": {
      "detail": 24.411435200719055,
      "saturation": -20.827634736913435,
      "skin": 18.459768678809528,
      "boost": 0,
      "total": 0.0010403781303159813
    }
  }
}
