{
  "topCrop": {
    "x": 0,
    "y": 24,
    "width": 175,
    "height": 175,
    "score": {
      "detail": -6.806591203774521,
      "saturation": -12.059832406384013,
      "skin": 14.573472676207677,
      "boost": 129.09323329460346,
      "total": 0.4222228999939543
    }
  }
}
