{
  "topCrop": {
    "x": 0,
    "y": 20,
    "width": 219,
    "height": 219,
    "score": {
      "detail": -6.968341509001173,
      "saturation": -11.606889781653068,
      "skin": 17.726999498767505,
      "boost": 0,
      "total": 0.0008827057587423788
    }
  }
}
