{
  "topCrop": {
    "x": 0,
    "y": 24,
    "width": 169,
    "height": 169,
    "score": {
      "detail": 3.388880536144181,
      "saturation": 1.838422751176624,
      "skin": 14.830490830879622,
      "boost": 0,
      "total": 0.0009777033867219335
    }
  }
}
