{
  "topCrop": {
    "x": 0,
    "y": 0,
    "width": 175,
    "height": 175,
    "score": {
      "detail": 7.224491463860236,
      "saturation": -1.140759028736589,
      "skin": 17.72683346255601,
      "boost": 131.87961854926118,
      "total": 0.43170523512629777
    }
  }
}
