{
  "topCrop": {
    "x": 0,
    "y": 24,
    "width": 169,
    "height": 169,
    "score": {
      "detail": 3.3279921043919556,
      "saturation": 1.8502310164287483,
      "skin": 14.830491888119779,
      "boost": 0,
      "total": 0.0009774011107602193
    }
  }
}
