{
  "topCrop": {
    "x": 0,
    "y": 0,
    "width": 175,
    "height": 175,
    "score": {
      "detail": 8.507025959496293,
      "saturation": -1.6101042047639074,
      "skin": 15.607741793052625,
      "boost": 127.38044606192905,
      "total": 0.4168932870318652
    }
  }
}
