{
  "topCrop": {
    "x": 0,
    "y": 0,
    "width": 178,
    "height": 178,
    "score": {
      "detail": 7.654891478873845,
      "saturation": 1.294360271121414,
      "skin": 13.146118054757022,
      "boost": 0,
      "total": 0.0008449695757588134
    }
  }
}
