{
  "topCrop": {
    "x": 0,
    "y": 24,
    "width": 175,
    "height": 175,
    "score": {
      "detail": -5.531840904177051,
      "saturation": -0.03371621317095697,
      "skin": 8.602573127308315,
      "boost": 0,
      "total": 0.0004691640354079435
    }
  }
}
