{
  "topCrop": {
    "x": 0,
    "y": 8,
    "width": 175,
    "height": 175,
    "score": {
      "detail": 30.320905900741447,
      "saturation": 6.607979202653779,
      "skin": 22.151153602547637,
      "boost": 0,
      "total": 0.001564690658792822
    }
  }
}
