{
  "topCrop": {
    "x": 0,
    "y": 8,
    "width": 175,
    "height": 175,
    "score": {
      "detail": 11.720707374871061,
      "saturation": 1.3530731778876972,
      "skin": 12.07254840447662,
      "boost": 0,
      "total": 0.0007993681814334184
    }
  }
}
