{
  "topCrop": {
    "x": 0,
    "y": 50,
    "width": 219,
    "height": 219,
    "score": {
      "detail": -2.5125007951137013,
      "saturation": -2.5065991670570575,
      "skin": 7.37036599371412,
      "boost": 0,
      "total": 0.00039223441239332444
    }
  }
}
