{
  "topCrop": {
    "x": 0,
    "y": 0,
    "width": 219,
    "height": 219,
    "score": {
      "detail": 34.42223103476163,
      "saturation": 44.84279257761891,
      "skin": 24.858991323016824,
      "boost": 0,
      "total": 0.002125174477115699
    }
  }
}
