{
  "topCrop": {
    "x": 0,
    "y": 0,
    "width": 178,
    "height": 178,
    "score": {
      "detail": -2.6965756957394045,
      "saturation": -3.802849959738409,
      "skin": 5.483501068182852,
      "boost": 0,
      "total": 0.00027051564921587164
    }
  }
}
