{
  "topCrop": {
    "x": 0,
    "y": 32,
    "width": 175,
    "height": 175,
    "score": {
      "detail": 17.37940826409536,
      "saturation": -5.491591166125378,
      "skin": 9.361853355612407,
      "boost": 0,
      "total": 0.0006099507050802871
    }
  }
}
