{
  "topCrop": {
    "x": 0,
    "y": 10,
    "width": 219,
    "height": 219,
    "score": {
      "detail": 44.61960492460137,
      "saturation": 5.405659574461768,
      "skin": 43.646236587415046,
      "boost": 0,
      "total": 0.00290967656210958
    }
  }
}
