{
  "topCrop": {
    "x": 0,
    "y": 0,
    "width": 175,
    "height": 175,
    "score": {
      "detail": 4.479544967108467,
      "saturation": 0.9346725171846934,
      "skin": 11.856578326357464,
      "boost": 153.07324805317708,
      "total": 0.5005663006384891
    }
  }
}
