{
  "topCrop": {
    "x": 0,
    "y": 0,
    "width": 333,
    "height": 333,
    "score": {
      "detail": 0.37250573600445025,
      "saturation": -21.027774101268168,
      "skin": 13.399878155929692,
      "boost": 199.87707588533968,
      "total": 0.6607739971638084
    }
  }
}
