{
  "topCrop": {
    "x": 0,
    "y": 8,
    "width": 175,
    "height": 175,
    "score": {
      "detail": 7.907183310150078,
      "saturation": 8.640740130840022,
      "skin": 17.47045858983194,
      "boost": 0,
      "total": 0.0011631178502197392
    }
  }
}
