{
  "topCrop": {
    "x": 0,
    "y": 0,
    "width": 175,
    "height": 175,
    "score": {
      "detail": -22.707684830435873,
      "saturation": 0.9831525860992273,
      "skin": 13.106485445124225,
      "boost": 103.71374032212734,
      "total": 0.3392887874228147
    }
  }
}
