{
  "topCrop": {
    "x": 0,
    "y": 41,
    "width": 178,
    "height": 178,
    "score": {
      "detail": 28.475903334653918,
      "saturation": 3.0969270791014276,
      "skin": 11.097685893148679,
      "boost": 0,
      "total": 0.0008785867815539977
    }
  }
}
