{
  "topCrop": {
    "x": 0,
    "y": 0,
    "width": 175,
    "height": 175,
    "score": {
      "detail": -4.169360606946129,
      "saturation": -10.788619628767684,
      "skin": 15.557852705270806,
      "boost": 0,
      "total": 0.0007815078158193606
    }
  }
}
