{
  "topCrop": {
    "x": 0,
    "y": 10,
    "width": 219,
    "height": 219,
    "score": {
      "detail": 25.5850177656734,
      "saturation": 4.417964179815377,
      "skin": 8.75233024867923,
      "boost": 0,
      "total": 0.0007247865226025113
    }
  }
}
