{
  "topCrop": {
    "x": 0,
    "y": 16,
    "width": 175,
    "height": 175,
    "score": {
      "detail": 11.599689517574411,
      "saturation": 0.03076151177986748,
      "skin": 16.812073750091002,
      "boost": 0,
      "total": 0.0010641926239089842
    }
  }
}
