{
  "topCrop": {
    "x": 0,
    "y": 16,
    "width": 175,
    "height": 175,
    "score": {
      "detail": -10.412157272913602,
      "saturation": -43.6351579610228,
      "skin": 9.863946430851122,
      "boost": 251.17589662536068,
      "total": 0.8202505073393865
    }
  }
}
