{
  "topCrop": {
    "x": 0,
    "y": 32,
    "width": 175,
    "height": 175,
    "score": {
      "detail": -2.710415307163944,
      "saturation": 5.274528993935733,
      "skin": 17.305365562171545,
      "boost": 0,
      "total": 0.0010510998742418519
    }
  }
}
