{
  "topCrop": {
    "x": 0,
    "y": 8,
    "width": 175,
    "height": 175,
    "score": {
      "detail": 18.15511831383776,
      "saturation": 0.20326352936597106,
      "skin": 19.665488742765863,
      "boost": 0,
      "total": 0.0012764043251773354
    }
  }
}
