{
  "topCrop": {
    "x": 0,
    "y": 8,
    "width": 175,
    "height": 175,
    "score": {
      "detail": 6.547618930594849,
      "saturation": -2.557100225885402,
      "skin": 13.74761915076539,
      "boost": 0,
      "total": 0.0008257341449708098
    }
  }
}
