{
  "topCrop": {
    "x": 0,
    "y": 16,
    "width": 175,
    "height": 175,
    "score": {
      "detail": 11.665242888627601,
      "saturation": 2.009095069218984,
      "skin": 15.713087762849293,
      "boost": 0,
      "total": 0.0010194068594814674
    }
  }
}
