{
  "topCrop": {
    "x": 0,
    "y": 16,
    "width": 175,
    "height": 175,
    "score": {
      "detail": -3.448547742020405,
      "saturation": -6.634019801507347,
      "skin": 14.7001496833613,
      "boost": 0,
      "total": 0.0007765013531818467
    }
  }
}
