{
  "topCrop": {
    "x": 0,
    "y": 0,
    "width": 400,
    "height": 400,
    "score": {
      "detail": 19.40494401406003,
      "saturation": -33.01614991780473,
      "skin": 32.87636849762027,
      "boost": 151.1101990593937,
      "total": 0.49515668614081815
    }
  }
}
