{
  "topCrop": {
    "x": 0,
    "y": 0,
    "width": 175,
    "height": 175,
    "score": {
      "detail": -17.201569014791577,
      "saturation": -6.526237686327856,
      "skin": 13.313622685915908,
      "boost": 218.91357722102936,
      "total": 0.7154260916842033
    }
  }
}
