{
  "topCrop": {
    "x": 0,
    "y": 24,
    "width": 175,
    "height": 175,
    "score": {
      "detail": -3.858588523137972,
      "saturation": 2.096799578902102,
      "skin": 19.668467679356564,
      "boost": 0,
      "total": 0.0011513653548370561
    }
  }
}
