{
  "topCrop": {
    "x": 0,
    "y": 30,
    "width": 219,
    "height": 219,
    "score": {
      "detail": 11.413875833223019,
      "saturation": -0.2830328441296296,
      "skin": 5.25031312628139,
      "boost": 0,
      "total": 0.0003803568633701948
    }
  }
}
