{
  "topCrop": {
    "x": 0,
    "y": 0,
    "width": 219,
    "height": 219,
    "score": {
      "detail": 34.2926223830918,
      "saturation": 44.77098623098447,
      "skin": 24.787114120201668,
      "boost": 0,
      "total": 0.002119400024890668
    }
  }
}
