{
  "topCrop": {
    "x": 0,
    "y": 0,
    "width": 175,
    "height": 175,
    "score": {
      "detail": -3.6115366767068626,
      "saturation": 9.983856130741898,
      "skin": 18.480051633354712,
      "boost": 225.20689111765628,
      "total": 0.7365298303415362
    }
  }
}
