{
  "topCrop": {
    "x": 0,
    "y": 0,
    "width": 178,
    "height": 178,
    "score": {
      "detail": -3.4933211586268285,
      "saturation": 1.2399398686583651,
      "skin": 12.335024428412526,
      "boost": 0,
      "total": 0.0007225644636020176
    }
  }
}
