{
  "topCrop": {
    "x": 0,
    "y": 8,
    "width": 175,
    "height": 175,
    "score": {
      "detail": -2.8092064297918538,
      "saturation": -4.517122292557224,
      "skin": 14.742070092597645,
      "boost": 0,
      "total": 0.0008038774920147013
    }
  }
}
