{
  "topCrop": {
    "x": 0,
    "y": 32,
    "width": 175,
    "height": 175,
    "score": {
      "detail": -9.76130680264075,
      "saturation": -33.44610116453224,
      "skin": 10.670237602793739,
      "boost": 0,
      "total": 0.00023576607265766227
    }
  }
}
