{
  "topCrop": {
    "x": 0,
    "y": 0,
    "width": 175,
    "height": 175,
    "score": {
      "detail": -15.306493878871667,
      "saturation": -33.678891128810804,
      "skin": 19.917880793748406,
      "boost": 165.27145940443168,
      "total": 0.540402715420653
    }
  }
}
