{
  "topCrop": {
    "x": 0,
    "y": 16,
    "width": 175,
    "height": 175,
    "score": {
      "detail": 24.310577217778455,
      "saturation": 5.606920750273168,
      "skin": 18.926967578447623,
      "boost": 0,
      "total": 0.0013261300672601918
    }
  }
}
