{
  "topCrop": {
    "x": 0,
    "y": 0,
    "width": 175,
    "height": 175,
    "score": {
      "detail": 28.54493929153629,
      "saturation": -12.731090977974635,
      "skin": 32.95781625839066,
      "boost": 140.0826042578621,
      "total": 0.45941140099971356
    }
  }
}
