{
  "topCrop": {
    "x": 0,
    "y": 0,
    "width": 175,
    "height": 175,
    "score": {
      "detail": -3.481132271211011,
      "saturation": 25.75771058050583,
      "skin": 15.078729298880711,
      "boost": 0,
      "total": 0.0011158465129108514
    }
  }
}
