{
  "topCrop": {
    "x": 0,
    "y": 0,
    "width": 175,
    "height": 175,
    "score": {
      "detail": 34.99927839614563,
      "saturation": 11.786588835326413,
      "skin": 17.28426175495712,
      "boost": 79.03311452098227,
      "total": 0.25942723120284006
    }
  }
}
