{
  "topCrop": {
    "x": 0,
    "y": 0,
    "width": 178,
    "height": 178,
    "score": {
      "detail": -5.10245900313976,
      "saturation": 2.9113534858978616,
      "skin": -3.883289923155213,
      "boost": 65.63360569332055,
      "total": 0.21654853883325134
    }
  }
}
