{
  "topCrop": {
    "x": 0,
    "y": 48,
    "width": 175,
    "height": 175,
    "score": {
      "detail": 57.50942902613592,
      "saturation": 20.908399345244014,
      "skin": 26.3435008120575,
      "boost": 0,
      "total": 0.0021287414553633924
    }
  }
}
