{
  "topCrop": {
    "x": 0,
    "y": 0,
    "width": 175,
    "height": 175,
    "score": {
      "detail": 1.4540664767526381,
      "saturation": -11.338447748697943,
      "skin": 7.162335861441377,
      "boost": 0,
      "total": 0.00031939538028851014
    }
  }
}
