{
  "topCrop": {
    "x": 0,
    "y": 16,
    "width": 175,
    "height": 175,
    "score": {
      "detail": 24.24645975323604,
      "saturation": 5.599846717668546,
      "skin": 18.939801981433313,
      "boost": 0,
      "total": 0.0013263963928988648
    }
  }
}
