{
  "topCrop": {
    "x": 48,
    "y": 0,
    "width": 173,
    "height": 173,
    "score": {
      "detail": 5.164952072456399,
      "saturation": 8.654639118208468,
      "skin": 17.304237305188682,
      "boost": 0,
      "total": 0.0011619836713319337
    }
  }
}
