{
  "topCrop": {
    "x": 0,
    "y": 8,
    "width": 175,
    "height": 175,
    "score": {
      "detail": 4.861097031134488,
      "saturation": -2.2960751162961532,
      "skin": 8.383262403947402,
      "boost": 0,
      "total": 0.0005019843003573346
    }
  }
}
