{
  "topCrop": {
    "x": 0,
    "y": 0,
    "width": 219,
    "height": 219,
    "score": {
      "detail": -2.3399155427660805,
      "saturation": 0.5712940280405254,
      "skin": 16.896043345178605,
      "boost": 130.8691562242305,
      "total": 0.4283112458953218
    }
  }
}
