{
  "topCrop": {
    "x": 0,
    "y": 0,
    "width": 178,
    "height": 178,
    "score": {
      "detail": -7.116794605967561,
      "saturation": 1.9996466606488676,
      "skin": 14.811722132821433,
      "boost": 0,
      "total": 0.0008534031878742149
    }
  }
}
