{
  "topCrop": {
    "x": 0,
    "y": 8,
    "width": 175,
    "height": 175,
    "score": {
      "detail": 16.839681070921603,
      "saturation": -9.473175513185213,
      "skin": 17.224783647812213,
      "boost": 0,
      "total": 0.0010295704204503098
    }
  }
}
