{
  "topCrop": {
    "x": 0,
    "y": 32,
    "width": 175,
    "height": 175,
    "score": {
      "detail": 8.039172719387404,
      "saturation": 3.6364347230188283,
      "skin": 16.928934957802625,
      "boost": 0,
      "total": 0.0010831297268515218
    }
  }
}
