{
  "topCrop": {
    "x": 0,
    "y": 24,
    "width": 175,
    "height": 175,
    "score": {
      "detail": 19.453687719405448,
      "saturation": -22.851577694903135,
      "skin": 28.275199392954494,
      "boost": 0,
      "total": 0.0015650815720074525
    }
  }
}
