{
  "topCrop": {
    "x": 0,
    "y": 0,
    "width": 175,
    "height": 175,
    "score": {
      "detail": -3.4393749364306605,
      "saturation": 25.738918697252423,
      "skin": 15.092174675181258,
      "boost": 106.90416383685752,
      "total": 0.3501915460807499
    }
  }
}
