{
  "topCrop": {
    "x": 0,
    "y": 8,
    "width": 175,
    "height": 175,
    "score": {
      "detail": -5.887185529833271,
      "saturation": -0.5735503481006934,
      "skin": 15.749351370035887,
      "boost": 0,
      "total": 0.0008816107838585383
    }
  }
}
