{
  "topCrop": {
    "x": 0,
    "y": 16,
    "width": 175,
    "height": 175,
    "score": {
      "detail": 8.454728638430662,
      "saturation": -4.013036819806612,
      "skin": 12.479121785444784,
      "boost": 145.77673739484948,
      "total": 0.47675504304915894
    }
  }
}
