{
  "topCrop": {
    "x": 0,
    "y": 32,
    "width": 175,
    "height": 175,
    "score": {
      "detail": 9.64800822923052,
      "saturation": -4.030910746812011,
      "skin": 13.55648028297714,
      "boost": 0,
      "total": 0.0008203099732624116
    }
  }
}
