{
  "topCrop": {
    "x": 0,
    "y": 8,
    "width": 175,
    "height": 175,
    "score": {
      "detail": -0.9889798209276829,
      "saturation": -17.044768151355374,
      "skin": 3.998285896105029,
      "boost": 0,
      "total": 0.00006157349235581724
    }
  }
}
