{
  "topCrop": {
    "x": 0,
    "y": 0,
    "width": 178,
    "height": 178,
    "score": {
      "detail": 29.03447936777147,
      "saturation": 0.6556760778936046,
      "skin": 13.970995473549248,
      "boost": 0,
      "total": 0.0010289136791290468
    }
  }
}
