{
  "topCrop": {
    "x": 0,
    "y": 8,
    "width": 175,
    "height": 175,
    "score": {
      "detail": 5.9063526844328695,
      "saturation": -0.06159601791190671,
      "skin": 8.12750987612583,
      "boost": 0,
      "total": 0.0005156672492584325
    }
  }
}
