{
  "topCrop": {
    "x": 0,
    "y": 16,
    "width": 175,
    "height": 175,
    "score": {
      "detail": -0.7913246317775339,
      "saturation": 6.011957019738921,
      "skin": 16.266198955176296,
      "boost": 340.4442761937594,
      "total": 1.1126645583567287
    }
  }
}
