{
  "topCrop": {
    "x": 0,
    "y": 32,
    "width": 175,
    "height": 175,
    "score": {
      "detail": 5.346495831872774,
      "saturation": -8.360016039675967,
      "skin": 21.548204964173934,
      "boost": 0,
      "total": 0.0012195285972239952
    }
  }
}
