{
  "topCrop": {
    "x": 0,
    "y": 20,
    "width": 219,
    "height": 219,
    "score": {
      "detail": 15.039798734021803,
      "saturation": 3.0028919833428986,
      "skin": 17.946398556630946,
      "boost": 0,
      "total": 0.0011824439099997694
    }
  }
}
