{
  "topCrop": {
    "x": 48,
    "y": 0,
    "width": 173,
    "height": 173,
    "score": {
      "detail": 5.336854391684866,
      "saturation": 8.593813922241974,
      "skin": 17.399926798608593,
      "boost": 0,
      "total": 0.0011682777003075625
    }
  }
}
