{
  "topCrop": {
    "x": 0,
    "y": 8,
    "width": 175,
    "height": 175,
    "score": {
      "detail": -5.9537502323387805,
      "saturation": -0.5706676715541276,
      "skin": 15.732695763497704,
      "boost": 0,
      "total": 0.0008802253722893673
    }
  }
}
