{
  "topCrop": {
    "x": 0,
    "y": 16,
    "width": 175,
    "height": 175,
    "score": {
      "detail": 7.924025855733447,
      "saturation": 8.189440493315884,
      "skin": 21.964579716374452,
      "boost": 318.8778790362832,
      "total": 1.042656841940798
    }
  }
}
