{
  "topCrop": {
    "x": 0,
    "y": 20,
    "width": 219,
    "height": 219,
    "score": {
      "detail": 18.909115045131436,
      "saturation": -17.32143489026412,
      "skin": 18.731957441886333,
      "boost": 0,
      "total": 0.0010547890918315905
    }
  }
}
