{
  "topCrop": {
    "x": 0,
    "y": 0,
    "width": 178,
    "height": 178,
    "score": {
      "detail": 7.287810890465886,
      "saturation": 4.040746121003912,
      "skin": 13.000938077119658,
      "boost": 0,
      "total": 0.0008611267853484521
    }
  }
}
