{
  "topCrop": {
    "x": 0,
    "y": 8,
    "width": 175,
    "height": 175,
    "score": {
      "detail": 17.24157601839678,
      "saturation": -0.11410533209019084,
      "skin": 11.376873597601742,
      "boost": 0,
      "total": 0.0007801618311750348
    }
  }
}
