{
  "topCrop": {
    "x": 0,
    "y": 16,
    "width": 175,
    "height": 175,
    "score": {
      "detail": 31.791998534088748,
      "saturation": 16.536313332985305,
      "skin": 23.82391018358229,
      "boost": 0,
      "total": 0.001769872066519558
    }
  }
}
