{
  "topCrop": {
    "x": 0,
    "y": 24,
    "width": 175,
    "height": 175,
    "score": {
      "detail": 6.447362538039892,
      "saturation": 1.5291240657280685,
      "skin": 8.482284457379341,
      "boost": 0,
      "total": 0.0005556349959382601
    }
  }
}
