{
  "topCrop": {
    "x": 0,
    "y": 8,
    "width": 175,
    "height": 175,
    "score": {
      "detail": 5.887304883037789,
      "saturation": 5.352764891702973,
      "skin": 8.29344333753664,
      "boost": 0,
      "total": 0.0005783343167896947
    }
  }
}
