{
  "topCrop": {
    "x": 0,
    "y": 16,
    "width": 175,
    "height": 175,
    "score": {
      "detail": 15.835296784758473,
      "saturation": -11.505338002032646,
      "skin": 13.631044525038723,
      "boost": 159.74190907232068,
      "total": 0.5223981141333381
    }
  }
}
