{
  "topCrop": {
    "x": 0,
    "y": 8,
    "width": 175,
    "height": 175,
    "score": {
      "detail": 16.81140307442766,
      "saturation": -9.46927247326181,
      "skin": 17.262539942297167,
      "boost": 0,
      "total": 0.0010316431271523883
    }
  }
}
