{
  "topCrop": {
    "x": 0,
    "y": 10,
    "width": 219,
    "height": 219,
    "score": {
      "detail": 14.726718173156048,
      "saturation": -5.757029417412719,
      "skin": 13.91368873911701,
      "boost": 0,
      "total": 0.0008575632502797719
    }
  }
}
