{
  "topCrop": {
    "x": 0,
    "y": 16,
    "width": 175,
    "height": 175,
    "score": {
      "detail": 31.799620533446276,
      "saturation": 16.553324750739435,
      "skin": 23.81811616743477,
      "boost": 0,
      "total": 0.0017697479390463239
    }
  }
}
