{
  "topCrop": {
    "x": 0,
    "y": 32,
    "width": 175,
    "height": 175,
    "score": {
      "detail": 9.65496050088773,
      "saturation": -4.020043471168195,
      "skin": 13.554962180262455,
      "boost": 0,
      "total": 0.0008203726035363105
    }
  }
}
