{
  "topCrop": {
    "x": 0,
    "y": 20,
    "width": 219,
    "height": 219,
    "score": {
      "detail": 18.792839087021115,
      "saturation": -17.332457185606987,
      "skin": 18.72363079450944,
      "boost": 0,
      "total": 0.0010534323621825019
    }
  }
}
