{
  "topCrop": {
    "x": 0,
    "y": 0,
    "width": 400,
    "height": 400,
    "score": {
      "detail": 8.444028014431746,
      "saturation": -7.06558834654385,
      "skin": 16.115331195918323,
      "boost": 123.74614839335324,
      "total": 0.40500217353753143
    }
  }
}
