{
  "topCrop": {
    "x": 0,
    "y": 8,
    "width": 175,
    "height": 175,
    "score": {
      "detail": -4.992875257470149,
      "saturation": -24.595353353123084,
      "skin": 13.642220624028198,
      "boost": 133.27279154482167,
      "total": 0.43570475005870973
    }
  }
}
