{
  "topCrop": {
    "x": 0,
    "y": 0,
    "width": 175,
    "height": 175,
    "score": {
      "detail": -3.6028407507944555,
      "saturation": 5.398725017764032,
      "skin": 22.928913362424726,
      "boost": 228.21871496466767,
      "total": 0.7465809825265078
    }
  }
}
