{
  "topCrop": {
    "x": 0,
    "y": 0,
    "width": 178,
    "height": 178,
    "score": {
      "detail": -7.142642315765116,
      "saturation": 2.013169140463657,
      "skin": 14.7951618578397,
      "boost": 0,
      "total": 0.0008523818741939998
    }
  }
}
