{
  "topCrop": {
    "x": 0,
    "y": 8,
    "width": 178,
    "height": 178,
    "score": {
      "detail": 2.2479465646457677,
      "saturation": 2.3977140211762764,
      "skin": -2.8234771496745634,
      "boost": 0,
      "total": -0.00012925602292681259
    }
  }
}
