{
  "topCrop": {
    "x": 0,
    "y": 24,
    "width": 175,
    "height": 175,
    "score": {
      "detail": 19.450094173522757,
      "saturation": -22.852162109508797,
      "skin": 28.305426342820756,
      "boost": 0,
      "total": 0.0015668289834752415
    }
  }
}
