{
  "topCrop": {
    "x": 0,
    "y": 0,
    "width": 219,
    "height": 219,
    "score": {
      "detail": 4.779802026423166,
      "saturation": -12.508350701334972,
      "skin": 13.093819658087249,
      "boost": 79.80301133881606,
      "total": 0.26125954169668725
    }
  }
}
