{
  "topCrop": {
    "x": 0,
    "y": 10,
    "width": 219,
    "height": 219,
    "score": {
      "detail": 3.202640601915898,
      "saturation": -17.135531135154057,
      "skin": 11.701336312958913,
      "boost": 0,
      "total": 0.0005408089516134859
    }
  }
}
