{
  "topCrop": {
    "x": 0,
    "y": 40,
    "width": 219,
    "height": 219,
    "score": {
      "detail": 18.534570719020984,
      "saturation": 3.49067325609468,
      "skin": 15.30932265126186,
      "boost": 208.72493930804677,
      "total": 0.682605871924819
    }
  }
}
