{
  "topCrop": {
    "x": 0,
    "y": 8,
    "width": 175,
    "height": 175,
    "score": {
      "detail": 12.310105105229947,
      "saturation": -12.662010955653956,
      "skin": 13.535035864795136,
      "boost": 111.33102293083152,
      "total": 0.364281755930584
    }
  }
}
