{
  "topCrop": {
    "x": 0,
    "y": 0,
    "width": 175,
    "height": 175,
    "score": {
      "detail": 1.468404722265858,
      "saturation": -11.391421684365831,
      "skin": 7.162669170373141,
      "boost": 127.50917072951636,
      "total": 0.4166754655313453
    }
  }
}
