{
  "topCrop": {
    "x": 0,
    "y": 8,
    "width": 175,
    "height": 175,
    "score": {
      "detail": 39.8627428244256,
      "saturation": -13.04831661422103,
      "skin": 33.86221996586654,
      "boost": 0,
      "total": 0.0021227771271568516
    }
  }
}
