{
  "topCrop": {
    "x": 0,
    "y": 8,
    "width": 178,
    "height": 178,
    "score": {
      "detail": 2.2474715685192614,
      "saturation": 2.385084717846455,
      "skin": -2.8146274867183037,
      "boost": 0,
      "total": -0.00012885816313367544
    }
  }
}
