{
  "topCrop": {
    "x": 0,
    "y": 8,
    "width": 175,
    "height": 175,
    "score": {
      "detail": 5.890944458693664,
      "saturation": -0.060139799993347474,
      "skin": 8.129108983978337,
      "boost": 0,
      "total": 0.0005156748774825056
    }
  }
}
