{
  "topCrop": {
    "x": 0,
    "y": 24,
    "width": 175,
    "height": 175,
    "score": {
      "detail": 6.368836635256171,
      "saturation": 1.5298513882543365,
      "skin": 8.469680763839692,
      "boost": 337.9571825543244,
      "total": 1.1040880458302327
    }
  }
}
