{
  "topCrop": {
    "x": 0,
    "y": 8,
    "width": 175,
    "height": 175,
    "score": {
      "detail": 5.813037389636941,
      "saturation": 5.311066144308704,
      "skin": 8.257955329417264,
      "boost": 0,
      "total": 0.0005753550012790556
    }
  }
}
