{
  "topCrop": {
    "x": 0,
    "y": 16,
    "width": 175,
    "height": 175,
    "score": {
      "detail": -4.830210010646356,
      "saturation": -8.38637193948719,
      "skin": 18.462145224557617,
      "boost": 130.78105811919596,
      "total": 0.4280116153384433
    }
  }
}
