{
  "topCrop": {
    "x": 0,
    "y": 0,
    "width": 175,
    "height": 175,
    "score": {
      "detail": -5.992105555179322,
      "saturation": 5.748130043336735,
      "skin": 7.910255017480826,
      "boost": 121.12553192025054,
      "total": 0.3959940463333383
    }
  }
}
