{
  "topCrop": {
    "x": 0,
    "y": 8,
    "width": 175,
    "height": 175,
    "score": {
      "detail": 17.260346194249646,
      "saturation": -0.11328500217438454,
      "skin": 11.373154455239481,
      "boost": 0,
      "total": 0.0007800738533103244
    }
  }
}
