{
  "topCrop": {
    "x": 0,
    "y": 0,
    "width": 175,
    "height": 175,
    "score": {
      "detail": 12.649706636380865,
      "saturation": -0.13561759760393424,
      "skin": 11.533535572555772,
      "boost": 197.0349974416258,
      "total": 0.6441387547507321
    }
  }
}
