{
  "topCrop": {
    "x": 0,
    "y": 10,
    "width": 219,
    "height": 219,
    "score": {
      "detail": 14.873775278477826,
      "saturation": -5.847395931422517,
      "skin": 13.948835042365355,
      "boost": 0,
      "total": 0.0008597041421233126
    }
  }
}
