{
  "topCrop": {
    "x": 0,
    "y": 10,
    "width": 219,
    "height": 219,
    "score": {
      "detail": 3.254876461552734,
      "saturation": -16.989470563939392,
      "skin": 11.687284256677483,
      "boost": 0,
      "total": 0.0005417549644130025
    }
  }
}
