{
  "topCrop": {
    "x": 0,
    "y": 8,
    "width": 175,
    "height": 175,
    "score": {
      "detail": 26.482330825925892,
      "saturation": -1.1150311568408913,
      "skin": 21.387889251795404,
      "boost": 0,
      "total": 0.0014191071827384372
    }
  }
}
