{
  "topCrop": {
    "x": 0,
    "y": 16,
    "width": 175,
    "height": 175,
    "score": {
      "detail": 18.401150265838762,
      "saturation": 5.059711691597264,
      "skin": 25.678525511182954,
      "boost": 0,
      "total": 0.0016790037381477958
    }
  }
}
