{
  "topCrop": {
    "x": 0,
    "y": 8,
    "width": 175,
    "height": 175,
    "score": {
      "detail": -0.9697945023564077,
      "saturation": -17.037496703802265,
      "skin": 3.969942494780763,
      "boost": 0,
      "total": 0.000060104116865091015
    }
  }
}
