{
  "topCrop": {
    "x": 0,
    "y": 20,
    "width": 219,
    "height": 219,
    "score": {
      "detail": 15.16909248279324,
      "saturation": 3.185125589972673,
      "skin": 18.044187425578098,
      "boost": 0,
      "total": 0.001190821013537666
    }
  }
}
