{
  "topCrop": {
    "x": 0,
    "y": 24,
    "width": 175,
    "height": 175,
    "score": {
      "detail": 6.368836635256171,
      "saturation": 1.5298513882543365,
      "skin": 8.469680763839692,
      "boost": 0,
      "total": 0.0005543885099898443
    }
  }
}
