{
  "topCrop": {
    "x": 0,
    "y": 0,
    "width": 175,
    "height": 175,
    "score": {
      "detail": 12.536317841407742,
      "saturation": 18.142329333684295,
      "skin": 21.788546226951006,
      "boost": 312.53177457094074,
      "total": 1.0220521404953786
    }
  }
}
