{
  "topCrop": {
    "x": 0,
    "y": 16,
    "width": 175,
    "height": 175,
    "score": {
      "detail": 9.090378778365128,
      "saturation": -2.523416463211785,
      "skin": 15.916331475620554,
      "boost": 0,
      "total": 0.0009701370603371914
    }
  }
}
