{
  "topCrop": {
    "x": 0,
    "y": 0,
    "width": 175,
    "height": 175,
    "score": {
      "detail": -12.974874293087652,
      "saturation": -3.9662407553296677,
      "skin": 13.660116332757262,
      "boost": 135.43947541929376,
      "total": 0.442930641771204
    }
  }
}
