{
  "topCrop": {
    "x": 0,
    "y": 0,
    "width": 178,
    "height": 178,
    "score": {
      "detail": 29.00929550105647,
      "saturation": 0.6548787860221335,
      "skin": 13.963277514677667,
      "boost": 0,
      "total": 0.0010282805609207867
    }
  }
}
