{
  "topCrop": {
    "x": 0,
    "y": 8,
    "width": 175,
    "height": 175,
    "score": {
      "detail": 26.50722427103053,
      "saturation": -1.094743575708942,
      "skin": 21.368847045840162,
      "boost": 0,
      "total": 0.0014183492722940642
    }
  }
}
