{
  "topCrop": {
    "x": 0,
    "y": 32,
    "width": 175,
    "height": 175,
    "score": {
      "detail": 5.3735674147499015,
      "saturation": -8.36560099557282,
      "skin": 21.56632736152106,
      "boost": 0,
      "total": 0.001220715834612769
    }
  }
}
