{
  "topCrop": {
    "x": 0,
    "y": 16,
    "width": 175,
    "height": 175,
    "score": {
      "detail": 18.387848489420872,
      "saturation": 5.047810046765962,
      "skin": 25.69897914253608,
      "boost": 0,
      "total": 0.0016800024544809439
    }
  }
}
