{
  "topCrop": {
    "x": 0,
    "y": 8,
    "width": 175,
    "height": 175,
    "score": {
      "detail": 5.029784703865782,
      "saturation": -2.276611725363908,
      "skin": 8.39650738803526,
      "boost": 0,
      "total": 0.00050405507662457
    }
  }
}
