{
  "topCrop": {
    "x": 0,
    "y": 16,
    "width": 175,
    "height": 175,
    "score": {
      "detail": 9.035419550165878,
      "saturation": -2.583656285734833,
      "skin": 15.921762600818528,
      "boost": 0,
      "total": 0.0009695072556991371
    }
  }
}
