{
  "topCrop": {
    "x": 0,
    "y": 0,
    "width": 175,
    "height": 175,
    "score": {
      "detail": -3.386164585654943,
      "saturation": -3.231691651899688,
      "skin": 8.738428425727296,
      "boost": 222.35334246324027,
      "total": 0.7265115649658004
    }
  }
}
