{
  "topCrop": {
    "x": 0,
    "y": 0,
    "width": 178,
    "height": 178,
    "score": {
      "detail": 7.332058561006445,
      "saturation": 4.034655614375421,
      "skin": 13.032896451704751,
      "boost": 0,
      "total": 0.000863258753124008
    }
  }
}
