{
  "topCrop": {
    "x": 0,
    "y": 48,
    "width": 175,
    "height": 175,
    "score": {
      "detail": 57.52987322155498,
      "saturation": 20.910024014889107,
      "skin": 26.40213642209398,
      "boost": 0,
      "total": 0.002132337221503572
    }
  }
}
