{
  "topCrop": {
    "x": 0,
    "y": 32,
    "width": 175,
    "height": 175,
    "score": {
      "detail": 7.990119173469078,
      "saturation": 3.6403588561825106,
      "skin": 16.907578564073262,
      "boost": 0,
      "total": 0.0010815925847144634
    }
  }
}
