{
  "topCrop": {
    "x": 0,
    "y": 24,
    "width": 175,
    "height": 175,
    "score": {
      "detail": 8.787411583463394,
      "saturation": 7.352036584596128,
      "skin": 22.357874579191765,
      "boost": 0,
      "total": 0.0014435026133752392
    }
  }
}
