{
  "topCrop": {
    "x": 0,
    "y": 24,
    "width": 175,
    "height": 175,
    "score": {
      "detail": 8.829846478065589,
      "saturation": 7.346475602018415,
      "skin": 22.36651387697511,
      "boost": 0,
      "total": 0.0014442330434211866
    }
  }
}
