{
  "topCrop": {
    "x": 0,
    "y": 24,
    "width": 175,
    "height": 175,
    "score": {
      "detail": 3.592485621788105,
      "saturation": -3.743641065451303,
      "skin": 15.741395822456353,
      "boost": 0,
      "total": 0.000911997299106732
    }
  }
}
