{
  "topCrop": {
    "x": 0,
    "y": 10,
    "width": 219,
    "height": 219,
    "score": {
      "detail": 12.520715395355653,
      "saturation": 2.61280364950741,
      "skin": 8.237754955127713,
      "boost": 0,
      "total": 0.0005915409989601057
    }
  }
}
