{
  "topCrop": {
    "x": 0,
    "y": 0,
    "width": 178,
    "height": 178,
    "score": {
      "detail": -5.401519812746616,
      "saturation": -4.799052872217198,
      "skin": 11.617079831079254,
      "boost": 0,
      "total": 0.000607435720429653
    }
  }
}
