{
  "topCrop": {
    "x": 0,
    "y": 20,
    "width": 219,
    "height": 219,
    "score": {
      "detail": 26.737321797337465,
      "saturation": -10.558500023728849,
      "skin": 24.44034278333503,
      "boost": 0,
      "total": 0.0015076744934645514
    }
  }
}
