{
  "topCrop": {
    "x": 0,
    "y": 40,
    "width": 175,
    "height": 175,
    "score": {
      "detail": 26.238204002089642,
      "saturation": -4.740064048671029,
      "skin": 23.850058002454695,
      "boost": 0,
      "total": 0.0015267175833546145
    }
  }
}
