{
  "topCrop": {
    "x": 0,
    "y": 16,
    "width": 175,
    "height": 175,
    "score": {
      "detail": 6.9566355127143655,
      "saturation": 9.109495565717724,
      "skin": 23.095862462954447,
      "boost": 311.33172725826654,
      "total": 1.0180855331928893
    }
  }
}
