{
  "topCrop": {
    "x": 0,
    "y": 20,
    "width": 219,
    "height": 219,
    "score": {
      "detail": 19.29321064042658,
      "saturation": 2.231333738502802,
      "skin": 24.979455923808338,
      "boost": 0,
      "total": 0.0016160347073466504
    }
  }
}
