{
  "topCrop": {
    "x": 0,
    "y": 24,
    "width": 175,
    "height": 175,
    "score": {
      "detail": 3.5481008084873715,
      "saturation": -3.725430060710671,
      "skin": 15.77146265465633,
      "boost": 0,
      "total": 0.0009136530260201036
    }
  }
}
