{
  "topCrop": {
    "x": 0,
    "y": 16,
    "width": 175,
    "height": 175,
    "score": {
      "detail": 16.420550171346733,
      "saturation": 8.628925782984458,
      "skin": 23.586926363969383,
      "boost": 0,
      "total": 0.0015780981297733737
    }
  }
}
