{
  "topCrop": {
    "x": 0,
    "y": 32,
    "width": 175,
    "height": 175,
    "score": {
      "detail": 9.954348122607398,
      "saturation": 2.29843846549073,
      "skin": 17.261741659851115,
      "boost": 157.91397256555047,
      "total": 0.5167395524149208
    }
  }
}
