{
  "topCrop": {
    "x": 0,
    "y": 10,
    "width": 219,
    "height": 219,
    "score": {
      "detail": 13.729443965579648,
      "saturation": 6.846400836913047,
      "skin": 29.368180606426723,
      "boost": 0,
      "total": 0.001882858257494137
    }
  }
}
