{
  "topCrop": {
    "x": 0,
    "y": 16,
    "width": 175,
    "height": 175,
    "score": {
      "detail": 13.409516376814762,
      "saturation": -7.123882621035458,
      "skin": 21.13091487412669,
      "boost": 199.74795633476575,
      "total": 0.6534979924486222
    }
  }
}
