{
  "topCrop": {
    "x": 0,
    "y": 10,
    "width": 219,
    "height": 219,
    "score": {
      "detail": 13.893013824191653,
      "saturation": 6.937123225149659,
      "skin": 29.41038872603793,
      "boost": 0,
      "total": 0.0018872959816898453
    }
  }
}
