{
  "topCrop": {
    "x": 0,
    "y": 8,
    "width": 178,
    "height": 178,
    "score": {
      "detail": 0.0733909182577738,
      "saturation": -0.9708692662837435,
      "skin": -6.935362390995817,
      "boost": 0,
      "total": -0.0004214636973188677
    }
  }
}
