{
  "topCrop": {
    "x": 0,
    "y": 40,
    "width": 175,
    "height": 175,
    "score": {
      "detail": 26.251841033973946,
      "saturation": -4.736850264535588,
      "skin": 23.854989012672352,
      "boost": 0,
      "total": 0.0015271279461304278
    }
  }
}
