{
  "topCrop": {
    "x": 0,
    "y": 0,
    "width": 467,
    "height": 467,
    "score": {
      "detail": 8.672951219613228,
      "saturation": -14.39091735109166,
      "skin": 22.020624800316984,
      "boost": 106.24859072847002,
      "total": 0.34814411469473205
    }
  }
}
