{
  "topCrop": {
    "x": 0,
    "y": 0,
    "width": 175,
    "height": 175,
    "score": {
      "detail": 9.303089495184086,
      "saturation": -10.549034429174268,
      "skin": 21.26712826200543,
      "boost": 104.51506680629025,
      "total": 0.3424810912349688
    }
  }
}
