{
  "topCrop": {
    "x": 0,
    "y": 32,
    "width": 175,
    "height": 175,
    "score": {
      "detail": 19.270957259286202,
      "saturation": 6.303209317022287,
      "skin": 25.586881353606945,
      "boost": 0,
      "total": 0.0016914788794598018
    }
  }
}
