{
  "topCrop": {
    "x": 0,
    "y": 56,
    "width": 175,
    "height": 175,
    "score": {
      "detail": 22.369004466500467,
      "saturation": 10.507542483019055,
      "skin": 20.012415528964482,
      "boost": 0,
      "total": 0.0014252542560111634
    }
  }
}
