{
  "topCrop": {
    "x": 0,
    "y": 16,
    "width": 175,
    "height": 175,
    "score": {
      "detail": 13.707271579744361,
      "saturation": -1.9611411015713942,
      "skin": 16.559471750653717,
      "boost": 0,
      "total": 0.001043597098339727
    }
  }
}
