{
  "topCrop": {
    "x": 0,
    "y": 10,
    "width": 219,
    "height": 219,
    "score": {
      "detail": 12.738740544953279,
      "saturation": 2.5894729334760793,
      "skin": 8.260765039366715,
      "boost": 0,
      "total": 0.0005940887203230552
    }
  }
}
