{
  "topCrop": {
    "x": 0,
    "y": 0,
    "width": 175,
    "height": 175,
    "score": {
      "detail": -7.15170118394095,
      "saturation": -2.3265845321492318,
      "skin": 16.653568090199833,
      "boost": 162.700763902506,
      "total": 0.5321771264397234
    }
  }
}
