{
  "topCrop": {
    "x": 0,
    "y": 0,
    "width": 178,
    "height": 178,
    "score": {
      "detail": -5.361867480095246,
      "saturation": -4.797516876225861,
      "skin": 11.623326132241486,
      "boost": 0,
      "total": 0.0006080842409548113
    }
  }
}
