{
  "topCrop": {
    "x": 0,
    "y": 24,
    "width": 175,
    "height": 175,
    "score": {
      "detail": 17.611356151974043,
      "saturation": 8.0210045078293,
      "skin": 22.346402836829878,
      "boost": 279.5636619424259,
      "total": 0.9143679442263389
    }
  }
}
