{
  "topCrop": {
    "x": 0,
    "y": 0,
    "width": 175,
    "height": 175,
    "score": {
      "detail": 2.865694607976088,
      "saturation": 3.9938028858849246,
      "skin": 5.7487439843925605,
      "boost": 99.25868889907768,
      "total": 0.3245057276364746
    }
  }
}
