{
  "topCrop": {
    "x": 0,
    "y": 20,
    "width": 219,
    "height": 219,
    "score": {
      "detail": 19.45700009483177,
      "saturation": -1.6284780484133698,
      "skin": 19.700492813177824,
      "boost": 0,
      "total": 0.0012690202014093853
    }
  }
}
