{
  "topCrop": {
    "x": 0,
    "y": 32,
    "width": 175,
    "height": 175,
    "score": {
      "detail": 19.25501567426428,
      "saturation": 6.302876903459276,
      "skin": 25.584767132952724,
      "boost": 0,
      "total": 0.0016912472504556912
    }
  }
}
