{
  "topCrop": {
    "x": 0,
    "y": 16,
    "width": 175,
    "height": 175,
    "score": {
      "detail": 13.726503914337574,
      "saturation": -1.9521033002683272,
      "skin": 16.572798019212392,
      "boost": 0,
      "total": 0.0010445944890569573
    }
  }
}
