{
  "topCrop": {
    "x": 0,
    "y": 16,
    "width": 175,
    "height": 175,
    "score": {
      "detail": 16.395425641456832,
      "saturation": 8.641555678882902,
      "skin": 23.563559543858144,
      "boost": 0,
      "total": 0.0015766843758661514
    }
  }
}
