{
  "topCrop": {
    "x": 0,
    "y": 0,
    "width": 178,
    "height": 178,
    "score": {
      "detail": -12.038917692467848,
      "saturation": -0.5423267955494596,
      "skin": -11.012275948019111,
      "boost": 31.674785412876496,
      "total": 0.10388049818351357
    }
  }
}
