{
  "topCrop": {
    "x": 0,
    "y": 0,
    "width": 175,
    "height": 175,
    "score": {
      "detail": 14.77124990410914,
      "saturation": -3.3162890743829156,
      "skin": 19.876429774358165,
      "boost": 0,
      "total": 0.0012322265094645438
    }
  }
}
