{
  "topCrop": {
    "x": 0,
    "y": 0,
    "width": 175,
    "height": 175,
    "score": {
      "detail": 14.835561617484744,
      "saturation": -3.3310003473377225,
      "skin": 19.87400000607698,
      "boost": 0,
      "total": 0.0012323595830280555
    }
  }
}
