{
  "topCrop": {
    "x": 0,
    "y": 8,
    "width": 178,
    "height": 178,
    "score": {
      "detail": 0.051335477933132284,
      "saturation": -0.9715516520172218,
      "skin": -6.924154964583969,
      "boost": 0,
      "total": -0.00042094983935360295
    }
  }
}
