{
  "topCrop": {
    "x": 0,
    "y": 24,
    "width": 175,
    "height": 175,
    "score": {
      "detail": 15.475438228366235,
      "saturation": -14.667028906596318,
      "skin": 16.51291017529249,
      "boost": 0,
      "total": 0.0009279417890357825
    }
  }
}
