{
  "topCrop": {
    "x": 0,
    "y": 0,
    "width": 175,
    "height": 175,
    "score": {
      "detail": -11.216946974269352,
      "saturation": -18.700237637767923,
      "skin": 14.623445105271369,
      "boost": 214.61413614385373,
      "total": 0.701383913629018
    }
  }
}
