{
  "topCrop": {
    "x": 0,
    "y": 24,
    "width": 175,
    "height": 175,
    "score": {
      "detail": 13.697130220232316,
      "saturation": -11.921043464367111,
      "skin": 21.43385881753887,
      "boost": 0,
      "total": 0.001232459065348777
    }
  }
}
