{
  "topCrop": {
    "x": 0,
    "y": 54,
    "width": 400,
    "height": 400,
    "score": {
      "detail": 15.268616722824564,
      "saturation": -14.883200281878796,
      "skin": 15.64366396947593,
      "boost": 189.79307511223658,
      "total": 0.6206058732939989
    }
  }
}
