{
  "topCrop": {
    "x": 0,
    "y": 8,
    "width": 175,
    "height": 175,
    "score": {
      "detail": 10.11222063920873,
      "saturation": -5.314698845628467,
      "skin": 12.144789499485215,
      "boost": 0,
      "total": 0.0007277928350441336
    }
  }
}
