{
  "topCrop": {
    "x": 0,
    "y": 0,
    "width": 178,
    "height": 178,
    "score": {
      "detail": -0.7505677278337677,
      "saturation": 2.7358299118508866,
      "skin": 13.481273138659168,
      "boost": 139.64095113485516,
      "total": 0.4620502061224432
    }
  }
}
