{
  "topCrop": {
    "x": 0,
    "y": 16,
    "width": 175,
    "height": 175,
    "score": {
      "detail": 9.637523232057925,
      "saturation": -7.24181881635357,
      "skin": 19.945457256908018,
      "boost": 0,
      "total": 0.0011643030878021206
    }
  }
}
