{
  "topCrop": {
    "x": 0,
    "y": 0,
    "width": 175,
    "height": 175,
    "score": {
      "detail": -7.351876924520505,
      "saturation": -1.448016838740473,
      "skin": 14.245653969872338,
      "boost": 228.6980799647682,
      "total": 0.7475443393693407
    }
  }
}
