{
  "topCrop": {
    "x": 0,
    "y": 24,
    "width": 175,
    "height": 175,
    "score": {
      "detail": 5.814262325690702,
      "saturation": -0.923547024954483,
      "skin": 13.986116239512343,
      "boost": 0,
      "total": 0.0008509648192252738
    }
  }
}
