{
  "topCrop": {
    "x": 0,
    "y": 8,
    "width": 175,
    "height": 175,
    "score": {
      "detail": 4.437880285564894,
      "saturation": -1.3424538354023836,
      "skin": 13.23012113112746,
      "boost": 0,
      "total": 0.0007934386266945859
    }
  }
}
