{
  "topCrop": {
    "x": 0,
    "y": 0,
    "width": 219,
    "height": 219,
    "score": {
      "detail": 20.00868356265348,
      "saturation": -4.526161092691703,
      "skin": 16.253809561167568,
      "boost": 0,
      "total": 0.0010416569990146876
    }
  }
}
