{
  "topCrop": {
    "x": 0,
    "y": 24,
    "width": 175,
    "height": 175,
    "score": {
      "detail": 13.177948430643996,
      "saturation": -16.62181962757836,
      "skin": 23.202377130236822,
      "boost": 0,
      "total": 0.0012869656369724593
    }
  }
}
