{
  "topCrop": {
    "x": 0,
    "y": 8,
    "width": 178,
    "height": 178,
    "score": {
      "detail": 12.968374811782581,
      "saturation": -3.8717681130313486,
      "skin": 12.712085540161972,
      "boost": 0,
      "total": 0.0008030749934185052
    }
  }
}
