{
  "topCrop": {
    "x": 0,
    "y": 0,
    "width": 357,
    "height": 357,
    "score": {
      "detail": 19.260597842450014,
      "saturation": 4.370590845821755,
      "skin": 19.66055400486147,
      "boost": 179.4753798059806,
      "total": 0.5873662130491116
    }
  }
}
