{
  "topCrop": {
    "x": 0,
    "y": 8,
    "width": 175,
    "height": 175,
    "score": {
      "detail": 33.278689065189205,
      "saturation": -1.2360557050269259,
      "skin": 20.518831104088253,
      "boost": 115.60566231565758,
      "total": 0.3788991036295395
    }
  }
}
