{
  "topCrop": {
    "x": 0,
    "y": 0,
    "width": 219,
    "height": 219,
    "score": {
      "detail": 17.567582086949685,
      "saturation": -2.4821168508282767,
      "skin": 15.76382889062731,
      "boost": 0,
      "total": 0.0010169395384578158
    }
  }
}
