{
  "topCrop": {
    "x": 0,
    "y": 8,
    "width": 178,
    "height": 178,
    "score": {
      "detail": 13.03984441745713,
      "saturation": -3.8773151377939703,
      "skin": 12.740119337685643,
      "boost": 0,
      "total": 0.0008051588436381092
    }
  }
}
