{
  "topCrop": {
    "x": 0,
    "y": 0,
    "width": 175,
    "height": 175,
    "score": {
      "detail": 17.37741630820825,
      "saturation": 0.6709443052385062,
      "skin": 19.944183102999336,
      "boost": 110.53966948552792,
      "total": 0.3622381467654336
    }
  }
}
