{
  "topCrop": {
    "x": 0,
    "y": 8,
    "width": 175,
    "height": 175,
    "score": {
      "detail": 4.434574104911883,
      "saturation": -1.346245157947998,
      "skin": 13.222150134300984,
      "boost": 0,
      "total": 0.0007929113964192571
    }
  }
}
