{
  "topCrop": {
    "x": 0,
    "y": 0,
    "width": 178,
    "height": 178,
    "score": {
      "detail": 19.0707450041572,
      "saturation": 7.776368512682111,
      "skin": 13.98997381235995,
      "boost": 0,
      "total": 0.0010347804339042141
    }
  }
}
