{
  "topCrop": {
    "x": 0,
    "y": 24,
    "width": 175,
    "height": 175,
    "score": {
      "detail": 15.421925870897457,
      "saturation": -14.69463879224075,
      "skin": 16.50560526542672,
      "boost": 0,
      "total": 0.0009268925065885833
    }
  }
}
