{
  "topCrop": {
    "x": 0,
    "y": 8,
    "width": 175,
    "height": 175,
    "score": {
      "detail": 2.777791626533019,
      "saturation": -6.19790801113706,
      "skin": 12.637789982730386,
      "boost": 196.08894410860628,
      "total": 0.6409906487755596
    }
  }
}
