{
  "topCrop": {
    "x": 0,
    "y": 8,
    "width": 175,
    "height": 175,
    "score": {
      "detail": 9.008822339319494,
      "saturation": -1.2194026080261182,
      "skin": 19.807896294096253,
      "boost": 0,
      "total": 0.0012111071678311614
    }
  }
}
