{
  "topCrop": {
    "x": 0,
    "y": 0,
    "width": 219,
    "height": 219,
    "score": {
      "detail": 17.583550514145358,
      "saturation": -2.4675783511739713,
      "skin": 15.760437409529937,
      "boost": 0,
      "total": 0.0010169869039879434
    }
  }
}
