{
  "topCrop": {
    "x": 0,
    "y": 10,
    "width": 219,
    "height": 219,
    "score": {
      "detail": 13.944204361547833,
      "saturation": -11.875721911847188,
      "skin": 24.168135394233772,
      "boost": 0,
      "total": 0.0013952250778245289
    }
  }
}
