{
  "topCrop": {
    "x": 0,
    "y": 0,
    "width": 395,
    "height": 395,
    "score": {
      "detail": 3.810631172963903,
      "saturation": -6.658481308467512,
      "skin": 12.437562568454586,
      "boost": 104.75768353879008,
      "total": 0.34670764131141096
    }
  }
}
