{
  "topCrop": {
    "x": 0,
    "y": 0,
    "width": 175,
    "height": 175,
    "score": {
      "detail": 8.860890103602069,
      "saturation": 0.2358069373996454,
      "skin": 14.397058995329122,
      "boost": 122.46376659876273,
      "total": 0.40078805832391207
    }
  }
}
