{
  "topCrop": {
    "x": 0,
    "y": 16,
    "width": 175,
    "height": 175,
    "score": {
      "detail": 16.35926131816037,
      "saturation": -1.3791226633143527,
      "skin": 15.050671731509981,
      "boost": 0,
      "total": 0.000977937129187126
    }
  }
}
