{
  "topCrop": {
    "x": 0,
    "y": 24,
    "width": 175,
    "height": 175,
    "score": {
      "detail": 7.470134684967891,
      "saturation": 1.6211977174951129,
      "skin": 16.839640671268345,
      "boost": 0,
      "total": 0.0010544241456498004
    }
  }
}
