{
  "topCrop": {
    "x": 0,
    "y": 0,
    "width": 219,
    "height": 219,
    "score": {
      "detail": 19.96717900409501,
      "saturation": -4.5119980722634825,
      "skin": 16.213052315675338,
      "boost": 0,
      "total": 0.0010391291607299777
    }
  }
}
