{
  "topCrop": {
    "x": 0,
    "y": 24,
    "width": 175,
    "height": 175,
    "score": {
      "detail": 7.411924233177834,
      "saturation": 1.6129031081058982,
      "skin": 16.7833924662603,
      "boost": 0,
      "total": 0.0010506567254966817
    }
  }
}
