{
  "topCrop": {
    "x": 0,
    "y": 16,
    "width": 175,
    "height": 175,
    "score": {
      "detail": 9.665697906084016,
      "saturation": -7.212472765899731,
      "skin": 19.981562556865885,
      "boost": 0,
      "total": 0.0011668966646140564
    }
  }
}
