{
  "topCrop": {
    "x": 0,
    "y": 0,
    "width": 175,
    "height": 175,
    "score": {
      "detail": -6.211995070879135,
      "saturation": -14.248748767029085,
      "skin": 17.399414206860165,
      "boost": 207.02205276192745,
      "total": 0.676832888101904
    }
  }
}
