{
  "topCrop": {
    "x": 0,
    "y": 8,
    "width": 175,
    "height": 175,
    "score": {
      "detail": 9.118420604125268,
      "saturation": -1.2120681658927104,
      "skin": 19.8265152430004,
      "boost": 0,
      "total": 0.0012129890974190355
    }
  }
}
