{
  "topCrop": {
    "x": 0,
    "y": 24,
    "width": 175,
    "height": 175,
    "score": {
      "detail": 13.611940877304974,
      "saturation": -11.904779216526501,
      "skin": 21.41357881510374,
      "boost": 0,
      "total": 0.001230870082536809
    }
  }
}
