{
  "topCrop": {
    "x": 0,
    "y": 0,
    "width": 175,
    "height": 175,
    "score": {
      "detail": 21.972864916739884,
      "saturation": -20.157041539639966,
      "skin": 22.31876986533753,
      "boost": 0,
      "total": 0.0012578366131939115
    }
  }
}
