{
  "topCrop": {
    "x": 0,
    "y": 24,
    "width": 175,
    "height": 175,
    "score": {
      "detail": 5.785169035776254,
      "saturation": -0.9059931691675686,
      "skin": 13.980383928572717,
      "boost": 0,
      "total": 0.0008506098588681101
    }
  }
}
