{
  "topCrop": {
    "x": 0,
    "y": 18,
    "width": 400,
    "height": 400,
    "score": {
      "detail": 13.16795925910967,
      "saturation": -11.691156476179248,
      "skin": 15.262736508848473,
      "boost": 138.55239252156903,
      "total": 0.45328451992756896
    }
  }
}
