{
  "topCrop": {
    "x": 0,
    "y": 16,
    "width": 175,
    "height": 175,
    "score": {
      "detail": 16.296568046482655,
      "saturation": -1.4436701105328742,
      "skin": 15.051741846186406,
      "boost": 0,
      "total": 0.0009769582987517453
    }
  }
}
