{
  "topCrop": {
    "x": 0,
    "y": 0,
    "width": 175,
    "height": 175,
    "score": {
      "detail": -5.708961951202771,
      "saturation": -3.7450716352114215,
      "skin": 14.476212111391975,
      "boost": 158.19046285798015,
      "total": 0.5173171642030274
    }
  }
}
