{
  "topCrop": {
    "x": 0,
    "y": 0,
    "width": 400,
    "height": 400,
    "score": {
      "detail": 9.114168813912459,
      "saturation": -15.529225504603213,
      "skin": 27.282527743393924,
      "boost": 103.08863228833182,
      "total": 0.3381268847308635
    }
  }
}
