{
  "topCrop": {
    "x": 0,
    "y": 10,
    "width": 219,
    "height": 219,
    "score": {
      "detail": 6.748933421165721,
      "saturation": -6.192654402715471,
      "skin": 20.606553016483833,
      "boost": 0,
      "total": 0.0011945725973253683
    }
  }
}
