{
  "topCrop": {
    "x": 0,
    "y": 24,
    "width": 175,
    "height": 175,
    "score": {
      "detail": 13.071835381872084,
      "saturation": -16.660784192455722,
      "skin": 23.14712564146858,
      "boost": 0,
      "total": 0.0012826435256581598
    }
  }
}
