{
  "topCrop": {
    "x": 0,
    "y": 0,
    "width": 175,
    "height": 175,
    "score": {
      "detail": 1.3840975502451265,
      "saturation": -9.553781015361244,
      "skin": 17.693285334245946,
      "boost": 174.3483938907742,
      "total": 0.5702562608288817
    }
  }
}
