{
  "topCrop": {
    "x": 0,
    "y": 10,
    "width": 219,
    "height": 219,
    "score": {
      "detail": 6.630135795580957,
      "saturation": -6.159352019773057,
      "skin": 20.601194619436004,
      "boost": 0,
      "total": 0.0011938080610014396
    }
  }
}
