{
  "topCrop": {
    "x": 0,
    "y": 0,
    "width": 175,
    "height": 175,
    "score": {
      "detail": -11.741237058928476,
      "saturation": -6.823212243233647,
      "skin": 0.8577000074207451,
      "boost": 74.19307546164836,
      "total": 0.24216999820713267
    }
  }
}
