{
  "topCrop": {
    "x": 0,
    "y": 0,
    "width": 178,
    "height": 178,
    "score": {
      "detail": -0.8242218040953618,
      "saturation": 2.726968883598404,
      "skin": 13.483970469687389,
      "boost": 0,
      "total": 0.0008232393033986573
    }
  }
}
