{
  "topCrop": {
    "x": 0,
    "y": 0,
    "width": 175,
    "height": 175,
    "score": {
      "detail": -5.147855692571634,
      "saturation": -2.467113098933173,
      "skin": 19.678469344510113,
      "boost": 137.02589766803166,
      "total": 0.44853032837730905
    }
  }
}
