{
  "topCrop": {
    "x": 0,
    "y": 0,
    "width": 178,
    "height": 178,
    "score": {
      "detail": 19.069758853875417,
      "saturation": 7.777946939103112,
      "skin": 13.977598843221028,
      "boost": 0,
      "total": 0.0010340538304367773
    }
  }
}
