{
  "topCrop": {
    "x": 0,
    "y": 0,
    "width": 178,
    "height": 178,
    "score": {
      "detail": 9.846717270924525,
      "saturation": 3.3753812569656367,
      "skin": 14.407376103268046,
      "boost": 0,
      "total": 0.0009550546577208706
    }
  }
}
