{
  "topCrop": {
    "x": 0,
    "y": 0,
    "width": 175,
    "height": 175,
    "score": {
      "detail": 23.557918348801774,
      "saturation": -18.078581107471486,
      "skin": 15.703618188688102,
      "boost": 0,
      "total": 0.0008997394963969796
    }
  }
}
