{
  "topCrop": {
    "x": 0,
    "y": 30,
    "width": 219,
    "height": 219,
    "score": {
      "detail": 23.25391776817199,
      "saturation": -0.7150223723349086,
      "skin": 21.1479422532119,
      "boost": 0,
      "total": 0.00138783911502744
    }
  }
}
