{
  "topCrop": {
    "x": 0,
    "y": 8,
    "width": 175,
    "height": 175,
    "score": {
      "detail": 20.996141983828455,
      "saturation": -10.169377714666451,
      "skin": 12.282743374981603,
      "boost": 0,
      "total": 0.0007594237765659638
    }
  }
}
