{
  "topCrop": {
    "x": 0,
    "y": 0,
    "width": 333,
    "height": 333,
    "score": {
      "detail": -5.020766501957655,
      "saturation": 0.5080402056965938,
      "skin": 15.469762531629645,
      "boost": 264.68746612975315,
      "total": 0.8751400595948463
    }
  }
}
