{
  "topCrop": {
    "x": 0,
    "y": 32,
    "width": 175,
    "height": 175,
    "score": {
      "detail": 27.532211015735463,
      "saturation": 1.649554892627458,
      "skin": 6.641887979305774,
      "boost": 0,
      "total": 0.0005863414541611665
    }
  }
}
