{
  "topCrop": {
    "x": 0,
    "y": 20,
    "width": 219,
    "height": 219,
    "score": {
      "detail": 22.522906226899455,
      "saturation": 4.053330184184632,
      "skin": 26.701649818857014,
      "boost": 0,
      "total": 0.0017561975501902988
    }
  }
}
