{
  "topCrop": {
    "x": 0,
    "y": 0,
    "width": 175,
    "height": 175,
    "score": {
      "detail": 32.459517717466085,
      "saturation": 3.640093969343758,
      "skin": 11.214608615119602,
      "boost": 22.264218494307922,
      "total": 0.07360627189134053
    }
  }
}
