{
  "topCrop": {
    "x": 0,
    "y": 24,
    "width": 175,
    "height": 175,
    "score": {
      "detail": 3.8518588495919936,
      "saturation": 10.267226159263075,
      "skin": 19.820050831045908,
      "boost": 0,
      "total": 0.0012906655057495497
    }
  }
}
