{
  "topCrop": {
    "x": 0,
    "y": 24,
    "width": 175,
    "height": 175,
    "score": {
      "detail": 3.9133924404363647,
      "saturation": 10.253800603231985,
      "skin": 19.83507020090581,
      "boost": 0,
      "total": 0.0012918186132469332
    }
  }
}
