{
  "topCrop": {
    "x": 0,
    "y": 0,
    "width": 219,
    "height": 219,
    "score": {
      "detail": 4.376623837485896,
      "saturation": -3.3786627352689926,
      "skin": 16.644122710517223,
      "boost": 0,
      "total": 0.0009737517330888974
    }
  }
}
