{
  "topCrop": {
    "x": 0,
    "y": 0,
    "width": 178,
    "height": 178,
    "score": {
      "detail": -10.875852414400427,
      "saturation": -9.018916481229402,
      "skin": 5.973333320963877,
      "boost": 0,
      "total": 0.00019392107776740892
    }
  }
}
