{
  "topCrop": {
    "x": 0,
    "y": 20,
    "width": 219,
    "height": 219,
    "score": {
      "detail": 12.222541750653132,
      "saturation": 10.283455244493597,
      "skin": 23.664649862976553,
      "boost": 0,
      "total": 0.0015714584384273144
    }
  }
}
