{
  "topCrop": {
    "x": 0,
    "y": 16,
    "width": 175,
    "height": 175,
    "score": {
      "detail": 6.819383352745275,
      "saturation": 9.363360538038206,
      "skin": 15.822777057264197,
      "boost": 139.43360570875453,
      "total": 0.45635965565422004
    }
  }
}
