{
  "topCrop": {
    "x": 0,
    "y": 30,
    "width": 219,
    "height": 219,
    "score": {
      "detail": 0.07285584521711624,
      "saturation": -2.330990701390581,
      "skin": 14.14424648883541,
      "boost": 123.04445153118739,
      "total": 0.4025867778206455
    }
  }
}
