{
  "topCrop": {
    "x": 0,
    "y": 8,
    "width": 175,
    "height": 175,
    "score": {
      "detail": 1.9008377275961434,
      "saturation": -0.09973307405989394,
      "skin": 12.799933093582345,
      "boost": 0,
      "total": 0.0007637592552407994
    }
  }
}
