{
  "topCrop": {
    "x": 0,
    "y": 8,
    "width": 175,
    "height": 175,
    "score": {
      "detail": 18.113365980893654,
      "saturation": 0.16224961589208428,
      "skin": 21.20387346020435,
      "boost": 0,
      "total": 0.0013661492345898511
    }
  }
}
