{
  "topCrop": {
    "x": 0,
    "y": 20,
    "width": 219,
    "height": 219,
    "score": {
      "detail": 15.053449984862763,
      "saturation": -0.5314352900507927,
      "skin": 18.22569079825257,
      "boost": 0,
      "total": 0.0011643266235693696
    }
  }
}
