{
  "topCrop": {
    "x": 0,
    "y": 0,
    "width": 178,
    "height": 178,
    "score": {
      "detail": 22.708209559042587,
      "saturation": 4.030356351669497,
      "skin": 10.860177212063586,
      "boost": 0,
      "total": 0.0008356146055959778
    }
  }
}
