{
  "topCrop": {
    "x": 0,
    "y": 8,
    "width": 175,
    "height": 175,
    "score": {
      "detail": 12.616995094241709,
      "saturation": 0.34896431272145456,
      "skin": 14.408587748025656,
      "boost": 0,
      "total": 0.0009326872247872966
    }
  }
}
