{
  "topCrop": {
    "x": 0,
    "y": 40,
    "width": 175,
    "height": 175,
    "score": {
      "detail": 15.295361731340915,
      "saturation": -3.1005737353835974,
      "skin": 25.00038611766278,
      "boost": 0,
      "total": 0.0015389255587737506
    }
  }
}
