{
  "topCrop": {
    "x": 0,
    "y": 0,
    "width": 175,
    "height": 175,
    "score": {
      "detail": 20.09729421469908,
      "saturation": 7.107639195607172,
      "skin": 22.8282712374194,
      "boost": 103.44582022263226,
      "total": 0.33932488689280665
    }
  }
}
