{
  "topCrop": {
    "x": 0,
    "y": 0,
    "width": 219,
    "height": 219,
    "score": {
      "detail": -1.5965714197290561,
      "saturation": 33.85007969696721,
      "skin": 10.416181188515138,
      "boost": 0,
      "total": 0.0009333823923092767
    }
  }
}
