{
  "topCrop": {
    "x": 0,
    "y": 0,
    "width": 175,
    "height": 175,
    "score": {
      "detail": 8.147548159353079,
      "saturation": -26.42462175425704,
      "skin": 18.54428892755053,
      "boost": 0,
      "total": 0.0008843050832713293
    }
  }
}
