{
  "topCrop": {
    "x": 40,
    "y": 0,
    "width": 117,
    "height": 117,
    "score": {
      "detail": 1.2582901573502474,
      "saturation": 0.6010459111816883,
      "skin": 10.715837251372935,
      "boost": 95.62177588381563,
      "total": 0.6999706382671385
    }
  }
}
