{
  "topCrop": {
    "x": 0,
    "y": 20,
    "width": 219,
    "height": 219,
    "score": {
      "detail": 12.125305337485607,
      "saturation": 10.319082540633941,
      "skin": 23.656271281016853,
      "boost": 0,
      "total": 0.0015706799717720044
    }
  }
}
