{
  "topCrop": {
    "x": 0,
    "y": 0,
    "width": 175,
    "height": 175,
    "score": {
      "detail": 4.327979959676089,
      "saturation": -0.7434598050476187,
      "skin": 18.19033895300407,
      "boost": 228.66161487944524,
      "total": 0.7477402989750318
    }
  }
}
