{
  "topCrop": {
    "x": 0,
    "y": 0,
    "width": 175,
    "height": 175,
    "score": {
      "detail": -14.084145530160612,
      "saturation": -14.24575761443658,
      "skin": 9.257749037858202,
      "boost": 157.0872195173069,
      "total": 0.5132504601994603
    }
  }
}
