{
  "topCrop": {
    "x": 0,
    "y": 8,
    "width": 175,
    "height": 175,
    "score": {
      "detail": 0.296610105363359,
      "saturation": 0.5883853802044313,
      "skin": 14.617506609168903,
      "boost": 0,
      "total": 0.0008668522296045069
    }
  }
}
