{
  "topCrop": {
    "x": 0,
    "y": 36,
    "width": 400,
    "height": 400,
    "score": {
      "detail": 6.816594962091767,
      "saturation": -15.42838275617875,
      "skin": 12.569422962138143,
      "boost": 208.74907791557405,
      "total": 0.6822617977813819
    }
  }
}
