{
  "topCrop": {
    "x": 0,
    "y": 10,
    "width": 219,
    "height": 219,
    "score": {
      "detail": 8.72977877274138,
      "saturation": -0.9170870669108484,
      "skin": 13.219915483706632,
      "boost": 0,
      "total": 0.0008250343675150028
    }
  }
}
