{
  "topCrop": {
    "x": 0,
    "y": 8,
    "width": 175,
    "height": 175,
    "score": {
      "detail": 7.61128434500973,
      "saturation": -0.3145075190878136,
      "skin": 9.919916630700104,
      "boost": 160.5410427066095,
      "total": 0.5248453232721465
    }
  }
}
