{
  "topCrop": {
    "x": 0,
    "y": 8,
    "width": 175,
    "height": 175,
    "score": {
      "detail": 7.3496266258364455,
      "saturation": -12.09926343741601,
      "skin": 6.8604754857448045,
      "boost": 0,
      "total": 0.00033270211161740845
    }
  }
}
