{
  "topCrop": {
    "x": 0,
    "y": 8,
    "width": 175,
    "height": 175,
    "score": {
      "detail": 12.479431947924626,
      "saturation": 0.3463912564076082,
      "skin": 14.367832163919317,
      "boost": 0,
      "total": 0.0009293682175203911
    }
  }
}
