{
  "topCrop": {
    "x": 32,
    "y": 0,
    "width": 117,
    "height": 117,
    "score": {
      "detail": 8.814150645793509,
      "saturation": 2.2864622471187177,
      "skin": 2.7715513360158894,
      "boost": 0,
      "total": 0.0005433239249121863
    }
  }
}
