{
  "topCrop": {
    "x": 0,
    "y": 10,
    "width": 219,
    "height": 219,
    "score": {
      "detail": 8.660395943130817,
      "saturation": -1.1898171344083186,
      "skin": 13.147392366939748,
      "boost": 0,
      "total": 0.0008176470304912724
    }
  }
}
