{
  "topCrop": {
    "x": 0,
    "y": 0,
    "width": 400,
    "height": 400,
    "score": {
      "detail": 7.9610653742583715,
      "saturation": -4.049667618438972,
      "skin": 16.460305068970705,
      "boost": 140.05347458388115,
      "total": 0.45829725127515375
    }
  }
}
