{
  "topCrop": {
    "x": 0,
    "y": 32,
    "width": 175,
    "height": 175,
    "score": {
      "detail": -0.20223843321191487,
      "saturation": -2.9321495569488514,
      "skin": 14.44867746526509,
      "boost": 179.2743518176697,
      "total": 0.5862048231396154
    }
  }
}
