{
  "topCrop": {
    "x": 0,
    "y": 32,
    "width": 175,
    "height": 175,
    "score": {
      "detail": 20.188835432538085,
      "saturation": 8.891303911150992,
      "skin": 17.569805513292504,
      "boost": 0,
      "total": 0.001251618226409124
    }
  }
}
