{
  "topCrop": {
    "x": 0,
    "y": 8,
    "width": 175,
    "height": 175,
    "score": {
      "detail": 18.076344439481353,
      "saturation": 0.16566772748968225,
      "skin": 21.190004965352244,
      "boost": 0,
      "total": 0.0013651258169396642
    }
  }
}
