{
  "topCrop": {
    "x": 0,
    "y": 50,
    "width": 219,
    "height": 219,
    "score": {
      "detail": 3.613856875427768,
      "saturation": 4.159844462187584,
      "skin": -5.777658264519428,
      "boost": 0,
      "total": -0.0002752346175475312
    }
  }
}
