{
  "topCrop": {
    "x": 0,
    "y": 0,
    "width": 175,
    "height": 175,
    "score": {
      "detail": -2.2543137348625453,
      "saturation": -11.179443498955393,
      "skin": 7.675614307826611,
      "boost": 143.40005838790745,
      "total": 0.46857199179585873
    }
  }
}
