{
  "topCrop": {
    "x": 0,
    "y": 0,
    "width": 219,
    "height": 219,
    "score": {
      "detail": 4.423200007149331,
      "saturation": -3.4193576034469215,
      "skin": 16.632820229226123,
      "boost": 97.35971429645569,
      "total": 0.318882264123382
    }
  }
}
