{
  "topCrop": {
    "x": 0,
    "y": 16,
    "width": 175,
    "height": 175,
    "score": {
      "detail": 35.83083169643995,
      "saturation": 10.55819863482007,
      "skin": 25.023127289291924,
      "boost": 0,
      "total": 0.001808171593484391
    }
  }
}
