{
  "topCrop": {
    "x": 0,
    "y": 8,
    "width": 175,
    "height": 175,
    "score": {
      "detail": 21.039143272680224,
      "saturation": -10.184843163869738,
      "skin": 12.285378512509155,
      "boost": 0,
      "total": 0.0007597079845842157
    }
  }
}
