{
  "topCrop": {
    "x": 0,
    "y": 8,
    "width": 175,
    "height": 175,
    "score": {
      "detail": 9.802147217245217,
      "saturation": 0.7872588344096539,
      "skin": 12.489207863507426,
      "boost": 0,
      "total": 0.0008057855101415611
    }
  }
}
