{
  "topCrop": {
    "x": 0,
    "y": 16,
    "width": 175,
    "height": 175,
    "score": {
      "detail": 14.079394287727451,
      "saturation": 4.673878530266245,
      "skin": 20.77724680731293,
      "boost": 0,
      "total": 0.0013589252790135067
    }
  }
}
