{
  "topCrop": {
    "x": 0,
    "y": 0,
    "width": 400,
    "height": 400,
    "score": {
      "detail": 10.989003142380819,
      "saturation": -14.062708865155255,
      "skin": 16.55535389650914,
      "boost": 125.80254209503416,
      "total": 0.41169086806485095
    }
  }
}
