{
  "topCrop": {
    "x": 0,
    "y": 0,
    "width": 178,
    "height": 178,
    "score": {
      "detail": 9.811311575533383,
      "saturation": 3.3823671103301107,
      "skin": 14.404163953251452,
      "boost": 0,
      "total": 0.0009546990211407823
    }
  }
}
