{
  "topCrop": {
    "x": 0,
    "y": 16,
    "width": 175,
    "height": 175,
    "score": {
      "detail": 35.81719146146493,
      "saturation": 10.557973284060877,
      "skin": 24.997885996126417,
      "boost": 0,
      "total": 0.0018065967369971852
    }
  }
}
