{
  "topCrop": {
    "x": 0,
    "y": 0,
    "width": 499,
    "height": 499,
    "score": {
      "detail": 22.250467640300606,
      "saturation": -16.788748139631608,
      "skin": 34.04320533905256,
      "boost": 134.7263129155823,
      "total": 0.4419044091511737
    }
  }
}
