{
  "topCrop": {
    "x": 0,
    "y": 0,
    "width": 178,
    "height": 178,
    "score": {
      "detail": -10.87961029279148,
      "saturation": -9.029545227850312,
      "skin": 5.961617445160662,
      "boost": 97.06251674739299,
      "total": 0.3207853679651762
    }
  }
}
