{
  "topCrop": {
    "x": 0,
    "y": 0,
    "width": 178,
    "height": 178,
    "score": {
      "detail": 22.735047292815608,
      "saturation": 4.034912188582252,
      "skin": 10.888654274059888,
      "boost": 0,
      "total": 0.0008375300835131984
    }
  }
}
