{
  "topCrop": {
    "x": 0,
    "y": 0,
    "width": 175,
    "height": 175,
    "score": {
      "detail": 8.045831432122096,
      "saturation": -26.43957035822115,
      "skin": 18.49709644212763,
      "boost": 0,
      "total": 0.000880720613054296
    }
  }
}
