{
  "topCrop": {
    "x": 0,
    "y": 0,
    "width": 219,
    "height": 219,
    "score": {
      "detail": 24.444086961502293,
      "saturation": -8.494960614609724,
      "skin": 11.086905673704448,
      "boost": 0,
      "total": 0.0007280574504680995
    }
  }
}
