{
  "topCrop": {
    "x": 0,
    "y": 8,
    "width": 178,
    "height": 178,
    "score": {
      "detail": 11.894643961580691,
      "saturation": 9.25586909407,
      "skin": 11.660661230722459,
      "boost": 0,
      "total": 0.0008635513190592405
    }
  }
}
