{
  "topCrop": {
    "x": 0,
    "y": 8,
    "width": 175,
    "height": 175,
    "score": {
      "detail": 7.403459838785124,
      "saturation": -12.092043806822494,
      "skin": 6.882220410621671,
      "boost": 0,
      "total": 0.0003344024674229971
    }
  }
}
