{
  "topCrop": {
    "x": 0,
    "y": 0,
    "width": 175,
    "height": 175,
    "score": {
      "detail": 32.418951606476874,
      "saturation": 3.6635833522720325,
      "skin": 11.211617024210346,
      "boost": 0,
      "total": 0.0009065722765895709
    }
  }
}
