{
  "topCrop": {
    "x": 0,
    "y": 20,
    "width": 219,
    "height": 219,
    "score": {
      "detail": 22.2455125102286,
      "saturation": 4.038090952241699,
      "skin": 26.617739725262442,
      "boost": 0,
      "total": 0.0017493048585531632
    }
  }
}
