{
  "topCrop": {
    "x": 0,
    "y": 16,
    "width": 175,
    "height": 175,
    "score": {
      "detail": 12.125884776635932,
      "saturation": -1.2298256114865107,
      "skin": 16.147063135850853,
      "boost": 0,
      "total": 0.0010161940544134783
    }
  }
}
