{
  "topCrop": {
    "x": 0,
    "y": 8,
    "width": 175,
    "height": 175,
    "score": {
      "detail": 18.150639532214758,
      "saturation": 5.376821274717822,
      "skin": 20.187400395761117,
      "boost": 315.1653930020677,
      "total": 1.0304692178027102
    }
  }
}
