{
  "topCrop": {
    "x": 0,
    "y": 0,
    "width": 175,
    "height": 175,
    "score": {
      "detail": -1.7177157637343403,
      "saturation": -12.215923635179296,
      "skin": 17.517145956614286,
      "boost": 166.77118558567904,
      "total": 0.5454576686056003
    }
  }
}
