{
  "topCrop": {
    "x": 0,
    "y": 0,
    "width": 175,
    "height": 175,
    "score": {
      "detail": 18.415746342645637,
      "saturation": -10.394593866454384,
      "skin": 12.268838542701467,
      "boost": 75.47288803135432,
      "total": 0.24718163211823305
    }
  }
}
