{
  "topCrop": {
    "x": 0,
    "y": 0,
    "width": 175,
    "height": 175,
    "score": {
      "detail": -7.297960913812983,
      "saturation": -0.3026705437807402,
      "skin": 11.598716877308375,
      "boost": 240.89428111186436,
      "total": 0.7872246663908472
    }
  }
}
