{
  "topCrop": {
    "x": 0,
    "y": 24,
    "width": 175,
    "height": 175,
    "score": {
      "detail": 17.51616352373487,
      "saturation": -1.020738199709679,
      "skin": 12.0031220905033,
      "boost": 0,
      "total": 0.0008098818288241636
    }
  }
}
