{
  "topCrop": {
    "x": 0,
    "y": 0,
    "width": 219,
    "height": 219,
    "score": {
      "detail": 18.9487494530347,
      "saturation": -23.495644319369337,
      "skin": 19.66535586178975,
      "boost": 0,
      "total": 0.001049426845584251
    }
  }
}
