{
  "topCrop": {
    "x": 0,
    "y": 8,
    "width": 175,
    "height": 175,
    "score": {
      "detail": 15.084659129834934,
      "saturation": -11.689561864344174,
      "skin": 13.70607761692192,
      "boost": 141.6280170544694,
      "total": 0.4632484149689491
    }
  }
}
