{
  "topCrop": {
    "x": 0,
    "y": 20,
    "width": 219,
    "height": 219,
    "score": {
      "detail": 15.297006453263213,
      "saturation": -0.5373999717593966,
      "skin": 18.214892911155655,
      "boost": 0,
      "total": 0.001165224115565878
    }
  }
}
