{
  "topCrop": {
    "x": 0,
    "y": 0,
    "width": 178,
    "height": 178,
    "score": {
      "detail": -1.677338427448701,
      "saturation": 9.111014889243622,
      "skin": 11.694871632882657,
      "boost": 77.54752616652995,
      "total": 0.2569098038833884
    }
  }
}
