{
  "topCrop": {
    "x": 0,
    "y": 0,
    "width": 175,
    "height": 175,
    "score": {
      "detail": 6.064423359189277,
      "saturation": -0.47578720587560347,
      "skin": 7.344686621514181,
      "boost": 152.90845200938733,
      "total": 0.49975953584873584
    }
  }
}
