{
  "topCrop": {
    "x": 0,
    "y": 30,
    "width": 219,
    "height": 219,
    "score": {
      "detail": 23.03613531916257,
      "saturation": -0.7726937902736116,
      "skin": 21.180243662227195,
      "boost": 0,
      "total": 0.0013877504495921431
    }
  }
}
