{
  "topCrop": {
    "x": 0,
    "y": 0,
    "width": 219,
    "height": 219,
    "score": {
      "detail": 18.877847299128568,
      "saturation": -23.547650021485747,
      "skin": 19.62906389556354,
      "boost": 0,
      "total": 0.0010463212886659384
    }
  }
}
