{
  "topCrop": {
    "x": 0,
    "y": 10,
    "width": 219,
    "height": 219,
    "score": {
      "detail": 15.381158194134912,
      "saturation": -0.7472399568290509,
      "skin": 20.514928293921347,
      "boost": 155.2007222332048,
      "total": 0.5080767723722879
    }
  }
}
