{
  "topCrop": {
    "x": 0,
    "y": 16,
    "width": 175,
    "height": 175,
    "score": {
      "detail": -0.20974856054086177,
      "saturation": 0.7311410610811092,
      "skin": 14.746804401254591,
      "boost": 0,
      "total": 0.0008725433641950832
    }
  }
}
