{
  "topCrop": {
    "x": 0,
    "y": 0,
    "width": 175,
    "height": 175,
    "score": {
      "detail": 32.459517717466085,
      "saturation": 3.640093969343758,
      "skin": 11.214608615119602,
      "boost": 0,
      "total": 0.0009067829303350735
    }
  }
}
