{
  "topCrop": {
    "x": 0,
    "y": 16,
    "width": 175,
    "height": 175,
    "score": {
      "detail": -0.13787188894662405,
      "saturation": 0.7341675221333833,
      "skin": 14.762239951894115,
      "boost": 0,
      "total": 0.0008739496421962481
    }
  }
}
