{
  "topCrop": {
    "x": 0,
    "y": 0,
    "width": 219,
    "height": 219,
    "score": {
      "detail": 24.638339806824924,
      "saturation": -8.505556923544326,
      "skin": 11.180422187188464,
      "boost": 0,
      "total": 0.0007347187206935812
    }
  }
}
