{
  "topCrop": {
    "x": 0,
    "y": 8,
    "width": 178,
    "height": 178,
    "score": {
      "detail": 11.881251101486896,
      "saturation": 9.27398578761701,
      "skin": 11.645723803911222,
      "boost": 0,
      "total": 0.0008627542873438592
    }
  }
}
