{
  "topCrop": {
    "x": 0,
    "y": 20,
    "width": 219,
    "height": 219,
    "score": {
      "detail": 5.576387194194624,
      "saturation": -3.166707265565523,
      "skin": 16.566732977817782,
      "boost": 0,
      "total": 0.00097911459981196
    }
  }
}
