{
  "topCrop": {
    "x": 0,
    "y": 0,
    "width": 175,
    "height": 175,
    "score": {
      "detail": 25.524148585604554,
      "saturation": -15.836059978591413,
      "skin": 18.941627573397355,
      "boost": 127.78595360143439,
      "total": 0.4183851200489501
    }
  }
}
