{
  "topCrop": {
    "x": 0,
    "y": 50,
    "width": 219,
    "height": 219,
    "score": {
      "detail": 3.797859773365612,
      "saturation": 4.170232772403919,
      "skin": -5.670071631282718,
      "boost": 0,
      "total": -0.00026760774367068065
    }
  }
}
