{
  "topCrop": {
    "x": 0,
    "y": 0,
    "width": 175,
    "height": 175,
    "score": {
      "detail": -11.08196586452241,
      "saturation": 0.252032079727883,
      "skin": 12.62672351012301,
      "boost": 230.9258161868757,
      "total": 0.7547157204067528
    }
  }
}
