{
  "topCrop": {
    "x": 0,
    "y": 8,
    "width": 175,
    "height": 175,
    "score": {
      "detail": 9.799456444332924,
      "saturation": 0.772356283782247,
      "skin": 12.50589629518488,
      "boost": 0,
      "total": 0.0008066028246639689
    }
  }
}
