{
  "topCrop": {
    "x": 32,
    "y": 0,
    "width": 117,
    "height": 117,
    "score": {
      "detail": 8.82248775445701,
      "saturation": 2.2730649856669727,
      "skin": 2.7913464605834912,
      "boost": 0,
      "total": 0.0005457550351115332
    }
  }
}
