{
  "topCrop": {
    "x": 0,
    "y": 8,
    "width": 175,
    "height": 175,
    "score": {
      "detail": 12.177194873923522,
      "saturation": -23.453265601199956,
      "skin": 17.221248023289213,
      "boost": 207.3309401856962,
      "total": 0.6778609542630519
    }
  }
}
