{
  "topCrop": {
    "x": 0,
    "y": 0,
    "width": 175,
    "height": 175,
    "score": {
      "detail": 11.092950978770642,
      "saturation": 0.40207905374916175,
      "skin": 8.132963812974848,
      "boost": 0,
      "total": 0.0005544015926606891
    }
  }
}
