{
  "topCrop": {
    "x": 48,
    "y": 0,
    "width": 117,
    "height": 117,
    "score": {
      "detail": 7.994698943534314,
      "saturation": 1.4813803876995044,
      "skin": 0.7702616980072189,
      "boost": 70.67215293622557,
      "total": 0.5165202073624068
    }
  }
}
