{
  "topCrop": {
    "x": 0,
    "y": 10,
    "width": 219,
    "height": 219,
    "score": {
      "detail": 20.570412318478503,
      "saturation": 2.3723192845846133,
      "skin": 22.21873664134463,
      "boost": 174.83808166094005,
      "total": 0.5723633524995101
    }
  }
}
