{
  "topCrop": {
    "x": 0,
    "y": 16,
    "width": 175,
    "height": 175,
    "score": {
      "detail": 14.087160416276813,
      "saturation": 4.6583280441813715,
      "skin": 20.798745941662208,
      "boost": 0,
      "total": 0.0013600872878857713
    }
  }
}
