{
  "topCrop": {
    "x": 0,
    "y": 32,
    "width": 175,
    "height": 175,
    "score": {
      "detail": 15.78168603908925,
      "saturation": -3.2443472295681066,
      "skin": 11.61662630180032,
      "boost": 92.24469149581311,
      "total": 0.30196121175391016
    }
  }
}
