{
  "topCrop": {
    "x": 0,
    "y": 0,
    "width": 219,
    "height": 219,
    "score": {
      "detail": 4.398009689725923,
      "saturation": -3.4307847729157626,
      "skin": 16.62287925532588,
      "boost": 0,
      "total": 0.0009721322176541075
    }
  }
}
