{
  "topCrop": {
    "x": 0,
    "y": 32,
    "width": 175,
    "height": 175,
    "score": {
      "detail": 27.512427385275128,
      "saturation": 1.658879143446993,
      "skin": 6.647949105568999,
      "boost": 0,
      "total": 0.000586659840330231
    }
  }
}
