{
  "topCrop": {
    "x": 0,
    "y": 0,
    "width": 219,
    "height": 219,
    "score": {
      "detail": 1.1404328210694556,
      "saturation": -0.5030873758361407,
      "skin": 17.054857941439113,
      "boost": 149.50580788253743,
      "total": 0.48918715731917706
    }
  }
}
