{
  "topCrop": {
    "x": 0,
    "y": 16,
    "width": 175,
    "height": 175,
    "score": {
      "detail": 12.12447142971266,
      "saturation": -1.2124974885426505,
      "skin": 16.16127341869396,
      "boost": 0,
      "total": 0.00101718978589482
    }
  }
}
