{
  "topCrop": {
    "x": 0,
    "y": 30,
    "width": 219,
    "height": 219,
    "score": {
      "detail": 12.689651365044604,
      "saturation": -15.110699031443186,
      "skin": 26.07367481887227,
      "boost": 0,
      "total": 0.0014673415587770139
    }
  }
}
