{
  "topCrop": {
    "x": 0,
    "y": 8,
    "width": 175,
    "height": 175,
    "score": {
      "detail": 39.76259612593841,
      "saturation": 10.974983346355472,
      "skin": 16.583731945611365,
      "boost": 0,
      "total": 0.0013419014442839113
    }
  }
}
