{
  "topCrop": {
    "x": 0,
    "y": 24,
    "width": 175,
    "height": 175,
    "score": {
      "detail": 17.565576095205934,
      "saturation": -1.0515168570572646,
      "skin": 12.001191893471148,
      "boost": 0,
      "total": 0.0008097895696382718
    }
  }
}
