{
  "topCrop": {
    "x": 0,
    "y": 20,
    "width": 219,
    "height": 219,
    "score": {
      "detail": 5.805270399560217,
      "saturation": -3.228588114134246,
      "skin": 16.519122942647865,
      "boost": 0,
      "total": 0.0009772048634265446
    }
  }
}
