{
  "topCrop": {
    "x": 0,
    "y": 0,
    "width": 219,
    "height": 219,
    "score": {
      "detail": -15.030780785462834,
      "saturation": -5.298912100005414,
      "skin": 15.508055559383891,
      "boost": 73.18983649005644,
      "total": 0.23974864715838173
    }
  }
}
