{
  "topCrop": {
    "x": 0,
    "y": 30,
    "width": 219,
    "height": 219,
    "score": {
      "detail": 12.655857429939772,
      "saturation": -15.022087231815489,
      "skin": 26.068969364522193,
      "boost": 0,
      "total": 0.0014677123321659839
    }
  }
}
