{
  "topCrop": {
    "x": 0,
    "y": 0,
    "width": 175,
    "height": 175,
    "score": {
      "detail": 8.899358930802828,
      "saturation": -2.4312510404392533,
      "skin": 32.74259405923067,
      "boost": 220.52751355740662,
      "total": 0.7220486047843692
    }
  }
}
