{
  "topCrop": {
    "x": 0,
    "y": 0,
    "width": 219,
    "height": 219,
    "score": {
      "detail": -1.5536570612949314,
      "saturation": 33.96789700289002,
      "skin": 10.469196797676304,
      "boost": 0,
      "total": 0.000937932797532257
    }
  }
}
