{
  "topCrop": {
    "x": 0,
    "y": 32,
    "width": 175,
    "height": 175,
    "score": {
      "detail": 20.190157915745957,
      "saturation": 8.903826248115568,
      "skin": 17.582824357598955,
      "boost": 0,
      "total": 0.0012525147200412076
    }
  }
}
