{
  "topCrop": {
    "x": 0,
    "y": 30,
    "width": 219,
    "height": 219,
    "score": {
      "detail": 25.67958886314979,
      "saturation": 0.7810089925834042,
      "skin": 19.65822238669358,
      "boost": 0,
      "total": 0.0013307761882923568
    }
  }
}
