{
  "topCrop": {
    "x": 0,
    "y": 40,
    "width": 175,
    "height": 175,
    "score": {
      "detail": 15.293088864753399,
      "saturation": -3.134453275184895,
      "skin": 24.988592465432973,
      "boost": 0,
      "total": 0.0015378856564301898
    }
  }
}
