{
  "topCrop": {
    "x": 0,
    "y": 8,
    "width": 175,
    "height": 175,
    "score": {
      "detail": 0.2701487336696829,
      "saturation": 0.5751115769540776,
      "skin": 14.602669046953874,
      "boost": 0,
      "total": 0.0008656773062640696
    }
  }
}
