{
  "topCrop": {
    "x": 0,
    "y": 0,
    "width": 175,
    "height": 175,
    "score": {
      "detail": -17.019167254711192,
      "saturation": 0.6162174744716116,
      "skin": 14.106158336374786,
      "boost": 144.2943994226702,
      "total": 0.4718893733571884
    }
  }
}
