{
  "topCrop": {
    "x": 0,
    "y": 8,
    "width": 175,
    "height": 175,
    "score": {
      "detail": 1.8589172462470867,
      "saturation": -0.09965652142849056,
      "skin": 12.79910796975861,
      "boost": 0,
      "total": 0.0007634377416615957
    }
  }
}
