{
  "topCrop": {
    "x": 0,
    "y": 0,
    "width": 175,
    "height": 175,
    "score": {
      "detail": 11.103864375158606,
      "saturation": 0.40840124708920617,
      "skin": 8.211563932205523,
      "boost": 0,
      "total": 0.00055915455762052
    }
  }
}
