{
  "topCrop": {
    "x": 0,
    "y": 0,
    "width": 375,
    "height": 375,
    "score": {
      "detail": -27.15023977227601,
      "saturation": 14.720421814100847,
      "skin": 13.064342582751692,
      "boost": 138.6854836904772,
      "total": 0.4535853147522106
    }
  }
}
