{
  "topCrop": {
    "x": 0,
    "y": 8,
    "width": 175,
    "height": 175,
    "score": {
      "detail": 6.00399397266705,
      "saturation": 3.635272292857258,
      "skin": 13.24070162298863,
      "boost": 0,
      "total": 0.0008530495805312691
    }
  }
}
