{
  "topCrop": {
    "x": 0,
    "y": 0,
    "width": 175,
    "height": 175,
    "score": {
      "detail": -17.883172130154247,
      "saturation": 2.3202649823693653,
      "skin": 13.784325321735166,
      "boost": 152.48745746485972,
      "total": 0.4986343502737559
    }
  }
}
