{
  "topCrop": {
    "x": 0,
    "y": 8,
    "width": 175,
    "height": 175,
    "score": {
      "detail": 6.035620748161538,
      "saturation": 3.637043533389571,
      "skin": 13.25509089795373,
      "boost": 0,
      "total": 0.0008541192106437842
    }
  }
}
