{
  "topCrop": {
    "x": 0,
    "y": 0,
    "width": 178,
    "height": 178,
    "score": {
      "detail": -1.4568402471405202,
      "saturation": 0,
      "skin": 0,
      "boost": 223.51154361254663,
      "total": 0.7382369861674342
    }
  }
}
