{
  "topCrop": {
    "x": 0,
    "y": 0,
    "width": 175,
    "height": 175,
    "score": {
      "detail": -8.476087978056857,
      "saturation": -5.5447119105437235,
      "skin": 9.261688201204567,
      "boost": 261.52914706047125,
      "total": 0.8544074159556088
    }
  }
}
