{
  "topCrop": {
    "x": 0,
    "y": 8,
    "width": 175,
    "height": 175,
    "score": {
      "detail": 2.063267566086079,
      "saturation": -5.475060226080883,
      "skin": 9.171721381758722,
      "boost": 0,
      "total": 0.0004989137610631396
    }
  }
}
