{
  "topCrop": {
    "x": 0,
    "y": 8,
    "width": 178,
    "height": 178,
    "score": {
      "detail": 17.333129933810902,
      "saturation": -1.686206417109534,
      "skin": 16.653541012648915,
      "boost": 0,
      "total": 0.001087895953375524
    }
  }
}
