{
  "topCrop": {
    "x": 0,
    "y": 8,
    "width": 175,
    "height": 175,
    "score": {
      "detail": 2.011431120572455,
      "saturation": -5.474546795133013,
      "skin": 9.114896754930578,
      "boost": 0,
      "total": 0.0004952403704310082
    }
  }
}
