{
  "topCrop": {
    "x": 0,
    "y": 8,
    "width": 178,
    "height": 178,
    "score": {
      "detail": 17.305206206665616,
      "saturation": -1.7050997755060193,
      "skin": 16.67003042424292,
      "boost": 0,
      "total": 0.001088504626513363
    }
  }
}
