{
  "topCrop": {
    "x": 0,
    "y": 8,
    "width": 175,
    "height": 175,
    "score": {
      "detail": 5.677323167197383,
      "saturation": 2.512159093837072,
      "skin": 9.039350098671068,
      "boost": 0,
      "total": 0.000592977715565666
    }
  }
}
