{
  "topCrop": {
    "x": 0,
    "y": 0,
    "width": 175,
    "height": 175,
    "score": {
      "detail": -11.766519454127106,
      "saturation": -0.7037755064653934,
      "skin": 14.54007851091163,
      "boost": 194.1951436106433,
      "total": 0.6348774552111414
    }
  }
}
