{
  "topCrop": {
    "x": 0,
    "y": 0,
    "width": 178,
    "height": 178,
    "score": {
      "detail": 2.8284202168627663,
      "saturation": -0.3662926179510314,
      "skin": 13.001139786432098,
      "boost": 149.0505084087176,
      "total": 0.4930938264217639
    }
  }
}
