{
  "topCrop": {
    "x": 0,
    "y": 8,
    "width": 175,
    "height": 175,
    "score": {
      "detail": 1.162497543641573,
      "saturation": -9.651096259211588,
      "skin": 15.21056418942991,
      "boost": 157.2464300350978,
      "total": 0.5142647898671582
    }
  }
}
