{
  "topCrop": {
    "x": 0,
    "y": 0,
    "width": 175,
    "height": 175,
    "score": {
      "detail": 15.137249802310052,
      "saturation": -5.674056168105457,
      "skin": 22.41582362288007,
      "boost": 0,
      "total": 0.0013607743879580241
    }
  }
}
