{
  "topCrop": {
    "x": 0,
    "y": 0,
    "width": 175,
    "height": 175,
    "score": {
      "detail": -12.184301068050107,
      "saturation": -7.087827768822306,
      "skin": 13.086597561438987,
      "boost": 246.62221309180353,
      "total": 0.8059171910611163
    }
  }
}
