{
  "topCrop": {
    "x": 0,
    "y": 0,
    "width": 175,
    "height": 175,
    "score": {
      "detail": 14.809148124474165,
      "saturation": -15.602918507579716,
      "skin": 27.73185707584958,
      "boost": 148.98045458398218,
      "total": 0.48804061241493446
    }
  }
}
