{
  "topCrop": {
    "x": 0,
    "y": 0,
    "width": 117,
    "height": 117,
    "score": {
      "detail": 18.95249308421251,
      "saturation": 5.963969865986609,
      "skin": 8.338363884134683,
      "boost": 0,
      "total": 0.0015040356905603705
    }
  }
}
