{
  "topCrop": {
    "x": 0,
    "y": 0,
    "width": 175,
    "height": 175,
    "score": {
      "detail": -0.23372695358554826,
      "saturation": -0.32597942831405385,
      "skin": 9.437043936657133,
      "boost": 175.8292297828385,
      "total": 0.574686207939612
    }
  }
}
