{
  "topCrop": {
    "x": 0,
    "y": 0,
    "width": 175,
    "height": 175,
    "score": {
      "detail": -2.174928006350468,
      "saturation": -0.18637566902028668,
      "skin": 10.556610834887897,
      "boost": 157.35564667050608,
      "total": 0.5144187973306589
    }
  }
}
