{
  "topCrop": {
    "x": 0,
    "y": 0,
    "width": 219,
    "height": 219,
    "score": {
      "detail": -2.8032534884841698,
      "saturation": -26.706217280185143,
      "skin": 24.606606275957148,
      "boost": 207.7185712872701,
      "total": 0.6794310695230035
    }
  }
}
