{
  "topCrop": {
    "x": 0,
    "y": 16,
    "width": 175,
    "height": 175,
    "score": {
      "detail": 12.26988842187104,
      "saturation": -0.22965905870025033,
      "skin": 10.339138918523263,
      "boost": 0,
      "total": 0.000685568327187135
    }
  }
}
