{
  "topCrop": {
    "x": 0,
    "y": 0,
    "width": 500,
    "height": 500,
    "score": {
      "detail": 15.852897069069627,
      "saturation": 4.902598574700678,
      "skin": 29.523070278491403,
      "boost": 93.00332804572048,
      "total": 0.30557112457337327
    }
  }
}
