{
  "topCrop": {
    "x": 0,
    "y": 40,
    "width": 175,
    "height": 175,
    "score": {
      "detail": 5.445143343847961,
      "saturation": 0,
      "skin": -4.487747354479417,
      "boost": 0,
      "total": -0.0002282095206299872
    }
  }
}
