{
  "topCrop": {
    "x": 0,
    "y": 0,
    "width": 175,
    "height": 175,
    "score": {
      "detail": 15.045290654649415,
      "saturation": -5.660605452888342,
      "skin": 22.41819606036884,
      "boost": 0,
      "total": 0.0013604450417543602
    }
  }
}
