{
  "topCrop": {
    "x": 0,
    "y": 20,
    "width": 219,
    "height": 219,
    "score": {
      "detail": 4.60270017314601,
      "saturation": 24.30726873774315,
      "skin": 5.157663668162246,
      "boost": 0,
      "total": 0.0005713147839557285
    }
  }
}
