{
  "topCrop": {
    "x": 0,
    "y": 16,
    "width": 175,
    "height": 175,
    "score": {
      "detail": 6.886001243429408,
      "saturation": -6.377463151892238,
      "skin": 15.166645767396938,
      "boost": 0,
      "total": 0.0008739240386753535
    }
  }
}
