{
  "topCrop": {
    "x": 0,
    "y": 0,
    "width": 175,
    "height": 175,
    "score": {
      "detail": 8.404336880553787,
      "saturation": 22.155262976333205,
      "skin": 8.630133594967221,
      "boost": 98.19710756182538,
      "total": 0.32142277364644867
    }
  }
}
