{
  "topCrop": {
    "x": 32,
    "y": 0,
    "width": 117,
    "height": 117,
    "score": {
      "detail": 12.909890269895484,
      "saturation": -1.1317774023029914,
      "skin": 6.992700873980991,
      "boost": 0,
      "total": 0.0010833009282236819
    }
  }
}
