{
  "topCrop": {
    "x": 0,
    "y": 16,
    "width": 175,
    "height": 175,
    "score": {
      "detail": 22.629663093880488,
      "saturation": -10.915436817131457,
      "skin": 19.834700137015936,
      "boost": 0,
      "total": 0.0012066534471923379
    }
  }
}
