{
  "topCrop": {
    "x": 0,
    "y": 16,
    "width": 175,
    "height": 175,
    "score": {
      "detail": 6.9493423626305,
      "saturation": -6.372219651314521,
      "skin": 15.163655922423295,
      "boost": 0,
      "total": 0.0008742133302038752
    }
  }
}
