{
  "topCrop": {
    "x": 0,
    "y": 0,
    "width": 175,
    "height": 175,
    "score": {
      "detail": 7.90701289469898,
      "saturation": -0.043505069093874874,
      "skin": 17.133539430349085,
      "boost": 320.67492113599127,
      "total": 1.0481600272859417
    }
  }
}
