{
  "topCrop": {
    "x": 0,
    "y": 0,
    "width": 219,
    "height": 219,
    "score": {
      "detail": 25.080134510234423,
      "saturation": -22.274386989644867,
      "skin": 27.96023008577266,
      "boost": 0,
      "total": 0.0015889673456177702
    }
  }
}
