{
  "topCrop": {
    "x": 0,
    "y": 0,
    "width": 178,
    "height": 178,
    "score": {
      "detail": 10.826343312153949,
      "saturation": -1.1325184617646642,
      "skin": 14.855391479140824,
      "boost": 0,
      "total": 0.0009434937834045077
    }
  }
}
