{
  "topCrop": {
    "x": 0,
    "y": 16,
    "width": 175,
    "height": 175,
    "score": {
      "detail": 5.568684413211661,
      "saturation": -30.612784922884103,
      "skin": 14.251327403433693,
      "boost": 194.53084657106862,
      "total": 0.6357768799294308
    }
  }
}
