{
  "topCrop": {
    "x": 0,
    "y": 8,
    "width": 175,
    "height": 175,
    "score": {
      "detail": 15.983032061912175,
      "saturation": -2.2775414965952243,
      "skin": 14.176075573603468,
      "boost": 0,
      "total": 0.0009152744488453914
    }
  }
}
