{
  "topCrop": {
    "x": 0,
    "y": 0,
    "width": 178,
    "height": 178,
    "score": {
      "detail": 12.587638600420092,
      "saturation": 0.1447503105428708,
      "skin": 18.598991564777815,
      "boost": 182.64025009714203,
      "total": 0.6044412784827602
    }
  }
}
