{
  "topCrop": {
    "x": 0,
    "y": 8,
    "width": 175,
    "height": 175,
    "score": {
      "detail": -0.2436784423734402,
      "saturation": -0.16248991685149272,
      "skin": 5.309799126073165,
      "boost": 0,
      "total": 0.0003089030453355612
    }
  }
}
