{
  "topCrop": {
    "x": 0,
    "y": 0,
    "width": 175,
    "height": 175,
    "score": {
      "detail": -11.766519454127106,
      "saturation": -0.7037755064653934,
      "skin": 14.54007851091163,
      "boost": 0,
      "total": 0.0007708638294490088
    }
  }
}
