{
  "topCrop": {
    "x": 0,
    "y": 0,
    "width": 178,
    "height": 178,
    "score": {
      "detail": 4.0888695864575215,
      "saturation": 1.3247841679332157,
      "skin": 12.416364971123919,
      "boost": 0,
      "total": 0.00077832825061747
    }
  }
}
