{
  "topCrop": {
    "x": 0,
    "y": 0,
    "width": 178,
    "height": 178,
    "score": {
      "detail": -10.071048637623843,
      "saturation": -3.5533220079950953,
      "skin": 7.396319819018541,
      "boost": 218.5933286677598,
      "total": 0.7223400064777478
    }
  }
}
