{
  "topCrop": {
    "x": 0,
    "y": 0,
    "width": 178,
    "height": 178,
    "score": {
      "detail": 12.521179136718718,
      "saturation": 0.1520903192846722,
      "skin": 18.55757487525208,
      "boost": 0,
      "total": 0.0011875246960821404
    }
  }
}
