{
  "topCrop": {
    "x": 0,
    "y": 88,
    "width": 175,
    "height": 175,
    "score": {
      "detail": 83.55023717063793,
      "saturation": 97.1749812353238,
      "skin": 32.826355469411645,
      "boost": 0,
      "total": 0.0034269381763156145
    }
  }
}
