{
  "topCrop": {
    "x": 0,
    "y": 0,
    "width": 175,
    "height": 175,
    "score": {
      "detail": 6.289379728092184,
      "saturation": 0.4369050465478374,
      "skin": 21.828097546777183,
      "boost": 122.98024943981972,
      "total": 0.4028964723926776
    }
  }
}
