{
  "topCrop": {
    "x": 0,
    "y": 0,
    "width": 175,
    "height": 175,
    "score": {
      "detail": 29.813843847451718,
      "saturation": -9.600946557791548,
      "skin": 27.228826374726687,
      "boost": 91.48459041181161,
      "total": 0.30042623390882683
    }
  }
}
