{
  "topCrop": {
    "x": 0,
    "y": 16,
    "width": 175,
    "height": 175,
    "score": {
      "detail": 22.601456070706465,
      "saturation": -10.899844976192512,
      "skin": 19.8091064492306,
      "boost": 0,
      "total": 0.001205117692404853
    }
  }
}
