{
  "topCrop": {
    "x": 0,
    "y": 30,
    "width": 219,
    "height": 219,
    "score": {
      "detail": 31.80352089494209,
      "saturation": -4.774823192168926,
      "skin": 23.10546837754324,
      "boost": 0,
      "total": 0.0015189583771727535
    }
  }
}
