{
  "topCrop": {
    "x": 0,
    "y": 0,
    "width": 178,
    "height": 178,
    "score": {
      "detail": 4.1594206099571505,
      "saturation": 1.350841326805292,
      "skin": 12.452747921091014,
      "boost": 153.01638555777868,
      "total": 0.5061861090816443
    }
  }
}
