{
  "topCrop": {
    "x": 0,
    "y": 0,
    "width": 175,
    "height": 175,
    "score": {
      "detail": 5.940969472976976,
      "saturation": -41.67021462424561,
      "skin": 18.650697217323206,
      "boost": 119.16763890745314,
      "total": 0.38984562531408384
    }
  }
}
