{
  "topCrop": {
    "x": 16,
    "y": 0,
    "width": 125,
    "height": 125,
    "score": {
      "detail": 4.710083164170386,
      "saturation": -6.533603624727366,
      "skin": 15.598436151986007,
      "boost": 0,
      "total": 0.0017317837196154035
    }
  }
}
