{
  "topCrop": {
    "x": 0,
    "y": 16,
    "width": 175,
    "height": 175,
    "score": {
      "detail": 10.529266092590849,
      "saturation": -20.57632688303264,
      "skin": 20.94269491687315,
      "boost": 0,
      "total": 0.0010981161144156752
    }
  }
}
