{
  "topCrop": {
    "x": 0,
    "y": 32,
    "width": 175,
    "height": 175,
    "score": {
      "detail": 3.3731982856160325,
      "saturation": 3.261845673702459,
      "skin": 16.543694290781183,
      "boost": 0,
      "total": 0.0010263458965760024
    }
  }
}
