{
  "topCrop": {
    "x": 0,
    "y": 16,
    "width": 175,
    "height": 175,
    "score": {
      "detail": -0.41587397028276335,
      "saturation": -15.00923133306422,
      "skin": 16.63894309929069,
      "boost": 0,
      "total": 0.0008282172533795076
    }
  }
}
