{
  "topCrop": {
    "x": 0,
    "y": 0,
    "width": 219,
    "height": 219,
    "score": {
      "detail": 29.007904975807364,
      "saturation": -25.372910849425942,
      "skin": 40.2805698652111,
      "boost": 0,
      "total": 0.002308399461149834
    }
  }
}
