{
  "topCrop": {
    "x": 0,
    "y": 88,
    "width": 175,
    "height": 175,
    "score": {
      "detail": 83.53190032758395,
      "saturation": 97.16406737515446,
      "skin": 32.81834119062574,
      "boost": 0,
      "total": 0.0034262404708959825
    }
  }
}
