{
  "topCrop": {
    "x": 0,
    "y": 0,
    "width": 219,
    "height": 219,
    "score": {
      "detail": 39.401032893114156,
      "saturation": 2.0093336974638865,
      "skin": 27.10933072110683,
      "boost": 0,
      "total": 0.0018703608811707526
    }
  }
}
