{
  "topCrop": {
    "x": 0,
    "y": 0,
    "width": 175,
    "height": 175,
    "score": {
      "detail": 6.668225930475511,
      "saturation": -4.8659556279188365,
      "skin": 15.326720244701496,
      "boost": 171.31743195734214,
      "total": 0.5603005763484864
    }
  }
}
