{
  "topCrop": {
    "x": 0,
    "y": 48,
    "width": 175,
    "height": 175,
    "score": {
      "detail": 30.876975269658473,
      "saturation": 5.476765957267155,
      "skin": 10.750892463925581,
      "boost": 0,
      "total": 0.0008871846947323392
    }
  }
}
