{
  "topCrop": {
    "x": 0,
    "y": 0,
    "width": 178,
    "height": 178,
    "score": {
      "detail": -5.318911172154752,
      "saturation": -0.7103555344754305,
      "skin": 11.49586454206692,
      "boost": 0,
      "total": 0.0006412890501039397
    }
  }
}
