{
  "topCrop": {
    "x": 0,
    "y": 0,
    "width": 175,
    "height": 175,
    "score": {
      "detail": 4.852289831162439,
      "saturation": -42.14557158467403,
      "skin": 32.627184382355615,
      "boost": 124.817871327667,
      "total": 0.40910507269047414
    }
  }
}
