{
  "topCrop": {
    "x": 0,
    "y": 0,
    "width": 219,
    "height": 219,
    "score": {
      "detail": 20.417265236728845,
      "saturation": -4.883645202094654,
      "skin": 6.304836000415958,
      "boost": 122.43941298661899,
      "total": 0.40025823225957113
    }
  }
}
