{
  "topCrop": {
    "x": 0,
    "y": 8,
    "width": 175,
    "height": 175,
    "score": {
      "detail": 7.250763677295157,
      "saturation": -0.22319207017582687,
      "skin": 10.401084278997827,
      "boost": 0,
      "total": 0.0006564945899298734
    }
  }
}
