{
  "topCrop": {
    "x": 0,
    "y": 32,
    "width": 175,
    "height": 175,
    "score": {
      "detail": 8.2628799407784,
      "saturation": 25.30078911622762,
      "skin": 18.920759112576157,
      "boost": 0,
      "total": 0.0014138834000215854
    }
  }
}
