{
  "topCrop": {
    "x": 0,
    "y": 0,
    "width": 178,
    "height": 178,
    "score": {
      "detail": 8.25296092543224,
      "saturation": 0.8569273140896687,
      "skin": 7.606650527477051,
      "boost": 155.95414632246622,
      "total": 0.5156234071071276
    }
  }
}
