{
  "topCrop": {
    "x": 0,
    "y": 0,
    "width": 175,
    "height": 175,
    "score": {
      "detail": 0.608316371175311,
      "saturation": -0.21557059646715546,
      "skin": 13.296500848637772,
      "boost": 153.47945834007268,
      "total": 0.5019407845756771
    }
  }
}
