{
  "topCrop": {
    "x": 0,
    "y": 0,
    "width": 219,
    "height": 219,
    "score": {
      "detail": 20.47551610243761,
      "saturation": -4.868857359385375,
      "skin": 6.295337624641061,
      "boost": 0,
      "total": 0.00045603440773961856
    }
  }
}
