{
  "topCrop": {
    "x": 0,
    "y": 16,
    "width": 175,
    "height": 175,
    "score": {
      "detail": -0.43586497662392676,
      "saturation": -15.007052785135052,
      "skin": 16.62771030846421,
      "boost": 0,
      "total": 0.0008274478277345397
    }
  }
}
