{
  "topCrop": {
    "x": 0,
    "y": 8,
    "width": 175,
    "height": 175,
    "score": {
      "detail": 15.900519089105128,
      "saturation": -2.28427426970138,
      "skin": 14.18009364213704,
      "boost": 0,
      "total": 0.0009149057989471767
    }
  }
}
