{
  "topCrop": {
    "x": 0,
    "y": 30,
    "width": 219,
    "height": 219,
    "score": {
      "detail": 10.361932286266674,
      "saturation": -8.428655937478478,
      "skin": 16.306157777390837,
      "boost": 0,
      "total": 0.0009435060791939036
    }
  }
}
