{
  "topCrop": {
    "x": 0,
    "y": 16,
    "width": 175,
    "height": 175,
    "score": {
      "detail": -7.279568995439662,
      "saturation": 5.722528515859062,
      "skin": 15.308641787401987,
      "boost": 328.7728870143337,
      "total": 1.0744524114744936
    }
  }
}
