{
  "topCrop": {
    "x": 0,
    "y": 0,
    "width": 219,
    "height": 219,
    "score": {
      "detail": 28.782088545028493,
      "saturation": -25.381792051874584,
      "skin": 40.25119620408196,
      "boost": 0,
      "total": 0.002305111290148273
    }
  }
}
