{
  "topCrop": {
    "x": 0,
    "y": 8,
    "width": 178,
    "height": 178,
    "score": {
      "detail": 5.6597138175871144,
      "saturation": 8.076385114993833,
      "skin": 11.538591769328292,
      "boost": 0,
      "total": 0.0008034193249704881
    }
  }
}
