{
  "topCrop": {
    "x": 0,
    "y": 10,
    "width": 219,
    "height": 219,
    "score": {
      "detail": 18.769814084564604,
      "saturation": 4.435854875129515,
      "skin": 22.52766389981201,
      "boost": 0,
      "total": 0.0014901065893588045
    }
  }
}
