{
  "topCrop": {
    "x": 0,
    "y": 8,
    "width": 178,
    "height": 178,
    "score": {
      "detail": 11.637026071253374,
      "saturation": 0.07905241923636605,
      "skin": 14.436158046292014,
      "boost": 0,
      "total": 0.0009359296281988113
    }
  }
}
