{
  "topCrop": {
    "x": 0,
    "y": 0,
    "width": 219,
    "height": 219,
    "score": {
      "detail": 20.376277806469993,
      "saturation": -4.897916476672893,
      "skin": 6.27992364558445,
      "boost": 0,
      "total": 0.00045419569568470674
    }
  }
}
