{
  "topCrop": {
    "x": 0,
    "y": 0,
    "width": 175,
    "height": 175,
    "score": {
      "detail": -11.63375236191853,
      "saturation": -0.7017560827467343,
      "skin": 14.573879126294703,
      "boost": 0,
      "total": 0.0007737373103713548
    }
  }
}
