{
  "topCrop": {
    "x": 0,
    "y": 20,
    "width": 219,
    "height": 219,
    "score": {
      "detail": 4.531614683085641,
      "saturation": 24.38462652509611,
      "skin": 5.164431740378316,
      "boost": 0,
      "total": 0.0005720061396514917
    }
  }
}
