{
  "topCrop": {
    "x": 0,
    "y": 0,
    "width": 178,
    "height": 178,
    "score": {
      "detail": 10.796412068056407,
      "saturation": -1.154900604811073,
      "skin": 14.863423240950697,
      "boost": 0,
      "total": 0.0009435517923728106
    }
  }
}
