{
  "topCrop": {
    "x": 0,
    "y": 40,
    "width": 175,
    "height": 175,
    "score": {
      "detail": 5.453148023672514,
      "saturation": 0,
      "skin": -4.395663507391153,
      "boost": 0,
      "total": -0.00022274497007574112
    }
  }
}
