{
  "topCrop": {
    "x": 0,
    "y": 0,
    "width": 219,
    "height": 219,
    "score": {
      "detail": 18.199207028371898,
      "saturation": 4.978131815210844,
      "skin": 20.908262761041925,
      "boost": 0,
      "total": 0.0013965111484118564
    }
  }
}
