{
  "topCrop": {
    "x": 0,
    "y": 0,
    "width": 400,
    "height": 400,
    "score": {
      "detail": 12.553298859980833,
      "saturation": -8.89033264785372,
      "skin": 20.154824020232947,
      "boost": 127.42412441575915,
      "total": 0.41725827542171345
    }
  }
}
