{
  "topCrop": {
    "x": 0,
    "y": 0,
    "width": 178,
    "height": 178,
    "score": {
      "detail": -5.268759685137226,
      "saturation": -0.6875277977178101,
      "skin": 11.506007076386597,
      "boost": 0,
      "total": 0.0006424495462132741
    }
  }
}
