{
  "topCrop": {
    "x": 0,
    "y": 16,
    "width": 175,
    "height": 175,
    "score": {
      "detail": -1.5363229363011741,
      "saturation": -0.29905541570317606,
      "skin": 11.948294989138558,
      "boost": 139.1779478522435,
      "total": 0.45514790971405156
    }
  }
}
