{
  "topCrop": {
    "x": 0,
    "y": 48,
    "width": 175,
    "height": 175,
    "score": {
      "detail": 30.867684904065072,
      "saturation": 5.48154086753269,
      "skin": 10.730226673730513,
      "boost": 0,
      "total": 0.0008859561552257224
    }
  }
}
