{
  "topCrop": {
    "x": 0,
    "y": 0,
    "width": 175,
    "height": 175,
    "score": {
      "detail": 11.026668468390948,
      "saturation": -9.80421713471026,
      "skin": 18.068525018987447,
      "boost": 263.6132293333699,
      "total": 0.8618158480628385
    }
  }
}
