{
  "topCrop": {
    "x": 0,
    "y": 0,
    "width": 333,
    "height": 333,
    "score": {
      "detail": -13.95305548077775,
      "saturation": 8.266130745110466,
      "skin": 17.383887411566864,
      "boost": 246.68235503080112,
      "total": 0.8158018142604144
    }
  }
}
