{
  "topCrop": {
    "x": 0,
    "y": 0,
    "width": 219,
    "height": 219,
    "score": {
      "detail": 36.960495711493245,
      "saturation": -25.979310759742667,
      "skin": 39.27568186266531,
      "boost": 0,
      "total": 0.002295331698519948
    }
  }
}
