{
  "topCrop": {
    "x": 0,
    "y": 0,
    "width": 178,
    "height": 178,
    "score": {
      "detail": 17.35545448445467,
      "saturation": 12.743233376130652,
      "skin": 14.239432952152487,
      "boost": 169.06174881766657,
      "total": 0.5594893619365259
    }
  }
}
