{
  "topCrop": {
    "x": 0,
    "y": 8,
    "width": 175,
    "height": 175,
    "score": {
      "detail": 16.63909652680021,
      "saturation": -5.5535245845899945,
      "skin": 16.067626262772073,
      "boost": 0,
      "total": 0.0009986445454031926
    }
  }
}
