{
  "topCrop": {
    "x": 0,
    "y": 16,
    "width": 175,
    "height": 175,
    "score": {
      "detail": 18.290836989053044,
      "saturation": 0.03369985607960235,
      "skin": 18.19580467707126,
      "boost": 0,
      "total": 0.0011892481885179675
    }
  }
}
