{
  "topCrop": {
    "x": 16,
    "y": 0,
    "width": 125,
    "height": 125,
    "score": {
      "detail": 4.669279948735837,
      "saturation": -6.564344047271938,
      "skin": 15.57571501472596,
      "boost": 0,
      "total": 0.001728053747332628
    }
  }
}
