{
  "topCrop": {
    "x": 0,
    "y": 8,
    "width": 175,
    "height": 175,
    "score": {
      "detail": 5.641353240213442,
      "saturation": 2.4963245576021262,
      "skin": 9.028234421734592,
      "boost": 0,
      "total": 0.000591934366512509
    }
  }
}
