{
  "topCrop": {
    "x": 0,
    "y": 0,
    "width": 400,
    "height": 400,
    "score": {
      "detail": -12.35001440672646,
      "saturation": -12.824173751361167,
      "skin": 23.804326738299565,
      "boost": 105.94263739659671,
      "total": 0.34712797625410147
    }
  }
}
