{
  "topCrop": {
    "x": 0,
    "y": 10,
    "width": 219,
    "height": 219,
    "score": {
      "detail": 18.724908408805447,
      "saturation": 4.39321806676496,
      "skin": 22.520052593094157,
      "boost": 0,
      "total": 0.0014889483026729817
    }
  }
}
