{
  "topCrop": {
    "x": 0,
    "y": 16,
    "width": 178,
    "height": 178,
    "score": {
      "detail": 11.502020403965561,
      "saturation": 6.825288854344736,
      "skin": 8.906877478192163,
      "boost": 0,
      "total": 0.0006731526687092887
    }
  }
}
