{
  "topCrop": {
    "x": 0,
    "y": 0,
    "width": 219,
    "height": 219,
    "score": {
      "detail": 18.155096452256227,
      "saturation": 5.003320240220309,
      "skin": 20.88551927665394,
      "boost": 0,
      "total": 0.0013951330631998182
    }
  }
}
