{
  "topCrop": {
    "x": 0,
    "y": 8,
    "width": 178,
    "height": 178,
    "score": {
      "detail": 5.556320505057148,
      "saturation": 8.027681676314522,
      "skin": 11.543759219341053,
      "boost": 0,
      "total": 0.0008025609459215115
    }
  }
}
