{
  "topCrop": {
    "x": 0,
    "y": 0,
    "width": 219,
    "height": 219,
    "score": {
      "detail": 25.139340818466547,
      "saturation": -22.398409324726426,
      "skin": 27.8672274544574,
      "boost": 0,
      "total": 0.0015826728092832227
    }
  }
}
