{
  "topCrop": {
    "x": 0,
    "y": 32,
    "width": 175,
    "height": 175,
    "score": {
      "detail": 3.2695288247932695,
      "saturation": 3.26655014479774,
      "skin": 16.493259388710204,
      "boost": 0,
      "total": 0.0010227506190392277
    }
  }
}
