{
  "topCrop": {
    "x": 0,
    "y": 0,
    "width": 117,
    "height": 117,
    "score": {
      "detail": 18.87864087930537,
      "saturation": 5.947870159850401,
      "skin": 8.366536457449529,
      "boost": 0,
      "total": 0.0015063083386094927
    }
  }
}
