{
  "topCrop": {
    "x": 0,
    "y": 30,
    "width": 219,
    "height": 219,
    "score": {
      "detail": 31.89619434570567,
      "saturation": -4.758612584201081,
      "skin": 23.15658016672884,
      "boost": 0,
      "total": 0.0015227265108242521
    }
  }
}
