{
  "topCrop": {
    "x": 0,
    "y": 0,
    "width": 175,
    "height": 175,
    "score": {
      "detail": 22.296601266800806,
      "saturation": -32.753522176594316,
      "skin": 35.563938374159754,
      "boost": 117.56020019396567,
      "total": 0.38578508970025915
    }
  }
}
