{
  "topCrop": {
    "x": 0,
    "y": 10,
    "width": 219,
    "height": 219,
    "score": {
      "detail": 47.45036940629604,
      "saturation": -8.94384079036572,
      "skin": 33.2975864311327,
      "boost": 0,
      "total": 0.0021793494602510488
    }
  }
}
