{
  "topCrop": {
    "x": 0,
    "y": 0,
    "width": 175,
    "height": 175,
    "score": {
      "detail": 5.417663319658683,
      "saturation": -21.25013746222077,
      "skin": 14.361203363187883,
      "boost": 101.98354695168706,
      "total": 0.3336788033517619
    }
  }
}
