{
  "topCrop": {
    "x": 0,
    "y": 8,
    "width": 175,
    "height": 175,
    "score": {
      "detail": 7.127882288688874,
      "saturation": -0.2246047764650978,
      "skin": 10.375237864042676,
      "boost": 0,
      "total": 0.0006541591242473489
    }
  }
}
