{
  "topCrop": {
    "x": 0,
    "y": 0,
    "width": 219,
    "height": 219,
    "score": {
      "detail": 36.942164182327325,
      "saturation": -25.83648446114621,
      "skin": 39.27009246459795,
      "boost": 0,
      "total": 0.0022962825774497275
    }
  }
}
