{
  "topCrop": {
    "x": 0,
    "y": 8,
    "width": 175,
    "height": 175,
    "score": {
      "detail": 16.567600187697806,
      "saturation": -5.574307349821981,
      "skin": 16.062111879455344,
      "boost": 0,
      "total": 0.0009976499335710234
    }
  }
}
