{
  "topCrop": {
    "x": 0,
    "y": 16,
    "width": 175,
    "height": 175,
    "score": {
      "detail": 12.353882134193716,
      "saturation": -0.23238960990180602,
      "skin": 10.362359426764243,
      "boost": 0,
      "total": 0.0006874549065157172
    }
  }
}
