{
  "topCrop": {
    "x": 0,
    "y": 8,
    "width": 178,
    "height": 178,
    "score": {
      "detail": 11.687455549892448,
      "saturation": 0.08984914628545401,
      "skin": 14.472448570239528,
      "boost": 0,
      "total": 0.0009385273246233083
    }
  }
}
