{
  "topCrop": {
    "x": 32,
    "y": 0,
    "width": 125,
    "height": 125,
    "score": {
      "detail": -4.768891198609815,
      "saturation": -5.856478099629249,
      "skin": 13.218374230749184,
      "boost": 122.76236602424683,
      "total": 0.787028413079707
    }
  }
}
