{
  "topCrop": {
    "x": 0,
    "y": 24,
    "width": 178,
    "height": 178,
    "score": {
      "detail": 11.70719251504253,
      "saturation": 9.363007192666014,
      "skin": 8.431390880789579,
      "boost": 0,
      "total": 0.0006713847353094712
    }
  }
}
