{
  "topCrop": {
    "x": 0,
    "y": 0,
    "width": 219,
    "height": 219,
    "score": {
      "detail": 39.35608367327681,
      "saturation": 1.8867753791949995,
      "skin": 27.07766418372276,
      "boost": 0,
      "total": 0.0018670055470731374
    }
  }
}
