{
  "topCrop": {
    "x": 0,
    "y": 16,
    "width": 175,
    "height": 175,
    "score": {
      "detail": 18.24121560269789,
      "saturation": 0.03638989225195485,
      "skin": 18.174130138958695,
      "boost": 0,
      "total": 0.0011876765498233734
    }
  }
}
