{
  "topCrop": {
    "x": 32,
    "y": 0,
    "width": 117,
    "height": 117,
    "score": {
      "detail": 12.875318224274352,
      "saturation": -1.1206200036472862,
      "skin": 6.989459859116908,
      "boost": 0,
      "total": 0.0010826141712448768
    }
  }
}
