{
  "topCrop": {
    "x": 0,
    "y": 8,
    "width": 175,
    "height": 175,
    "score": {
      "detail": -0.2727262495478974,
      "saturation": -0.15738524802776757,
      "skin": 5.233464279090267,
      "boost": 0,
      "total": 0.00030427673071165945
    }
  }
}
