{
  "topCrop": {
    "x": 0,
    "y": 8,
    "width": 175,
    "height": 175,
    "score": {
      "detail": 5.17076619574419,
      "saturation": -0.4405685567391896,
      "skin": 13.382213015255198,
      "boost": 0,
      "total": 0.0008159988930477205
    }
  }
}
