{
  "topCrop": {
    "x": 0,
    "y": 0,
    "width": 175,
    "height": 175,
    "score": {
      "detail": -5.873690572695743,
      "saturation": -6.824398733077484,
      "skin": 18.827514056386928,
      "boost": 232.56675452885992,
      "total": 0.7604030341372416
    }
  }
}
