{
  "topCrop": {
    "x": 0,
    "y": 8,
    "width": 175,
    "height": 175,
    "score": {
      "detail": 5.258154196100645,
      "saturation": -0.4407156181549146,
      "skin": 13.395628734532686,
      "boost": 0,
      "total": 0.0008173566653365711
    }
  }
}
