{
  "topCrop": {
    "x": 0,
    "y": 0,
    "width": 178,
    "height": 178,
    "score": {
      "detail": -10.167378447623637,
      "saturation": -3.584830828090403,
      "skin": 7.386705481223164,
      "boost": 0,
      "total": 0.0003364759191521286
    }
  }
}
