{
  "topCrop": {
    "x": 0,
    "y": 0,
    "width": 178,
    "height": 178,
    "score": {
      "detail": 8.036697886396258,
      "saturation": -7.929534268877908,
      "skin": 9.288014796900042,
      "boost": 104.94255657991847,
      "total": 0.3471463391439716
    }
  }
}
