{
  "topCrop": {
    "x": 0,
    "y": 0,
    "width": 178,
    "height": 178,
    "score": {
      "detail": 0.698092209490673,
      "saturation": -13.401509269193333,
      "skin": 9.731802424773482,
      "boost": 83.83048408727875,
      "total": 0.27733798450104397
    }
  }
}
