{
  "topCrop": {
    "x": 0,
    "y": 0,
    "width": 178,
    "height": 178,
    "score": {
      "detail": 0.698092209490673,
      "saturation": -13.401509269193333,
      "skin": 9.731802424773482,
      "boost": 0,
      "total": 0.0004504032905843707
    }
  }
}
