{
  "topCrop": {
    "x": 0,
    "y": 0,
    "width": 178,
    "height": 178,
    "score": {
      "detail": 0.747488767430564,
      "saturation": -13.379209770777017,
      "skin": 9.730903301032447,
      "boost": 0,
      "total": 0.00045089710543372345
    }
  }
}
