{
  "topCrop": {
    "x": 0,
    "y": 0,
    "width": 175,
    "height": 175,
    "score": {
      "detail": -0.500846239586794,
      "saturation": -2.162268937272602,
      "skin": 0.36036183050001075,
      "boost": 0,
      "total": -0.0000032717921371141228
    }
  }
}
