{
  "topCrop": {
    "x": 0,
    "y": 0,
    "width": 175,
    "height": 175,
    "score": {
      "detail": -0.5311408834851363,
      "saturation": -2.162678547572181,
      "skin": 0.3375285416694259,
      "boost": 0,
      "total": -0.000004815685419223345
    }
  }
}
