{
  "topCrop": {
    "x": 0,
    "y": 0,
    "width": 178,
    "height": 178,
    "score": {
      "detail": 8.114591381099915,
      "saturation": -7.945867660077654,
      "skin": 9.324536907903946,
      "boost": 0,
      "total": 0.0005292417892860282
    }
  }
}
