{
  "topCrop": {
    "x": 0,
    "y": 0,
    "width": 175,
    "height": 175,
    "score": {
      "detail": -11.468892072389584,
      "saturation": -4.878965947306772,
      "skin": 12.08040335122344,
      "boost": 0,
      "total": 0.0005873390312990121
    }
  }
}
