{
  "topCrop": {
    "x": 0,
    "y": 16,
    "width": 175,
    "height": 175,
    "score": {
      "detail": 15.614986035173732,
      "saturation": -1.0029518188590687,
      "skin": 14.21223565314662,
      "boost": 0,
      "total": 0.0009274819865156225
    }
  }
}
