{
  "topCrop": {
    "x": 0,
    "y": 16,
    "width": 175,
    "height": 175,
    "score": {
      "detail": 40.44309847141979,
      "saturation": -3.6352814733254184,
      "skin": 22.833597671557097,
      "boost": 0,
      "total": 0.0015705636264845423
    }
  }
}
