{
  "topCrop": {
    "x": 0,
    "y": 0,
    "width": 219,
    "height": 219,
    "score": {
      "detail": 35.69061662718986,
      "saturation": 4.444535941765482,
      "skin": 9.561078941389596,
      "boost": 0,
      "total": 0.0008385771821214332
    }
  }
}
