{
  "topCrop": {
    "x": 0,
    "y": 32,
    "width": 175,
    "height": 175,
    "score": {
      "detail": 2.9271506162910064,
      "saturation": 2.889815383947628,
      "skin": 18.03956782936528,
      "boost": 0,
      "total": 0.0011077092842873466
    }
  }
}
