{
  "topCrop": {
    "x": 0,
    "y": 32,
    "width": 175,
    "height": 175,
    "score": {
      "detail": 19.396790463078446,
      "saturation": -0.5701226921921277,
      "skin": 13.751849657015635,
      "boost": 0,
      "total": 0.0009293600217987328
    }
  }
}
