{
  "topCrop": {
    "x": 0,
    "y": 8,
    "width": 175,
    "height": 175,
    "score": {
      "detail": 2.9489265184525992,
      "saturation": -8.516172377475687,
      "skin": 13.686598718735727,
      "boost": 0,
      "total": 0.0007402713888709265
    }
  }
}
