{
  "topCrop": {
    "x": 0,
    "y": 0,
    "width": 175,
    "height": 175,
    "score": {
      "detail": -9.231076118232842,
      "saturation": -9.03025237293996,
      "skin": 12.927793614122086,
      "boost": 118.60807876046738,
      "total": 0.38790277922013483
    }
  }
}
