{
  "topCrop": {
    "x": 0,
    "y": 8,
    "width": 175,
    "height": 175,
    "score": {
      "detail": -6.123300011154644,
      "saturation": -3.35518780090149,
      "skin": 13.409063720217318,
      "boost": 0,
      "total": 0.0007152685176780343
    }
  }
}
