{
  "topCrop": {
    "x": 0,
    "y": 24,
    "width": 175,
    "height": 175,
    "score": {
      "detail": -18.726636715902178,
      "saturation": -0.029316322697460942,
      "skin": 12.837033057492555,
      "boost": 0,
      "total": 0.0006319195841141854
    }
  }
}
