{
  "topCrop": {
    "x": 0,
    "y": 0,
    "width": 219,
    "height": 219,
    "score": {
      "detail": 35.835060145145434,
      "saturation": 4.498347995950188,
      "skin": 9.564851156364403,
      "boost": 0,
      "total": 0.0008402693390782064
    }
  }
}
