{
  "topCrop": {
    "x": 0,
    "y": 10,
    "width": 219,
    "height": 219,
    "score": {
      "detail": -12.113343707070305,
      "saturation": 1.3635008972529679,
      "skin": 1.3988587791847336,
      "boost": 0,
      "total": 0.000016467831193284892
    }
  }
}
