{
  "topCrop": {
    "x": 0,
    "y": 32,
    "width": 175,
    "height": 175,
    "score": {
      "detail": 19.453811795151758,
      "saturation": 1.0852756048230359,
      "skin": 10.728057251057589,
      "boost": 238.56762837045383,
      "total": 0.7797645611473555
    }
  }
}
