{
  "topCrop": {
    "x": 0,
    "y": 32,
    "width": 175,
    "height": 175,
    "score": {
      "detail": 2.930810344318967,
      "saturation": 2.8894601172655863,
      "skin": 18.031478529934382,
      "boost": 0,
      "total": 0.0011072542516873587
    }
  }
}
