{
  "topCrop": {
    "x": 0,
    "y": 0,
    "width": 175,
    "height": 175,
    "score": {
      "detail": -11.458665441416173,
      "saturation": -4.869446426560511,
      "skin": 12.082131318360434,
      "boost": 0,
      "total": 0.0005876006320586904
    }
  }
}
