{
  "topCrop": {
    "x": 0,
    "y": 16,
    "width": 175,
    "height": 175,
    "score": {
      "detail": 15.561503991072973,
      "saturation": -1.0069596964788639,
      "skin": 14.208700354720106,
      "boost": 0,
      "total": 0.0009268856662128042
    }
  }
}
