{
  "topCrop": {
    "x": 0,
    "y": 8,
    "width": 175,
    "height": 175,
    "score": {
      "detail": 13.945275631142318,
      "saturation": -10.992066791167773,
      "skin": 19.28552393844047,
      "boost": 0,
      "total": 0.0011169103078553786
    }
  }
}
