{
  "topCrop": {
    "x": 0,
    "y": 10,
    "width": 219,
    "height": 219,
    "score": {
      "detail": -12.177633867135599,
      "saturation": 1.3895866791990557,
      "skin": 1.3594949706844552,
      "boost": 0,
      "total": 0.000013989883349048698
    }
  }
}
