{
  "topCrop": {
    "x": 0,
    "y": 0,
    "width": 400,
    "height": 400,
    "score": {
      "detail": -0.2758012083808392,
      "saturation": -13.766992257156451,
      "skin": 18.05906086114838,
      "boost": 112.20544406744091,
      "total": 0.3673098925183783
    }
  }
}
