{
  "topCrop": {
    "x": 0,
    "y": 0,
    "width": 219,
    "height": 219,
    "score": {
      "detail": -17.667847192388184,
      "saturation": 1.4324965013971631,
      "skin": 2.255397379367151,
      "boost": 53.200502553359456,
      "total": 0.17374713959610608
    }
  }
}
