{
  "topCrop": {
    "x": 0,
    "y": 0,
    "width": 175,
    "height": 175,
    "score": {
      "detail": -8.213699254042096,
      "saturation": -9.227532850055898,
      "skin": 14.222142960320777,
      "boost": 179.5131851813372,
      "total": 0.5868573836981706
    }
  }
}
