{
  "topCrop": {
    "x": 0,
    "y": 8,
    "width": 175,
    "height": 175,
    "score": {
      "detail": -6.210524545187463,
      "saturation": -3.358495513065978,
      "skin": 13.386736179736037,
      "boost": 0,
      "total": 0.0007133541734062883
    }
  }
}
