{
  "topCrop": {
    "x": 0,
    "y": 8,
    "width": 175,
    "height": 175,
    "score": {
      "detail": 17.985028548668563,
      "saturation": -13.537984061780937,
      "skin": 19.030619251589144,
      "boost": 0,
      "total": 0.0011033706169488945
    }
  }
}
