{
  "topCrop": {
    "x": 0,
    "y": 40,
    "width": 175,
    "height": 175,
    "score": {
      "detail": -0.4955666669822894,
      "saturation": 3.8213540358680973,
      "skin": 12.20244711991606,
      "boost": 0,
      "total": 0.0007514023736559308
    }
  }
}
