{
  "topCrop": {
    "x": 0,
    "y": 40,
    "width": 175,
    "height": 175,
    "score": {
      "detail": -0.4385258086666424,
      "saturation": 3.8589672904102343,
      "skin": 12.223371355573128,
      "boost": 0,
      "total": 0.000753373174381106
    }
  }
}
