{
  "topCrop": {
    "x": 32,
    "y": 0,
    "width": 142,
    "height": 142,
    "score": {
      "detail": 33.21162858514994,
      "saturation": 0.2843724070158359,
      "skin": 17.898020255065646,
      "boost": 0,
      "total": 0.0019313664896971287
    }
  }
}
