{
  "topCrop": {
    "x": 0,
    "y": 8,
    "width": 175,
    "height": 175,
    "score": {
      "detail": 1.6188760849698625,
      "saturation": -2.1789015607547024,
      "skin": 16.91418585055975,
      "boost": 0,
      "total": 0.0009833678132171466
    }
  }
}
