{
  "topCrop": {
    "x": 0,
    "y": 8,
    "width": 175,
    "height": 175,
    "score": {
      "detail": 3.0672695643998154,
      "saturation": -8.508715830664212,
      "skin": 13.654013054300666,
      "boost": 0,
      "total": 0.0007392020460872457
    }
  }
}
