{
  "topCrop": {
    "x": 0,
    "y": 45,
    "width": 333,
    "height": 333,
    "score": {
      "detail": 17.939818576032977,
      "saturation": -1.1540341270151941,
      "skin": 12.527476627144917,
      "boost": 305.855476886445,
      "total": 1.0110760635503522
    }
  }
}
