{
  "topCrop": {
    "x": 0,
    "y": 24,
    "width": 175,
    "height": 175,
    "score": {
      "detail": -18.668691175096534,
      "saturation": -0.029339390748210653,
      "skin": 12.879369867669448,
      "boost": 0,
      "total": 0.0006347861456183262
    }
  }
}
