{
  "topCrop": {
    "x": 0,
    "y": 8,
    "width": 175,
    "height": 175,
    "score": {
      "detail": 12.326582748815785,
      "saturation": 0.2932326232775223,
      "skin": 0.13336932908991983,
      "boost": 0,
      "total": 0.00009121146544027002
    }
  }
}
