{
  "topCrop": {
    "x": 0,
    "y": 8,
    "width": 175,
    "height": 175,
    "score": {
      "detail": 1.5404843701356428,
      "saturation": -2.193629417453781,
      "skin": 16.898283427136818,
      "boost": 0,
      "total": 0.0009817769213922372
    }
  }
}
