{
  "topCrop": {
    "x": 0,
    "y": 0,
    "width": 175,
    "height": 175,
    "score": {
      "detail": 1.2690250772855078,
      "saturation": 0.546719617418807,
      "skin": 11.462731217947491,
      "boost": 161.95359457499964,
      "total": 0.5295154349254841
    }
  }
}
