{
  "topCrop": {
    "x": 0,
    "y": 0,
    "width": 219,
    "height": 219,
    "score": {
      "detail": 10.493446486015827,
      "saturation": -4.07817090184309,
      "skin": 18.241987858057705,
      "boost": 88.54833478618075,
      "total": 0.2902381810543422
    }
  }
}
