{
  "topCrop": {
    "x": 0,
    "y": 36,
    "width": 400,
    "height": 400,
    "score": {
      "detail": 7.899342044106454,
      "saturation": -13.954944744962003,
      "skin": 16.40976930373659,
      "boost": 165.20121080767458,
      "total": 0.5403119036897801
    }
  }
}
