{
  "topCrop": {
    "x": 0,
    "y": 0,
    "width": 175,
    "height": 175,
    "score": {
      "detail": -7.881300449669456,
      "saturation": 6.751752934086385,
      "skin": 4.1226790250943655,
      "boost": 138.01354090616763,
      "total": 0.45091344256823596
    }
  }
}
