{
  "topCrop": {
    "x": 0,
    "y": 0,
    "width": 175,
    "height": 175,
    "score": {
      "detail": -4.229358328048911,
      "saturation": -0.4225466583994881,
      "skin": 10.935633298986557,
      "boost": 0,
      "total": 0.0006109878946953854
    }
  }
}
