{
  "topCrop": {
    "x": 0,
    "y": 0,
    "width": 175,
    "height": 175,
    "score": {
      "detail": -7.965910313101124,
      "saturation": -2.786947879913766,
      "skin": 14.337838153999042,
      "boost": 308.3130579304734,
      "total": 1.0074999064587085
    }
  }
}
