{
  "topCrop": {
    "x": 0,
    "y": 0,
    "width": 175,
    "height": 175,
    "score": {
      "detail": -37.62682387900125,
      "saturation": -0.051775294024454584,
      "skin": 10.794920878856212,
      "boost": 299.88345198482,
      "total": 0.9795995153861202
    }
  }
}
