{
  "topCrop": {
    "x": 0,
    "y": 32,
    "width": 175,
    "height": 175,
    "score": {
      "detail": 19.296684469246312,
      "saturation": -0.5489369827473909,
      "skin": 13.737415315019286,
      "boost": 0,
      "total": 0.0009280654160346045
    }
  }
}
