{
  "topCrop": {
    "x": 0,
    "y": 0,
    "width": 178,
    "height": 178,
    "score": {
      "detail": -6.748456542206641,
      "saturation": -3.3525374768476914,
      "skin": 8.98758393685092,
      "boost": 0,
      "total": 0.0004565397851379316
    }
  }
}
