{
  "topCrop": {
    "x": 0,
    "y": 0,
    "width": 175,
    "height": 175,
    "score": {
      "detail": -4.263089388683664,
      "saturation": -0.4239343660959726,
      "skin": 10.928245250873783,
      "boost": 0,
      "total": 0.0006103197800492174
    }
  }
}
