{
  "topCrop": {
    "x": 0,
    "y": 8,
    "width": 175,
    "height": 175,
    "score": {
      "detail": 19.087129738878346,
      "saturation": -18.377557000389302,
      "skin": 17.255656578121354,
      "boost": 0,
      "total": 0.000958835614311096
    }
  }
}
