{
  "topCrop": {
    "x": 0,
    "y": 8,
    "width": 175,
    "height": 175,
    "score": {
      "detail": 19.151986016664456,
      "saturation": -18.350983823687063,
      "skin": 17.29771901654492,
      "boost": 0,
      "total": 0.0009619917154614739
    }
  }
}
