{
  "topCrop": {
    "x": 0,
    "y": 0,
    "width": 178,
    "height": 178,
    "score": {
      "detail": -6.81449630606709,
      "saturation": -3.349683156316825,
      "skin": 8.989236389187438,
      "boost": 0,
      "total": 0.00045623005986355277
    }
  }
}
