{
  "topCrop": {
    "x": 0,
    "y": 8,
    "width": 175,
    "height": 175,
    "score": {
      "detail": 12.343146431666034,
      "saturation": 0.2907254591969103,
      "skin": 0.14558406039820365,
      "boost": 0,
      "total": 0.00009201300352029538
    }
  }
}
