{
  "topCrop": {
    "x": 0,
    "y": 0,
    "width": 175,
    "height": 175,
    "score": {
      "detail": 24.29027454213087,
      "saturation": -4.38189269348854,
      "skin": 22.972583174712344,
      "boost": 207.48639844548924,
      "total": 0.6789725381669808
    }
  }
}
