{
  "topCrop": {
    "x": 0,
    "y": 0,
    "width": 175,
    "height": 175,
    "score": {
      "detail": -1.2658513335199688,
      "saturation": -12.01605779743497,
      "skin": 17.464864159074498,
      "boost": 176.5432202635789,
      "total": 0.5773681891996176
    }
  }
}
