{
  "topCrop": {
    "x": 0,
    "y": 0,
    "width": 400,
    "height": 400,
    "score": {
      "detail": 10.21887970483611,
      "saturation": -9.655549337647424,
      "skin": 13.765794919808336,
      "boost": 102.7406177023557,
      "total": 0.33626081019529463
    }
  }
}
