{
  "topCrop": {
    "x": 0,
    "y": 8,
    "width": 175,
    "height": 175,
    "score": {
      "detail": 13.073340431987072,
      "saturation": -0.1414205062293602,
      "skin": 11.076206815929918,
      "boost": 0,
      "total": 0.0007350012801045702
    }
  }
}
