{
  "topCrop": {
    "x": 0,
    "y": 0,
    "width": 178,
    "height": 178,
    "score": {
      "detail": 1.5671771631011164,
      "saturation": 1.3005860955953774,
      "skin": 13.631045755703136,
      "boost": 0,
      "total": 0.0008336469025487014
    }
  }
}
