{
  "topCrop": {
    "x": 0,
    "y": 30,
    "width": 219,
    "height": 219,
    "score": {
      "detail": 9.046090931548967,
      "saturation": -0.07056451080946531,
      "skin": 14.915923301729192,
      "boost": 0,
      "total": 0.0009350762702425958
    }
  }
}
