{
  "topCrop": {
    "x": 0,
    "y": 0,
    "width": 219,
    "height": 219,
    "score": {
      "detail": 21.1331459800676,
      "saturation": -19.522934721850927,
      "skin": 15.70690094355507,
      "boost": 0,
      "total": 0.0008699484237667713
    }
  }
}
