{
  "topCrop": {
    "x": 0,
    "y": 8,
    "width": 175,
    "height": 175,
    "score": {
      "detail": 1.0683601283708442,
      "saturation": -0.7993925215456809,
      "skin": 16.81992552316069,
      "boost": 0,
      "total": 0.0009877459660701945
    }
  }
}
