{
  "topCrop": {
    "x": 0,
    "y": 16,
    "width": 175,
    "height": 175,
    "score": {
      "detail": 2.0681535494423056,
      "saturation": -30.062289321066952,
      "skin": 17.366493802327053,
      "boost": 0,
      "total": 0.0007397431104573738
    }
  }
}
