{
  "topCrop": {
    "x": 0,
    "y": 16,
    "width": 175,
    "height": 175,
    "score": {
      "detail": 2.0909661110403297,
      "saturation": -30.0232997513498,
      "skin": 17.381820750726334,
      "boost": 0,
      "total": 0.00074117487830565
    }
  }
}
