{
  "topCrop": {
    "x": 0,
    "y": 0,
    "width": 178,
    "height": 178,
    "score": {
      "detail": 7.5768089815826665,
      "saturation": -1.4800288917377478,
      "skin": 13.77187612658181,
      "boost": 143.8120091020463,
      "total": 0.47585749902104874
    }
  }
}
