{
  "topCrop": {
    "x": 0,
    "y": 0,
    "width": 175,
    "height": 175,
    "score": {
      "detail": -12.54085900949617,
      "saturation": -5.694928595959378,
      "skin": 18.518046755456595,
      "boost": 160.66069322479458,
      "total": 0.5255570663268112
    }
  }
}
