{
  "topCrop": {
    "x": 0,
    "y": 8,
    "width": 175,
    "height": 175,
    "score": {
      "detail": 8.887288319523291,
      "saturation": 0.6989792568304268,
      "skin": 10.696135626710007,
      "boost": 0,
      "total": 0.0006935574063357322
    }
  }
}
