{
  "topCrop": {
    "x": 0,
    "y": 0,
    "width": 175,
    "height": 175,
    "score": {
      "detail": 3.805191783482603,
      "saturation": 8.20168355250046,
      "skin": 23.53670224362389,
      "boost": 0,
      "total": 0.0014885749375010502
    }
  }
}
