{
  "topCrop": {
    "x": 0,
    "y": 0,
    "width": 219,
    "height": 219,
    "score": {
      "detail": -11.436032196487353,
      "saturation": -0.47284615002064506,
      "skin": 20.96552330139079,
      "boost": 189.4552600798621,
      "total": 0.6197823637434908
    }
  }
}
