{
  "topCrop": {
    "x": 0,
    "y": 0,
    "width": 142,
    "height": 142,
    "score": {
      "detail": -2.3148656953784115,
      "saturation": 0.0017369826741126366,
      "skin": 4.331358464977184,
      "boost": 0,
      "total": 0.0003637171787683734
    }
  }
}
