{
  "topCrop": {
    "x": 0,
    "y": 0,
    "width": 175,
    "height": 175,
    "score": {
      "detail": 13.183877085556674,
      "saturation": 5.9740372222880325,
      "skin": 11.266362110770604,
      "boost": 57.50466231379254,
      "total": 0.18857713207387555
    }
  }
}
