{
  "topCrop": {
    "x": 0,
    "y": 0,
    "width": 175,
    "height": 175,
    "score": {
      "detail": -6.46877687802723,
      "saturation": 13.796268181369339,
      "skin": 19.78964544509155,
      "boost": 0,
      "total": 0.001256048551182699
    }
  }
}
