{
  "topCrop": {
    "x": 0,
    "y": 20,
    "width": 219,
    "height": 219,
    "score": {
      "detail": 20.170696020879802,
      "saturation": -9.02071486219853,
      "skin": 16.760791818077273,
      "boost": 0,
      "total": 0.0010284848985487507
    }
  }
}
