{
  "topCrop": {
    "x": 16,
    "y": 0,
    "width": 153,
    "height": 153,
    "score": {
      "detail": -1.1518667610742306,
      "saturation": -3.5043689327587666,
      "skin": 15.582719268288237,
      "boost": 144.1945926961842,
      "total": 0.6171227510901489
    }
  }
}
