{
  "topCrop": {
    "x": 0,
    "y": 0,
    "width": 178,
    "height": 178,
    "score": {
      "detail": 7.602518347685302,
      "saturation": -1.460983992242321,
      "skin": 13.764908987993172,
      "boost": 0,
      "total": 0.0008541103398814927
    }
  }
}
