{
  "topCrop": {
    "x": 0,
    "y": 0,
    "width": 219,
    "height": 219,
    "score": {
      "detail": 32.40161567168879,
      "saturation": -5.6567203245424516,
      "skin": 26.11351760412264,
      "boost": 0,
      "total": 0.0016910249379394541
    }
  }
}
