{
  "topCrop": {
    "x": 0,
    "y": 24,
    "width": 175,
    "height": 175,
    "score": {
      "detail": 1.7097017538327623,
      "saturation": -28.942099617128164,
      "skin": 16.700979869271514,
      "boost": 232.91422385572983,
      "total": 0.761245500728271
    }
  }
}
