{
  "topCrop": {
    "x": 0,
    "y": 0,
    "width": 219,
    "height": 219,
    "score": {
      "detail": 3.7819606257403975,
      "saturation": -3.073502647177779,
      "skin": 23.888074328690596,
      "boost": 0,
      "total": 0.0013986244938004187
    }
  }
}
