{
  "topCrop": {
    "x": 0,
    "y": 0,
    "width": 175,
    "height": 175,
    "score": {
      "detail": 16.81542145204356,
      "saturation": -3.6333262976024328,
      "skin": 23.09606329273305,
      "boost": 0,
      "total": 0.0014317061331607338
    }
  }
}
