{
  "topCrop": {
    "x": 0,
    "y": 30,
    "width": 219,
    "height": 219,
    "score": {
      "detail": 9.058335854111421,
      "saturation": -0.07566768287572793,
      "skin": 14.967393748344179,
      "boost": 0,
      "total": 0.0009381314485870724
    }
  }
}
