{
  "topCrop": {
    "x": 0,
    "y": 16,
    "width": 175,
    "height": 175,
    "score": {
      "detail": 10.294779932447174,
      "saturation": -4.405204126823552,
      "skin": 19.712366355186344,
      "boost": 0,
      "total": 0.0011826825857233565
    }
  }
}
