{
  "topCrop": {
    "x": 0,
    "y": 32,
    "width": 175,
    "height": 175,
    "score": {
      "detail": 22.456237073377697,
      "saturation": -14.611203560937232,
      "skin": 20.62841152304466,
      "boost": 259.1268216976118,
      "total": 0.8473443656113976
    }
  }
}
