{
  "topCrop": {
    "x": 0,
    "y": 8,
    "width": 175,
    "height": 175,
    "score": {
      "detail": 18.16073651147822,
      "saturation": 6.109472846636603,
      "skin": 11.12650823593554,
      "boost": 0,
      "total": 0.0008324148238684278
    }
  }
}
