{
  "topCrop": {
    "x": 0,
    "y": 0,
    "width": 219,
    "height": 219,
    "score": {
      "detail": 21.21866974882153,
      "saturation": -19.53759487445871,
      "skin": 15.696775018712307,
      "boost": 0,
      "total": 0.0008697681802811051
    }
  }
}
