{
  "topCrop": {
    "x": 0,
    "y": 0,
    "width": 412,
    "height": 412,
    "score": {
      "detail": 0.5689111856550375,
      "saturation": -12.884889153558694,
      "skin": 19.208294237582674,
      "boost": 117.32466128937206,
      "total": 0.3841074081324381
    }
  }
}
