{
  "topCrop": {
    "x": 0,
    "y": 0,
    "width": 175,
    "height": 175,
    "score": {
      "detail": 17.7347783275449,
      "saturation": -21.040138558060733,
      "skin": 18.300221545162124,
      "boost": 128.45822487144505,
      "total": 0.42044074449057595
    }
  }
}
