{
  "topCrop": {
    "x": 0,
    "y": 0,
    "width": 175,
    "height": 175,
    "score": {
      "detail": 7.810736696933759,
      "saturation": -0.10359863524347138,
      "skin": 10.826629141778923,
      "boost": 125.68276150333297,
      "total": 0.41107902532366736
    }
  }
}
