{
  "topCrop": {
    "x": 0,
    "y": 32,
    "width": 175,
    "height": 175,
    "score": {
      "detail": -3.849832438747336,
      "saturation": -13.497373043369281,
      "skin": 12.343825810932156,
      "boost": 0,
      "total": 0.000568153732536086
    }
  }
}
