{
  "topCrop": {
    "x": 0,
    "y": 0,
    "width": 153,
    "height": 153,
    "score": {
      "detail": 13.035575577580738,
      "saturation": -1.7685349626808586,
      "skin": 15.220190637728123,
      "boost": 0,
      "total": 0.0012590412992704734
    }
  }
}
