{
  "topCrop": {
    "x": 0,
    "y": 0,
    "width": 368,
    "height": 368,
    "score": {
      "detail": 1.99669013327336,
      "saturation": -13.008131829456616,
      "skin": 9.283250439405936,
      "boost": 295.5151439208249,
      "total": 0.9653786495135099
    }
  }
}
