{
  "topCrop": {
    "x": 0,
    "y": 0,
    "width": 178,
    "height": 178,
    "score": {
      "detail": 0.2683521606979582,
      "saturation": -5.237548919926503,
      "skin": 8.639067302563953,
      "boost": 0,
      "total": 0.00046349342385971587
    }
  }
}
