{
  "topCrop": {
    "x": 0,
    "y": 16,
    "width": 175,
    "height": 175,
    "score": {
      "detail": 1.746540849197952,
      "saturation": -0.9351177097675951,
      "skin": 15.600464682939114,
      "boost": 188.6739629765673,
      "total": 0.616997417369565
    }
  }
}
