{
  "topCrop": {
    "x": 0,
    "y": 24,
    "width": 178,
    "height": 178,
    "score": {
      "detail": 9.097555872885161,
      "saturation": -0.9065303390714717,
      "skin": 8.386366626564769,
      "boost": 195.66656649872235,
      "total": 0.646825857506702
    }
  }
}
