{
  "topCrop": {
    "x": 0,
    "y": 32,
    "width": 175,
    "height": 175,
    "score": {
      "detail": -3.7705327268139506,
      "saturation": -13.493344604386937,
      "skin": 12.347283820260955,
      "boost": 0,
      "total": 0.0005689143167278644
    }
  }
}
