{
  "topCrop": {
    "x": 0,
    "y": 8,
    "width": 178,
    "height": 178,
    "score": {
      "detail": 13.449728471656107,
      "saturation": -0.7766206845918848,
      "skin": 8.216210275253427,
      "boost": 0,
      "total": 0.0005696306640378461
    }
  }
}
