{
  "topCrop": {
    "x": 0,
    "y": 8,
    "width": 175,
    "height": 175,
    "score": {
      "detail": 19.2032812645006,
      "saturation": -2.84680629831326,
      "skin": 20.04925466182102,
      "boost": 294.92386908374596,
      "total": 0.9642926426491193
    }
  }
}
