{
  "topCrop": {
    "x": 0,
    "y": 0,
    "width": 175,
    "height": 175,
    "score": {
      "detail": -6.687381756610805,
      "saturation": 18.763477047287502,
      "skin": 19.430926706865062,
      "boost": 0,
      "total": 0.0012821954231908965
    }
  }
}
