{
  "topCrop": {
    "x": 0,
    "y": 0,
    "width": 175,
    "height": 175,
    "score": {
      "detail": 23.014129875938217,
      "saturation": -4.257615046325348,
      "skin": 23.293594940536156,
      "boost": 173.96592219570402,
      "total": 0.5695296728791726
    }
  }
}
