{
  "topCrop": {
    "x": 0,
    "y": 8,
    "width": 175,
    "height": 175,
    "score": {
      "detail": 37.45670333781269,
      "saturation": -2.8891704026340825,
      "skin": 22.152077499931163,
      "boost": 0,
      "total": 0.0015183127851966828
    }
  }
}
