{
  "topCrop": {
    "x": 0,
    "y": 8,
    "width": 175,
    "height": 175,
    "score": {
      "detail": 34.00128253883244,
      "saturation": 1.3123417687246044,
      "skin": 29.63863563196474,
      "boost": 0,
      "total": 0.0019769307159484216
    }
  }
}
