{
  "topCrop": {
    "x": 0,
    "y": 0,
    "width": 175,
    "height": 175,
    "score": {
      "detail": 16.96338206124871,
      "saturation": -3.6155654266014716,
      "skin": 23.119527200025885,
      "boost": 0,
      "total": 0.0014342254936919477
    }
  }
}
