{
  "topCrop": {
    "x": 0,
    "y": 8,
    "width": 175,
    "height": 175,
    "score": {
      "detail": 37.46448984002851,
      "saturation": -2.8976462444319866,
      "skin": 22.16007343513348,
      "boost": 0,
      "total": 0.0015187505723401264
    }
  }
}
