{
  "topCrop": {
    "x": 0,
    "y": 18,
    "width": 400,
    "height": 400,
    "score": {
      "detail": 13.660747207972946,
      "saturation": -4.409063491540152,
      "skin": 17.980740634997574,
      "boost": 151.59659300957412,
      "total": 0.4961121327181891
    }
  }
}
