{
  "topCrop": {
    "x": 0,
    "y": 0,
    "width": 175,
    "height": 175,
    "score": {
      "detail": -6.69236518129025,
      "saturation": 18.751168527774844,
      "skin": 19.43369068475232,
      "boost": 172.44733317783619,
      "total": 0.5643755375849223
    }
  }
}
