{
  "topCrop": {
    "x": 0,
    "y": 24,
    "width": 175,
    "height": 175,
    "score": {
      "detail": -14.089768925655516,
      "saturation": 1.8005161095401045,
      "skin": 8.775811732994043,
      "boost": 142.6148304133121,
      "total": 0.46612250460402704
    }
  }
}
