{
  "topCrop": {
    "x": 0,
    "y": 0,
    "width": 175,
    "height": 175,
    "score": {
      "detail": 3.804204737375941,
      "saturation": 8.210052528992989,
      "skin": 23.51125047580844,
      "boost": 0,
      "total": 0.0014871545326572498
    }
  }
}
