{
  "topCrop": {
    "x": 0,
    "y": 8,
    "width": 175,
    "height": 175,
    "score": {
      "detail": 1.04092333106119,
      "saturation": -0.781489753834558,
      "skin": 16.825326953271524,
      "boost": 0,
      "total": 0.0009880596328473669
    }
  }
}
