{
  "topCrop": {
    "x": 0,
    "y": 0,
    "width": 178,
    "height": 178,
    "score": {
      "detail": 0.2440129594683213,
      "saturation": -5.236470669510036,
      "skin": 8.638346726598618,
      "boost": 152.01630009732102,
      "total": 0.5025649654918424
    }
  }
}
