{
  "topCrop": {
    "x": 0,
    "y": 8,
    "width": 178,
    "height": 178,
    "score": {
      "detail": 2.5843071494699865,
      "saturation": -2.243514791838804,
      "skin": 5.744215137322783,
      "boost": 0,
      "total": 0.000336352035920312
    }
  }
}
