{
  "topCrop": {
    "x": 0,
    "y": 0,
    "width": 175,
    "height": 175,
    "score": {
      "detail": -6.448494015595143,
      "saturation": 13.801759999106755,
      "skin": 19.794295424653715,
      "boost": 0,
      "total": 0.0012565081130119081
    }
  }
}
