{
  "topCrop": {
    "x": 0,
    "y": 8,
    "width": 178,
    "height": 178,
    "score": {
      "detail": 2.565093024085578,
      "saturation": -2.2196259198603934,
      "skin": 5.754148679964397,
      "boost": 0,
      "total": 0.0003370523996827491
    }
  }
}
