{
  "topCrop": {
    "x": 0,
    "y": 8,
    "width": 175,
    "height": 175,
    "score": {
      "detail": 8.83905511450068,
      "saturation": 0.6977002480844109,
      "skin": 10.673505878866,
      "boost": 0,
      "total": 0.0006918998099358127
    }
  }
}
