{
  "topCrop": {
    "x": 0,
    "y": 8,
    "width": 175,
    "height": 175,
    "score": {
      "detail": 9.008902671268336,
      "saturation": 6.360263756112504,
      "skin": 22.815415051671717,
      "boost": 204.75685187703792,
      "total": 0.6700559279822984
    }
  }
}
