{
  "topCrop": {
    "x": 0,
    "y": 20,
    "width": 219,
    "height": 219,
    "score": {
      "detail": 20.28579312196134,
      "saturation": -9.052531746007974,
      "skin": 16.70364989927755,
      "boost": 0,
      "total": 0.0010255663320584316
    }
  }
}
