{
  "topCrop": {
    "x": 0,
    "y": 16,
    "width": 175,
    "height": 175,
    "score": {
      "detail": -1.4919260436227133,
      "saturation": 15.625361951934783,
      "skin": 19.58574238245156,
      "boost": 310.5041627642484,
      "total": 1.0151856273009014
    }
  }
}
