{
  "topCrop": {
    "x": 0,
    "y": 10,
    "width": 219,
    "height": 219,
    "score": {
      "detail": -0.6912648549699358,
      "saturation": -14.220170499533245,
      "skin": 15.035758080451416,
      "boost": 0,
      "total": 0.0007399203403741579
    }
  }
}
