{
  "topCrop": {
    "x": 0,
    "y": 0,
    "width": 142,
    "height": 142,
    "score": {
      "detail": -2.3620952627644285,
      "saturation": 0.0045014083447066176,
      "skin": 4.33433836956346,
      "boost": 20.337607068133348,
      "total": 0.10122453120653141
    }
  }
}
