{
  "topCrop": {
    "x": 0,
    "y": 40,
    "width": 175,
    "height": 175,
    "score": {
      "detail": -1.3452089110676253,
      "saturation": 12.363886431811746,
      "skin": 22.020067262357404,
      "boost": 0,
      "total": 0.0014065712724758636
    }
  }
}
