{
  "topCrop": {
    "x": 0,
    "y": 0,
    "width": 219,
    "height": 219,
    "score": {
      "detail": 32.24432395585498,
      "saturation": -5.631824161003853,
      "skin": 26.01265614185129,
      "boost": 0,
      "total": 0.0016843134236147648
    }
  }
}
