{
  "topCrop": {
    "x": 0,
    "y": 0,
    "width": 175,
    "height": 175,
    "score": {
      "detail": -3.3674332480769924,
      "saturation": -4.919291367137317,
      "skin": 15.343257193246664,
      "boost": 185.81491615177458,
      "total": 0.6075742107449975
    }
  }
}
