{
  "topCrop": {
    "x": 0,
    "y": 8,
    "width": 175,
    "height": 175,
    "score": {
      "detail": 13.063903797321133,
      "saturation": -0.14174767123133705,
      "skin": 11.091698844938833,
      "boost": 0,
      "total": 0.0007358470001301135
    }
  }
}
