{
  "topCrop": {
    "x": 0,
    "y": 10,
    "width": 219,
    "height": 219,
    "score": {
      "detail": -0.6826596386052377,
      "saturation": -14.25294928646591,
      "skin": 15.063256507620167,
      "boost": 0,
      "total": 0.0007412716734711993
    }
  }
}
