{
  "topCrop": {
    "x": 0,
    "y": 0,
    "width": 178,
    "height": 178,
    "score": {
      "detail": 1.4906421519763646,
      "saturation": 1.2711113926537188,
      "skin": 13.581364975165748,
      "boost": 0,
      "total": 0.0008298955873791036
    }
  }
}
