{
  "topCrop": {
    "x": 0,
    "y": 0,
    "width": 175,
    "height": 175,
    "score": {
      "detail": 6.860920992222555,
      "saturation": -28.494090574962534,
      "skin": 18.718334242306412,
      "boost": 142.38115723965916,
      "total": 0.4657839243307109
    }
  }
}
