{
  "topCrop": {
    "x": 0,
    "y": 0,
    "width": 175,
    "height": 175,
    "score": {
      "detail": -6.69236518129025,
      "saturation": 18.751168527774844,
      "skin": 19.43369068475232,
      "boost": 0,
      "total": 0.0012822047593348106
    }
  }
}
