{
  "topCrop": {
    "x": 0,
    "y": 40,
    "width": 175,
    "height": 175,
    "score": {
      "detail": -1.350596892607487,
      "saturation": 12.381536450817691,
      "skin": 22.008958384543774,
      "boost": 0,
      "total": 0.0014060560538417177
    }
  }
}
