{
  "topCrop": {
    "x": 0,
    "y": 16,
    "width": 175,
    "height": 175,
    "score": {
      "detail": 10.26381260402135,
      "saturation": -4.377744197856745,
      "skin": 19.705150115632712,
      "boost": 0,
      "total": 0.0011823252071701592
    }
  }
}
