{
  "topCrop": {
    "x": 0,
    "y": 16,
    "width": 175,
    "height": 175,
    "score": {
      "detail": -9.018943440500854,
      "saturation": -13.847702467097667,
      "skin": 12.885866282170515,
      "boost": 254.4925921972181,
      "total": 0.8315590425992323
    }
  }
}
