{
  "topCrop": {
    "x": 0,
    "y": 0,
    "width": 178,
    "height": 178,
    "score": {
      "detail": -5.493403136812594,
      "saturation": -3.999908608321589,
      "skin": 6.23510318392153,
      "boost": 126.55284990053441,
      "total": 0.41829203073638005
    }
  }
}
