{
  "topCrop": {
    "x": 0,
    "y": 0,
    "width": 153,
    "height": 153,
    "score": {
      "detail": 13.111617370378935,
      "saturation": -1.773941547499553,
      "skin": 15.217678443842882,
      "boost": 0,
      "total": 0.001259428519319198
    }
  }
}
