{
  "topCrop": {
    "x": 0,
    "y": 8,
    "width": 175,
    "height": 175,
    "score": {
      "detail": 34.01563223207271,
      "saturation": 1.3265406305970884,
      "skin": 29.658593991772896,
      "boost": 0,
      "total": 0.00197833658190318
    }
  }
}
