{
  "topCrop": {
    "x": 0,
    "y": 8,
    "width": 178,
    "height": 178,
    "score": {
      "detail": 13.444341165063628,
      "saturation": -0.7776682528587919,
      "skin": 8.235238177289249,
      "boost": 0,
      "total": 0.0005707159623555204
    }
  }
}
