{
  "topCrop": {
    "x": 0,
    "y": 8,
    "width": 175,
    "height": 175,
    "score": {
      "detail": 18.090010331781986,
      "saturation": 6.108706998415251,
      "skin": 11.126269068545255,
      "boost": 0,
      "total": 0.0008319313792412222
    }
  }
}
