{
  "topCrop": {
    "x": 0,
    "y": 16,
    "width": 175,
    "height": 175,
    "score": {
      "detail": 28.843680632868452,
      "saturation": -22.574587623659394,
      "skin": 15.97949366827883,
      "boost": 0,
      "total": 0.000906430969547029
    }
  }
}
