{
  "topCrop": {
    "x": 0,
    "y": 0,
    "width": 715,
    "height": 715,
    "score": {
      "detail": 14.623004706865833,
      "saturation": -1.0321451061538698,
      "skin": 27.388882466422054,
      "boost": 0,
      "total": 0.0017147227457090335
    }
  }
}
