{
  "topCrop": {
    "x": 0,
    "y": 0,
    "width": 219,
    "height": 219,
    "score": {
      "detail": -5.016956130122747,
      "saturation": -4.3354718767403035,
      "skin": 12.670074061283678,
      "boost": 0,
      "total": 0.0006694563435514769
    }
  }
}
