{
  "topCrop": {
    "x": 0,
    "y": 10,
    "width": 219,
    "height": 219,
    "score": {
      "detail": 38.38769814702724,
      "saturation": -7.997083734185719,
      "skin": 20.484708513279198,
      "boost": 0,
      "total": 0.001376355586385381
    }
  }
}
