{
  "topCrop": {
    "x": 0,
    "y": 40,
    "width": 175,
    "height": 175,
    "score": {
      "detail": 18.899853846378367,
      "saturation": 3.3944168202404885,
      "skin": 14.26523450248081,
      "boost": 0,
      "total": 0.0009951254830959438
    }
  }
}
