{
  "topCrop": {
    "x": 0,
    "y": 0,
    "width": 175,
    "height": 175,
    "score": {
      "detail": 1.6785940297990034,
      "saturation": -1.816518629067962,
      "skin": 12.261561568893846,
      "boost": 0,
      "total": 0.0007138473156325987
    }
  }
}
