{
  "topCrop": {
    "x": 0,
    "y": 10,
    "width": 219,
    "height": 219,
    "score": {
      "detail": 38.36772864275195,
      "saturation": -8.128281142705896,
      "skin": 20.414703693355634,
      "boost": 0,
      "total": 0.0013708254051846129
    }
  }
}
