{
  "topCrop": {
    "x": 0,
    "y": 0,
    "width": 400,
    "height": 400,
    "score": {
      "detail": -12.608008625116744,
      "saturation": -25.313046338749736,
      "skin": 20.050686190876533,
      "boost": 130.42579446597856,
      "total": 0.4267283319547685
    }
  }
}
