{
  "topCrop": {
    "x": 0,
    "y": 24,
    "width": 175,
    "height": 175,
    "score": {
      "detail": -5.588596581030765,
      "saturation": 10.816832535835653,
      "skin": 10.580172194830732,
      "boost": 267.88458898623065,
      "total": 0.8754165073965162
    }
  }
}
