{
  "topCrop": {
    "x": 0,
    "y": 41,
    "width": 178,
    "height": 178,
    "score": {
      "detail": 5.491403813347216,
      "saturation": 1.5400231939739921,
      "skin": 5.792307588110887,
      "boost": 0,
      "total": 0.00039590571341859026
    }
  }
}
