{
  "topCrop": {
    "x": 0,
    "y": 0,
    "width": 175,
    "height": 175,
    "score": {
      "detail": -7.276670565894356,
      "saturation": -7.8256725115413515,
      "skin": 22.41737565935508,
      "boost": 217.27442666803324,
      "total": 0.7106609275795435
    }
  }
}
