{
  "topCrop": {
    "x": 0,
    "y": 0,
    "width": 394,
    "height": 394,
    "score": {
      "detail": 40.97036385670005,
      "saturation": 9.572933131770588,
      "skin": 34.754413342338836,
      "boost": 250.61432897053842,
      "total": 0.8207365483683566
    }
  }
}
