{
  "topCrop": {
    "x": 0,
    "y": 24,
    "width": 175,
    "height": 175,
    "score": {
      "detail": 13.128183442254743,
      "saturation": 0.33510302815680404,
      "skin": 21.81885171865844,
      "boost": 0,
      "total": 0.0013714318592810833
    }
  }
}
