{
  "topCrop": {
    "x": 0,
    "y": 0,
    "width": 219,
    "height": 219,
    "score": {
      "detail": 8.935085168515526,
      "saturation": -6.908020707580942,
      "skin": 22.54901278029665,
      "boost": 0,
      "total": 0.0013160109004396016
    }
  }
}
