{
  "topCrop": {
    "x": 0,
    "y": 8,
    "width": 175,
    "height": 175,
    "score": {
      "detail": 2.4527557209730833,
      "saturation": -1.3204290393394862,
      "skin": 13.428264080788683,
      "boost": 0,
      "total": 0.0007923362539693845
    }
  }
}
