{
  "topCrop": {
    "x": 0,
    "y": 24,
    "width": 175,
    "height": 175,
    "score": {
      "detail": 10.162695673241014,
      "saturation": 0.7233434025546397,
      "skin": 9.195066782012391,
      "boost": 0,
      "total": 0.0006138991792012049
    }
  }
}
