{
  "topCrop": {
    "x": 0,
    "y": 0,
    "width": 175,
    "height": 175,
    "score": {
      "detail": 11.881641722184186,
      "saturation": -13.592389046090439,
      "skin": 15.948459626212879,
      "boost": 0,
      "total": 0.0008818233129075229
    }
  }
}
