{
  "topCrop": {
    "x": 0,
    "y": 32,
    "width": 175,
    "height": 175,
    "score": {
      "detail": 10.354391633442726,
      "saturation": 9.572776737552974,
      "skin": 23.242632914055424,
      "boost": 0,
      "total": 0.0015274922642695248
    }
  }
}
