{
  "topCrop": {
    "x": 0,
    "y": 16,
    "width": 175,
    "height": 175,
    "score": {
      "detail": -6.0179126426263325,
      "saturation": -2.5796964047037356,
      "skin": 11.032152142877157,
      "boost": 0,
      "total": 0.0005838492214609794
    }
  }
}
