{
  "topCrop": {
    "x": 0,
    "y": 8,
    "width": 175,
    "height": 175,
    "score": {
      "detail": 18.258837870119944,
      "saturation": -18.44686484791467,
      "skin": 21.706326775786746,
      "boost": 0,
      "total": 0.0012143378388919423
    }
  }
}
