{
  "topCrop": {
    "x": 0,
    "y": 32,
    "width": 175,
    "height": 175,
    "score": {
      "detail": 18.32049168363107,
      "saturation": 35.45968172493898,
      "skin": 13.44354243078972,
      "boost": 0,
      "total": 0.0012571552401511642
    }
  }
}
