{
  "topCrop": {
    "x": 0,
    "y": 24,
    "width": 175,
    "height": 175,
    "score": {
      "detail": 16.663599357009762,
      "saturation": -7.238152750722735,
      "skin": 25.45617789395644,
      "boost": 0,
      "total": 0.0015341189960916483
    }
  }
}
