{
  "topCrop": {
    "x": 0,
    "y": 0,
    "width": 175,
    "height": 175,
    "score": {
      "detail": 12.331800806579945,
      "saturation": -7.993258658294263,
      "skin": 18.97865692055347,
      "boost": 144.0841554356328,
      "total": 0.47159658803539933
    }
  }
}
