{
  "topCrop": {
    "x": 0,
    "y": 0,
    "width": 219,
    "height": 219,
    "score": {
      "detail": 9.108415848608116,
      "saturation": -3.6445321648479596,
      "skin": 17.200082602766095,
      "boost": 140.1016719387598,
      "total": 0.4585095727699992
    }
  }
}
