{
  "topCrop": {
    "x": 0,
    "y": 24,
    "width": 175,
    "height": 175,
    "score": {
      "detail": 12.594248108908277,
      "saturation": -7.154535167487196,
      "skin": 15.73678276511672,
      "boost": 0,
      "total": 0.0009371003444488357
    }
  }
}
