{
  "topCrop": {
    "x": 0,
    "y": 64,
    "width": 175,
    "height": 175,
    "score": {
      "detail": 3.0712869986337226,
      "saturation": 14.689089151712743,
      "skin": 14.516631678283451,
      "boost": 0,
      "total": 0.0010171729360375764
    }
  }
}
