{
  "topCrop": {
    "x": 0,
    "y": 40,
    "width": 219,
    "height": 219,
    "score": {
      "detail": 25.9200245291682,
      "saturation": -0.03019463333954964,
      "skin": 23.484836200389957,
      "boost": 172.61569316678813,
      "total": 0.56519239080344
    }
  }
}
