{
  "topCrop": {
    "x": 0,
    "y": 8,
    "width": 175,
    "height": 175,
    "score": {
      "detail": -1.0790473314480993,
      "saturation": 4.632192042876043,
      "skin": 17.517074755612438,
      "boost": 278.5207167102985,
      "total": 0.9105233062444579
    }
  }
}
