{
  "topCrop": {
    "x": 0,
    "y": 8,
    "width": 175,
    "height": 175,
    "score": {
      "detail": 8.346219313534405,
      "saturation": -7.906538209457001,
      "skin": 21.187954166454507,
      "boost": 0,
      "total": 0.0012223869354934822
    }
  }
}
