{
  "topCrop": {
    "x": 0,
    "y": 8,
    "width": 175,
    "height": 175,
    "score": {
      "detail": 17.509236414789953,
      "saturation": 2.9049741868369936,
      "skin": 11.36771554624578,
      "boost": 0,
      "total": 0.000810946204808212
    }
  }
}
