{
  "topCrop": {
    "x": 0,
    "y": 30,
    "width": 219,
    "height": 219,
    "score": {
      "detail": 27.39126683187457,
      "saturation": -0.35001621092863777,
      "skin": 26.661474256617854,
      "boost": 0,
      "total": 0.0017424947645717048
    }
  }
}
