{
  "topCrop": {
    "x": 0,
    "y": 0,
    "width": 175,
    "height": 175,
    "score": {
      "detail": 6.813504269584093,
      "saturation": -1.4986805686360045,
      "skin": 16.57386746859333,
      "boost": 0,
      "total": 0.0010039529184259271
    }
  }
}
