{
  "topCrop": {
    "x": 0,
    "y": 41,
    "width": 178,
    "height": 178,
    "score": {
      "detail": 5.4792728147618766,
      "saturation": 1.535733853684307,
      "skin": 5.770982214957822,
      "boost": 0,
      "total": 0.0003945152168708465
    }
  }
}
