{
  "topCrop": {
    "x": 0,
    "y": 8,
    "width": 175,
    "height": 175,
    "score": {
      "detail": 19.47089107671183,
      "saturation": -0.6381814657221505,
      "skin": 20.425681052580543,
      "boost": 0,
      "total": 0.0013214350912741455
    }
  }
}
