{
  "topCrop": {
    "x": 0,
    "y": 24,
    "width": 175,
    "height": 175,
    "score": {
      "detail": 11.697562905915593,
      "saturation": -3.0941076501595157,
      "skin": 14.050442638752935,
      "boost": 0,
      "total": 0.000871904556273977
    }
  }
}
