{
  "topCrop": {
    "x": 0,
    "y": 40,
    "width": 175,
    "height": 175,
    "score": {
      "detail": -3.14354837379325,
      "saturation": 10.103762975205433,
      "skin": 11.2726745856494,
      "boost": 0,
      "total": 0.0007410035419419395
    }
  }
}
