{
  "topCrop": {
    "x": 0,
    "y": 16,
    "width": 175,
    "height": 175,
    "score": {
      "detail": -6.005508809701596,
      "saturation": -2.574406062593797,
      "skin": 11.050457435667685,
      "boost": 0,
      "total": 0.0005850579527668042
    }
  }
}
