{
  "topCrop": {
    "x": 0,
    "y": 64,
    "width": 175,
    "height": 175,
    "score": {
      "detail": 3.115607332941924,
      "saturation": 14.746390682473095,
      "skin": 14.451995138914114,
      "boost": 0,
      "total": 0.001014224650493901
    }
  }
}
