{
  "topCrop": {
    "x": 0,
    "y": 0,
    "width": 219,
    "height": 219,
    "score": {
      "detail": 20.492874428528115,
      "saturation": -24.002032641350382,
      "skin": 18.303095720711312,
      "boost": 0,
      "total": 0.0009744828535699877
    }
  }
}
