{
  "topCrop": {
    "x": 0,
    "y": 0,
    "width": 219,
    "height": 219,
    "score": {
      "detail": -0.7588978493141821,
      "saturation": 1.7678482619275395,
      "skin": 24.864007301489227,
      "boost": 0,
      "total": 0.0014737563445353806
    }
  }
}
