{
  "topCrop": {
    "x": 0,
    "y": 0,
    "width": 175,
    "height": 175,
    "score": {
      "detail": 8.678997909069613,
      "saturation": 7.549663275438379,
      "skin": 11.862630797856042,
      "boost": 172.26784140390578,
      "total": 0.5633351044699155
    }
  }
}
