{
  "topCrop": {
    "x": 0,
    "y": 16,
    "width": 178,
    "height": 178,
    "score": {
      "detail": 12.442363860197469,
      "saturation": -0.6471096997109377,
      "skin": 9.038939778689013,
      "boost": 222.20405360282058,
      "total": 0.7345412138904024
    }
  }
}
