{
  "topCrop": {
    "x": 0,
    "y": 24,
    "width": 175,
    "height": 175,
    "score": {
      "detail": 2.7399477798171374,
      "saturation": 3.09719544523057,
      "skin": 18.650329468741692,
      "boost": 0,
      "total": 0.001144416040269964
    }
  }
}
