{
  "topCrop": {
    "x": 0,
    "y": 24,
    "width": 175,
    "height": 175,
    "score": {
      "detail": 16.64751806704458,
      "saturation": -7.23138577458998,
      "skin": 25.468735141095465,
      "boost": 0,
      "total": 0.001534818322775633
    }
  }
}
