{
  "topCrop": {
    "x": 0,
    "y": 8,
    "width": 175,
    "height": 175,
    "score": {
      "detail": 9.897940770370782,
      "saturation": 3.8115159238806022,
      "skin": 24.422044724569794,
      "boost": 290.18316997396323,
      "total": 0.949074276598589
    }
  }
}
