{
  "topCrop": {
    "x": 0,
    "y": 40,
    "width": 219,
    "height": 219,
    "score": {
      "detail": 10.08199959029359,
      "saturation": -4.78144759309208,
      "skin": 12.966959668205098,
      "boost": 0,
      "total": 0.0007811426299722536
    }
  }
}
