{
  "topCrop": {
    "x": 0,
    "y": 24,
    "width": 175,
    "height": 175,
    "score": {
      "detail": 11.776957869560698,
      "saturation": -3.089848182828052,
      "skin": 14.089439520270552,
      "boost": 0,
      "total": 0.0008747568409975745
    }
  }
}
