{
  "topCrop": {
    "x": 0,
    "y": 8,
    "width": 175,
    "height": 175,
    "score": {
      "detail": 9.81951271590887,
      "saturation": -22.000145587836734,
      "skin": 18.608243512203064,
      "boost": 126.37444076631643,
      "total": 0.41359355996148367
    }
  }
}
