{
  "topCrop": {
    "x": 0,
    "y": 0,
    "width": 175,
    "height": 175,
    "score": {
      "detail": -6.974941426681085,
      "saturation": -0.05989215151042568,
      "skin": 12.062242600297045,
      "boost": 0,
      "total": 0.0006628271265222967
    }
  }
}
