{
  "topCrop": {
    "x": 0,
    "y": 24,
    "width": 175,
    "height": 175,
    "score": {
      "detail": 12.523169301351095,
      "saturation": -7.150225902022633,
      "skin": 15.714775991623824,
      "boost": 0,
      "total": 0.0009353849101905735
    }
  }
}
