{
  "topCrop": {
    "x": 0,
    "y": 0,
    "width": 175,
    "height": 175,
    "score": {
      "detail": 1.618554024885827,
      "saturation": -1.824527359659554,
      "skin": 12.220763869727122,
      "boost": 0,
      "total": 0.0007109788591865509
    }
  }
}
