{
  "topCrop": {
    "x": 0,
    "y": 40,
    "width": 175,
    "height": 175,
    "score": {
      "detail": -3.1709050003235615,
      "saturation": 10.101402072013704,
      "skin": 11.296605811544763,
      "boost": 0,
      "total": 0.0007422083292186114
    }
  }
}
