{
  "topCrop": {
    "x": 0,
    "y": 16,
    "width": 175,
    "height": 175,
    "score": {
      "detail": 28.905389895819642,
      "saturation": -22.54962233797125,
      "skin": 16.014375806094996,
      "boost": 0,
      "total": 0.0009091287421630545
    }
  }
}
