{
  "topCrop": {
    "x": 0,
    "y": 0,
    "width": 175,
    "height": 175,
    "score": {
      "detail": 27.565377247973004,
      "saturation": -4.6982270487974,
      "skin": 18.702299038452633,
      "boost": 127.71543426038193,
      "total": 0.41826322193117915
    }
  }
}
