{
  "topCrop": {
    "x": 0,
    "y": 30,
    "width": 219,
    "height": 219,
    "score": {
      "detail": 78.66312741010364,
      "saturation": 4.247484292854865,
      "skin": 24.400391960985605,
      "boost": 0,
      "total": 0.0019894718791722867
    }
  }
}
