{
  "topCrop": {
    "x": 0,
    "y": 24,
    "width": 175,
    "height": 175,
    "score": {
      "detail": 13.200254545400778,
      "saturation": 0.3396404427008851,
      "skin": 21.82471525098234,
      "boost": 0,
      "total": 0.0013722916079562004
    }
  }
}
