{
  "topCrop": {
    "x": 0,
    "y": 10,
    "width": 217,
    "height": 217,
    "score": {
      "detail": 4.412139385883307,
      "saturation": 0.8679024533919442,
      "skin": 11.652472802027473,
      "boost": 0,
      "total": 0.000730520863285893
    }
  }
}
