{
  "topCrop": {
    "x": 0,
    "y": 32,
    "width": 175,
    "height": 175,
    "score": {
      "detail": 30.469399443476874,
      "saturation": -1.5863484191984045,
      "skin": 28.734253469063173,
      "boost": 0,
      "total": 0.0018723145014612104
    }
  }
}
