{
  "topCrop": {
    "x": 0,
    "y": 16,
    "width": 175,
    "height": 175,
    "score": {
      "detail": 8.61413855050809,
      "saturation": 40.16122838001359,
      "skin": 10.782955129511405,
      "boost": 319.51690131416257,
      "total": 1.0444039394897464
    }
  }
}
