{
  "topCrop": {
    "x": 0,
    "y": 0,
    "width": 175,
    "height": 175,
    "score": {
      "detail": 4.696060167163306,
      "saturation": -17.862860059904218,
      "skin": 21.536788897062905,
      "boost": 106.92681902348535,
      "total": 0.3502703175960395
    }
  }
}
