{
  "topCrop": {
    "x": 0,
    "y": 0,
    "width": 175,
    "height": 175,
    "score": {
      "detail": 6.831879911361265,
      "saturation": -1.4935170438062153,
      "skin": 16.57894209941885,
      "boost": 0,
      "total": 0.0010044217681007123
    }
  }
}
