{
  "topCrop": {
    "x": 0,
    "y": 24,
    "width": 175,
    "height": 175,
    "score": {
      "detail": 10.241720674198518,
      "saturation": 0.7298939637343834,
      "skin": 9.233128207720032,
      "boost": 0,
      "total": 0.0006167165093177494
    }
  }
}
