{
  "topCrop": {
    "x": 0,
    "y": 10,
    "width": 217,
    "height": 217,
    "score": {
      "detail": 4.426833641727267,
      "saturation": 0.8767914753085194,
      "skin": 11.717399364801848,
      "boost": 0,
      "total": 0.0007345660928650196
    }
  }
}
