{
  "topCrop": {
    "x": 0,
    "y": 0,
    "width": 175,
    "height": 175,
    "score": {
      "detail": 11.85766774024964,
      "saturation": -13.592787599131636,
      "skin": 15.954342331953754,
      "boost": 0,
      "total": 0.000882008602965786
    }
  }
}
