{
  "topCrop": {
    "x": 0,
    "y": 16,
    "width": 175,
    "height": 175,
    "score": {
      "detail": 3.724668790291612,
      "saturation": -8.257563713225014,
      "skin": 18.74196051319618,
      "boost": 214.05466647855846,
      "total": 0.6999990152301614
    }
  }
}
