{
  "topCrop": {
    "x": 0,
    "y": 0,
    "width": 178,
    "height": 178,
    "score": {
      "detail": -7.097552372118974,
      "saturation": 0.6139254267891848,
      "skin": 5.0627333723867896,
      "boost": 0,
      "total": 0.0002601924700723075
    }
  }
}
