{
  "topCrop": {
    "x": 0,
    "y": 24,
    "width": 175,
    "height": 175,
    "score": {
      "detail": 2.8127741587826183,
      "saturation": 3.101403956547312,
      "skin": 18.663688732173032,
      "boost": 0,
      "total": 0.001145718064869622
    }
  }
}
