{
  "topCrop": {
    "x": 0,
    "y": 32,
    "width": 175,
    "height": 175,
    "score": {
      "detail": 17.476588954062606,
      "saturation": 5.070868719832814,
      "skin": 13.647933213853872,
      "boost": 127.77408351168746,
      "total": 0.41818746806074925
    }
  }
}
