{
  "topCrop": {
    "x": 0,
    "y": 24,
    "width": 175,
    "height": 175,
    "score": {
      "detail": 5.666648491857681,
      "saturation": 10.652446345971542,
      "skin": 21.88271874779385,
      "boost": 293.10267143966007,
      "total": 0.9584974726959739
    }
  }
}
