{
  "topCrop": {
    "x": 0,
    "y": 8,
    "width": 175,
    "height": 175,
    "score": {
      "detail": 17.501674010654245,
      "saturation": 2.917411114933,
      "skin": 11.354839302730104,
      "boost": 0,
      "total": 0.0008102618410293858
    }
  }
}
