{
  "topCrop": {
    "x": 0,
    "y": 0,
    "width": 175,
    "height": 175,
    "score": {
      "detail": -9.105806664498788,
      "saturation": -1.4442490036364948,
      "skin": 12.613259874755816,
      "boost": 271.3785223797259,
      "total": 0.8868016871743073
    }
  }
}
