{
  "topCrop": {
    "x": 0,
    "y": 32,
    "width": 175,
    "height": 175,
    "score": {
      "detail": 18.293449174479917,
      "saturation": 35.46155838281305,
      "skin": 13.443500180574592,
      "boost": 0,
      "total": 0.0012569945363191564
    }
  }
}
