{
  "topCrop": {
    "x": 0,
    "y": 8,
    "width": 175,
    "height": 175,
    "score": {
      "detail": 8.0301846074588,
      "saturation": -0.0008447247849826776,
      "skin": 20.634588366534917,
      "boost": 274.0812569016482,
      "total": 0.8962244484156291
    }
  }
}
