{
  "topCrop": {
    "x": 0,
    "y": 40,
    "width": 219,
    "height": 219,
    "score": {
      "detail": 10.032545976817774,
      "saturation": -4.718579849288079,
      "skin": 12.99691490240961,
      "boost": 0,
      "total": 0.0007831961490584304
    }
  }
}
