{
  "topCrop": {
    "x": 0,
    "y": 0,
    "width": 219,
    "height": 219,
    "score": {
      "detail": 20.49202545508592,
      "saturation": -23.784796758480066,
      "skin": 18.2740600765254,
      "boost": 0,
      "total": 0.0009748987494275557
    }
  }
}
