{
  "topCrop": {
    "x": 0,
    "y": 0,
    "width": 178,
    "height": 178,
    "score": {
      "detail": -7.062112513908234,
      "saturation": 0.6174288726258965,
      "skin": 5.041458281967981,
      "boost": 50.99173439859545,
      "total": 0.16868215322123442
    }
  }
}
