{
  "topCrop": {
    "x": 0,
    "y": 0,
    "width": 175,
    "height": 175,
    "score": {
      "detail": -26.170148020506883,
      "saturation": -4.733878152872508,
      "skin": 10.433818645356666,
      "boost": 238.65379786665682,
      "total": 0.7796736805608935
    }
  }
}
