{
  "topCrop": {
    "x": 0,
    "y": 0,
    "width": 219,
    "height": 219,
    "score": {
      "detail": 10.653620398125524,
      "saturation": -10.803723823967951,
      "skin": 18.21265705344479,
      "boost": 143.4850785102484,
      "total": 0.46955690581725634
    }
  }
}
