{
  "topCrop": {
    "x": 0,
    "y": 0,
    "width": 219,
    "height": 219,
    "score": {
      "detail": 23.822377562089855,
      "saturation": -10.297992152722692,
      "skin": 20.31841663606062,
      "boost": 128.45822487144503,
      "total": 0.42070434987611466
    }
  }
}
