{
  "topCrop": {
    "x": 0,
    "y": 60,
    "width": 219,
    "height": 219,
    "score": {
      "detail": 37.8142103238542,
      "saturation": 4.669734680047104,
      "skin": 23.93434151269374,
      "boost": 0,
      "total": 0.001699447418502325
    }
  }
}
