{
  "topCrop": {
    "x": 0,
    "y": 32,
    "width": 175,
    "height": 175,
    "score": {
      "detail": 30.558446578935552,
      "saturation": -1.5918593140242971,
      "skin": 28.784306638809486,
      "boost": 0,
      "total": 0.0018757839500877355
    }
  }
}
