{
  "topCrop": {
    "x": 0,
    "y": 32,
    "width": 175,
    "height": 175,
    "score": {
      "detail": 7.237959680456353,
      "saturation": -3.929229291559607,
      "skin": 13.21927574441617,
      "boost": 306.98779931999036,
      "total": 1.0031948882118402
    }
  }
}
