{
  "topCrop": {
    "x": 0,
    "y": 0,
    "width": 175,
    "height": 175,
    "score": {
      "detail": 45.54137269092961,
      "saturation": 24.1305128128867,
      "skin": 23.23678231816819,
      "boost": 93.92373889179989,
      "total": 0.30858930696276715
    }
  }
}
