{
  "topCrop": {
    "x": 0,
    "y": 0,
    "width": 178,
    "height": 178,
    "score": {
      "detail": 11.996164045732971,
      "saturation": -0.7091924966361828,
      "skin": 12.173722276615738,
      "boost": 0,
      "total": 0.0007959827968709231
    }
  }
}
