{
  "topCrop": {
    "x": 0,
    "y": 0,
    "width": 175,
    "height": 175,
    "score": {
      "detail": 43.744211255523325,
      "saturation": -13.431867980497577,
      "skin": 23.336814522423474,
      "boost": 72.46221875385065,
      "total": 0.23813705872269003
    }
  }
}
