{
  "topCrop": {
    "x": 0,
    "y": 0,
    "width": 219,
    "height": 219,
    "score": {
      "detail": 8.792952182632147,
      "saturation": -6.865646435010031,
      "skin": 22.501330979802567,
      "boost": 0,
      "total": 0.001312695257785079
    }
  }
}
