{
  "topCrop": {
    "x": 0,
    "y": 8,
    "width": 175,
    "height": 175,
    "score": {
      "detail": 8.41597467507973,
      "saturation": -7.91995716338526,
      "skin": 21.217350447323668,
      "boost": 0,
      "total": 0.0012244388111406685
    }
  }
}
