{
  "topCrop": {
    "x": 0,
    "y": 30,
    "width": 219,
    "height": 219,
    "score": {
      "detail": 78.62504391050662,
      "saturation": 4.196423600444236,
      "skin": 24.43307819385103,
      "boost": 0,
      "total": 0.00199064413424217
    }
  }
}
