{
  "topCrop": {
    "x": 0,
    "y": 24,
    "width": 175,
    "height": 175,
    "score": {
      "detail": -5.402378307597372,
      "saturation": 4.24922620889193,
      "skin": 10.592758068958068,
      "boost": 0,
      "total": 0.0006289389951109429
    }
  }
}
