{
  "topCrop": {
    "x": 0,
    "y": 24,
    "width": 175,
    "height": 175,
    "score": {
      "detail": 64.91939519654413,
      "saturation": 6.581738048155279,
      "skin": 20.766629369770012,
      "boost": 0,
      "total": 0.00170900680226421
    }
  }
}
