{
  "topCrop": {
    "x": 0,
    "y": 0,
    "width": 175,
    "height": 175,
    "score": {
      "detail": -10.420204322305008,
      "saturation": 20.96771868030784,
      "skin": 18.959077638460823,
      "boost": 0,
      "total": 0.0012516772077995372
    }
  }
}
