{
  "topCrop": {
    "x": 0,
    "y": 0,
    "width": 175,
    "height": 175,
    "score": {
      "detail": -10.428961031381203,
      "saturation": 20.966042295196072,
      "skin": 18.939016548437163,
      "boost": 0,
      "total": 0.0012504244985949216
    }
  }
}
