{
  "topCrop": {
    "x": 0,
    "y": 0,
    "width": 333,
    "height": 333,
    "score": {
      "detail": -5.11075942055276,
      "saturation": 4.3496426015306495,
      "skin": 28.163229326279218,
      "boost": 290.50663760500146,
      "total": 0.9612115310537653
    }
  }
}
