{
  "topCrop": {
    "x": 0,
    "y": 8,
    "width": 175,
    "height": 175,
    "score": {
      "detail": 9.897940770370782,
      "saturation": 3.8115159238806022,
      "skin": 24.422044724569794,
      "boost": 0,
      "total": 0.0015373950509539255
    }
  }
}
