{
  "topCrop": {
    "x": 0,
    "y": 16,
    "width": 175,
    "height": 175,
    "score": {
      "detail": 0.996365171602279,
      "saturation": -22.947327397455,
      "skin": 10.584589146595922,
      "boost": 189.4236746265455,
      "total": 0.61893011585089
    }
  }
}
