{
  "topCrop": {
    "x": 0,
    "y": 0,
    "width": 175,
    "height": 175,
    "score": {
      "detail": -7.046806320704438,
      "saturation": -0.06304324969675193,
      "skin": 12.053272029218588,
      "boost": 0,
      "total": 0.0006617996869728505
    }
  }
}
