{
  "topCrop": {
    "x": 0,
    "y": 0,
    "width": 175,
    "height": 175,
    "score": {
      "detail": -13.2876660455524,
      "saturation": -10.47932669171649,
      "skin": 13.65353134878205,
      "boost": 124.39570593388854,
      "total": 0.40680312224000115
    }
  }
}
