{
  "topCrop": {
    "x": 0,
    "y": 0,
    "width": 178,
    "height": 178,
    "score": {
      "detail": 11.913983005436988,
      "saturation": -0.7188194276261574,
      "skin": 12.144909651271579,
      "boost": 0,
      "total": 0.0007936315281109919
    }
  }
}
