{
  "topCrop": {
    "x": 0,
    "y": 40,
    "width": 175,
    "height": 175,
    "score": {
      "detail": 18.932684956988197,
      "saturation": 3.387870332671634,
      "skin": 14.226763298417389,
      "boost": 0,
      "total": 0.0009930145968440956
    }
  }
}
