{
  "topCrop": {
    "x": 0,
    "y": 0,
    "width": 178,
    "height": 178,
    "score": {
      "detail": -28.36925761642611,
      "saturation": 2.974202026210474,
      "skin": 1.8422087634057462,
      "boost": 41.46994287661376,
      "total": 0.1369245829211284
    }
  }
}
