{
  "topCrop": {
    "x": 0,
    "y": 24,
    "width": 175,
    "height": 175,
    "score": {
      "detail": 64.91150692376151,
      "saturation": 6.5788946797194505,
      "skin": 20.763158898619245,
      "boost": 0,
      "total": 0.0017087234548957644
    }
  }
}
