{
  "topCrop": {
    "x": 0,
    "y": 0,
    "width": 175,
    "height": 175,
    "score": {
      "detail": 5.58686918551491,
      "saturation": -7.152156592154253,
      "skin": 24.396794535397458,
      "boost": 135.1480352951836,
      "total": 0.4427000648666623
    }
  }
}
