{
  "topCrop": {
    "x": 0,
    "y": 16,
    "width": 175,
    "height": 175,
    "score": {
      "detail": 0.9904243981758976,
      "saturation": 16.562700480577526,
      "skin": 18.159692667335314,
      "boost": 0,
      "total": 0.0012360601412248816
    }
  }
}
