{
  "topCrop": {
    "x": 0,
    "y": 8,
    "width": 175,
    "height": 175,
    "score": {
      "detail": 18.257662780756053,
      "saturation": -18.445332760269288,
      "skin": 21.724583045633274,
      "boost": 0,
      "total": 0.0012154181946191123
    }
  }
}
