{
  "topCrop": {
    "x": 0,
    "y": 8,
    "width": 175,
    "height": 175,
    "score": {
      "detail": 19.499177330512033,
      "saturation": -0.638525584225996,
      "skin": 20.432583710772473,
      "boost": 0,
      "total": 0.0013220221541297979
    }
  }
}
