{
  "topCrop": {
    "x": 0,
    "y": 8,
    "width": 175,
    "height": 175,
    "score": {
      "detail": 2.5777466012054773,
      "saturation": -1.3159307611555704,
      "skin": 13.444885452887855,
      "boost": 0,
      "total": 0.0007941735153336347
    }
  }
}
