{
  "topCrop": {
    "x": 0,
    "y": 8,
    "width": 175,
    "height": 175,
    "score": {
      "detail": 7.758647139147394,
      "saturation": -7.0514201731841055,
      "skin": 23.967058028578265,
      "boost": 231.2848426754054,
      "total": 0.7566060824609913
    }
  }
}
