{
  "topCrop": {
    "x": 0,
    "y": 24,
    "width": 175,
    "height": 175,
    "score": {
      "detail": -5.472686774525204,
      "saturation": 4.258521071326824,
      "skin": 10.586968976039056,
      "boost": 0,
      "total": 0.0006282306325996183
    }
  }
}
