{
  "topCrop": {
    "x": 0,
    "y": 20,
    "width": 219,
    "height": 219,
    "score": {
      "detail": 13.730347993147616,
      "saturation": -5.94106174174949,
      "skin": 17.410454157310717,
      "boost": 0,
      "total": 0.0010547777488739256
    }
  }
}
