{
  "topCrop": {
    "x": 0,
    "y": 30,
    "width": 219,
    "height": 219,
    "score": {
      "detail": 27.55330553894228,
      "saturation": -0.2385026367149824,
      "skin": 26.656456995527968,
      "boost": 0,
      "total": 0.0017443504623256916
    }
  }
}
