{
  "topCrop": {
    "x": 0,
    "y": 16,
    "width": 175,
    "height": 175,
    "score": {
      "detail": 1.0530451631678464,
      "saturation": 16.571006008852358,
      "skin": 18.17767163549734,
      "boost": 0,
      "total": 0.0012376071764631672
    }
  }
}
