{
  "topCrop": {
    "x": 0,
    "y": 8,
    "width": 175,
    "height": 175,
    "score": {
      "detail": 9.875369284780012,
      "saturation": 3.819078109814951,
      "skin": 24.425340156476345,
      "boost": 0,
      "total": 0.0015375154145814828
    }
  }
}
