{
  "topCrop": {
    "x": 0,
    "y": 32,
    "width": 175,
    "height": 175,
    "score": {
      "detail": 10.369116851679637,
      "saturation": 9.54432391392442,
      "skin": 23.241877442356692,
      "boost": 0,
      "total": 0.0015272653041879282
    }
  }
}
