{
  "topCrop": {
    "x": 0,
    "y": 32,
    "width": 175,
    "height": 175,
    "score": {
      "detail": 14.497789244752479,
      "saturation": 2.1280960648729317,
      "skin": 20.782061373956104,
      "boost": 0,
      "total": 0.0013370023556419056
    }
  }
}
