{
  "topCrop": {
    "x": 0,
    "y": 0,
    "width": 178,
    "height": 178,
    "score": {
      "detail": 16.059231252600565,
      "saturation": 4.941378338683969,
      "skin": 13.732518720074136,
      "boost": 0,
      "total": 0.0009714887517591078
    }
  }
}
