{
  "topCrop": {
    "x": 0,
    "y": 0,
    "width": 178,
    "height": 178,
    "score": {
      "detail": 25.748969889546153,
      "saturation": 1.2174361088236432,
      "skin": 10.830249946095943,
      "boost": 0,
      "total": 0.0008260495017019758
    }
  }
}
