{
  "topCrop": {
    "x": 0,
    "y": 36,
    "width": 400,
    "height": 400,
    "score": {
      "detail": 13.736098345448623,
      "saturation": -16.597040879239994,
      "skin": 11.216642442368318,
      "boost": 188.29459151132485,
      "total": 0.615425868242745
    }
  }
}
