{
  "topCrop": {
    "x": 24,
    "y": 0,
    "width": 139,
    "height": 139,
    "score": {
      "detail": -7.594006951930598,
      "saturation": 3.915380977311049,
      "skin": 6.964837777757915,
      "boost": 0,
      "total": 0.0006310501994084904
    }
  }
}
