{
  "topCrop": {
    "x": 0,
    "y": 0,
    "width": 178,
    "height": 178,
    "score": {
      "detail": -2.2935141866522657,
      "saturation": -3.7378861977096025,
      "skin": 13.785378181747275,
      "boost": 266.4352889936376,
      "total": 0.8807888265092568
    }
  }
}
