{
  "topCrop": {
    "x": 0,
    "y": 0,
    "width": 178,
    "height": 178,
    "score": {
      "detail": -2.2935141866522657,
      "saturation": -3.7378861977096025,
      "skin": 13.785378181747275,
      "boost": 0,
      "total": 0.0007673937121978386
    }
  }
}
