{
  "topCrop": {
    "x": 0,
    "y": 0,
    "width": 178,
    "height": 178,
    "score": {
      "detail": 1.7882948859054153,
      "saturation": 6.999808518873666,
      "skin": 14.294479119711044,
      "boost": 0,
      "total": 0.000931023383152433
    }
  }
}
