{
  "topCrop": {
    "x": 0,
    "y": 54,
    "width": 400,
    "height": 400,
    "score": {
      "detail": 3.161582071611666,
      "saturation": -13.93573970513945,
      "skin": 15.07874388324639,
      "boost": 107.39901496947171,
      "total": 0.35146105568783004
    }
  }
}
