{
  "topCrop": {
    "x": 0,
    "y": 32,
    "width": 175,
    "height": 175,
    "score": {
      "detail": 14.536291788372738,
      "saturation": 2.1200873767630433,
      "skin": 20.798787445613858,
      "boost": 0,
      "total": 0.0013381584317651725
    }
  }
}
