{
  "topCrop": {
    "x": 0,
    "y": 0,
    "width": 178,
    "height": 178,
    "score": {
      "detail": 1.7226532636905707,
      "saturation": 7.007664770145656,
      "skin": 14.289543752890248,
      "boost": 0,
      "total": 0.0009303741854599109
    }
  }
}
