{
  "topCrop": {
    "x": 0,
    "y": 0,
    "width": 178,
    "height": 178,
    "score": {
      "detail": 16.02524111962871,
      "saturation": 4.944830211022371,
      "skin": 13.724845738550943,
      "boost": 152.65602849082742,
      "total": 0.5051854957292696
    }
  }
}
