{
  "topCrop": {
    "x": 24,
    "y": 0,
    "width": 139,
    "height": 139,
    "score": {
      "detail": -7.640635233767178,
      "saturation": 3.9017577035976356,
      "skin": 6.960695326832279,
      "boost": 0,
      "total": 0.0006299700767363986
    }
  }
}
