{
  "topCrop": {
    "x": 0,
    "y": 8,
    "width": 175,
    "height": 175,
    "score": {
      "detail": 0.38916029542901065,
      "saturation": 2.435790305773227,
      "skin": 19.563189417074355,
      "boost": 346.9715505308916,
      "total": 1.1341445669613295
    }
  }
}
