{
  "topCrop": {
    "x": 0,
    "y": 8,
    "width": 175,
    "height": 175,
    "score": {
      "detail": -18.33574302809351,
      "saturation": 0,
      "skin": 0.015424192863992412,
      "boost": 322.87494708232987,
      "total": 1.0541667044301883
    }
  }
}
