{
  "topCrop": {
    "x": 0,
    "y": 0,
    "width": 178,
    "height": 178,
    "score": {
      "detail": -8.89014043068588,
      "saturation": -5.4285131394471104,
      "skin": 7.420070177470229,
      "boost": 0,
      "total": 0.00032862809788198916
    }
  }
}
