{
  "topCrop": {
    "x": 8,
    "y": 0,
    "width": 139,
    "height": 139,
    "score": {
      "detail": -9.161116677139022,
      "saturation": 3.6895514735588195,
      "skin": 6.032949117075009,
      "boost": 86.53339342201292,
      "total": 0.44839673374663147
    }
  }
}
