{
  "topCrop": {
    "x": 0,
    "y": 0,
    "width": 178,
    "height": 178,
    "score": {
      "detail": 25.741995223723045,
      "saturation": 1.2216569084124764,
      "skin": 10.84033997252303,
      "boost": 0,
      "total": 0.0008266451336969813
    }
  }
}
