{
  "topCrop": {
    "x": 0,
    "y": 0,
    "width": 178,
    "height": 178,
    "score": {
      "detail": -2.3442784368000056,
      "saturation": -3.738748459021185,
      "skin": 13.75787293963511,
      "boost": 0,
      "total": 0.0007654145549701692
    }
  }
}
