{
  "topCrop": {
    "x": 0,
    "y": 0,
    "width": 400,
    "height": 400,
    "score": {
      "detail": -4.979465740242468,
      "saturation": -14.114195479466083,
      "skin": 17.119149387387044,
      "boost": 95.78097001750892,
      "total": 0.3135895940851037
    }
  }
}
