{
  "topCrop": {
    "x": 0,
    "y": 0,
    "width": 178,
    "height": 178,
    "score": {
      "detail": -8.839074726299698,
      "saturation": -5.444619093909491,
      "skin": 7.43261818252203,
      "boost": 137.94816555909478,
      "total": 0.45596492495589197
    }
  }
}
