{
  "topCrop": {
    "x": 0,
    "y": 8,
    "width": 175,
    "height": 175,
    "score": {
      "detail": 31.94680081377188,
      "saturation": 6.894833872797466,
      "skin": 16.862835141311336,
      "boost": 0,
      "total": 0.001267295137271968
    }
  }
}
