{
  "topCrop": {
    "x": 0,
    "y": 8,
    "width": 175,
    "height": 175,
    "score": {
      "detail": 9.904315429688756,
      "saturation": -18.00132845202117,
      "skin": 23.68258826966879,
      "boost": 0,
      "total": 0.0012802979081056398
    }
  }
}
