{
  "topCrop": {
    "x": 0,
    "y": 8,
    "width": 175,
    "height": 175,
    "score": {
      "detail": 16.10434246640378,
      "saturation": -0.013305350734287217,
      "skin": 8.711830087457527,
      "boost": 244.64151180195373,
      "total": 0.7994465094282728
    }
  }
}
