{
  "topCrop": {
    "x": 0,
    "y": 32,
    "width": 175,
    "height": 175,
    "score": {
      "detail": -5.254370968201159,
      "saturation": -18.27706977606141,
      "skin": 9.735152126281161,
      "boost": 0,
      "total": 0.000358833590231753
    }
  }
}
