{
  "topCrop": {
    "x": 0,
    "y": 8,
    "width": 175,
    "height": 175,
    "score": {
      "detail": 16.083346253577865,
      "saturation": -0.013305350734287217,
      "skin": 8.695574893006045,
      "boost": 0,
      "total": 0.0006159906107071402
    }
  }
}
