{
  "topCrop": {
    "x": 0,
    "y": 0,
    "width": 175,
    "height": 175,
    "score": {
      "detail": 16.768759241999863,
      "saturation": 2.1409930791774086,
      "skin": 16.74508220288029,
      "boost": 201.60480929794005,
      "total": 0.6594161021234725
    }
  }
}
