{
  "topCrop": {
    "x": 0,
    "y": 8,
    "width": 175,
    "height": 175,
    "score": {
      "detail": -3.939829588517644,
      "saturation": 2.4315961898640723,
      "skin": 5.256250952972332,
      "boost": 0,
      "total": 0.0003070290499463148
    }
  }
}
