{
  "topCrop": {
    "x": 0,
    "y": 10,
    "width": 219,
    "height": 219,
    "score": {
      "detail": 17.892864635654096,
      "saturation": -3.4774447251405074,
      "skin": 20.603917700719,
      "boost": 0,
      "total": 0.0012937923712941343
    }
  }
}
