{
  "topCrop": {
    "x": 0,
    "y": 8,
    "width": 175,
    "height": 175,
    "score": {
      "detail": -2.433712848716531,
      "saturation": -5.1759920474517545,
      "skin": 18.79512780095163,
      "boost": 191.76874128992293,
      "total": 0.6272217410236745
    }
  }
}
