{
  "topCrop": {
    "x": 0,
    "y": 16,
    "width": 175,
    "height": 175,
    "score": {
      "detail": 13.974905868924019,
      "saturation": -0.007825291958101839,
      "skin": 10.942415786885759,
      "boost": 178.2842853993047,
      "total": 0.5828871027569981
    }
  }
}
