{
  "topCrop": {
    "x": 0,
    "y": 32,
    "width": 175,
    "height": 175,
    "score": {
      "detail": 9.444028968042538,
      "saturation": -11.654185363327448,
      "skin": 16.752905534759915,
      "boost": 0,
      "total": 0.0009321724129690816
    }
  }
}
