{
  "topCrop": {
    "x": 0,
    "y": 10,
    "width": 219,
    "height": 219,
    "score": {
      "detail": -6.578642132088969,
      "saturation": 0.2881844970864157,
      "skin": 1.4700424764045117,
      "boost": 0,
      "total": 0.00004626296751791843
    }
  }
}
