{
  "topCrop": {
    "x": 0,
    "y": 0,
    "width": 178,
    "height": 178,
    "score": {
      "detail": -3.3207078064778823,
      "saturation": -7.496444780121384,
      "skin": 10.543654267672254,
      "boost": 0,
      "total": 0.0005245878428237737
    }
  }
}
