{
  "topCrop": {
    "x": 0,
    "y": 10,
    "width": 219,
    "height": 219,
    "score": {
      "detail": 35.68134720887893,
      "saturation": -0.9298389384457154,
      "skin": 21.738430234152748,
      "boost": 0,
      "total": 0.0015015997447091274
    }
  }
}
