{
  "topCrop": {
    "x": 0,
    "y": 48,
    "width": 175,
    "height": 175,
    "score": {
      "detail": -1.7268738553606504,
      "saturation": -3.3813456810675815,
      "skin": 12.166388569972671,
      "boost": 0,
      "total": 0.0006706847657325193
    }
  }
}
