{
  "topCrop": {
    "x": 0,
    "y": 0,
    "width": 178,
    "height": 178,
    "score": {
      "detail": -2.957693972955161,
      "saturation": -3.939111967660906,
      "skin": 10.255665776643397,
      "boost": 0,
      "total": 0.0005511601933237156
    }
  }
}
