{
  "topCrop": {
    "x": 0,
    "y": 24,
    "width": 175,
    "height": 175,
    "score": {
      "detail": 21.977667685858428,
      "saturation": 9.468069092093026,
      "skin": -21.27229003595257,
      "boost": 43.47851526826461,
      "total": 0.14095664845800965
    }
  }
}
