{
  "topCrop": {
    "x": 0,
    "y": 24,
    "width": 178,
    "height": 178,
    "score": {
      "detail": -16.61653532204554,
      "saturation": 6.897175143817508,
      "skin": -3.7860496544976447,
      "boost": 379.7578866750846,
      "total": 1.2540533631790558
    }
  }
}
