{
  "topCrop": {
    "x": 0,
    "y": 32,
    "width": 175,
    "height": 175,
    "score": {
      "detail": 9.46176205078829,
      "saturation": -11.617264779660918,
      "skin": 16.78319064796004,
      "boost": 0,
      "total": 0.0009344299148599986
    }
  }
}
