{
  "topCrop": {
    "x": 0,
    "y": 9,
    "width": 200,
    "height": 200,
    "score": {
      "detail": 1.405955865863129,
      "saturation": -7.759372380023333,
      "skin": 22.385691851540493,
      "boost": 0,
      "total": 0.001248902034022482
    }
  }
}
