{
  "topCrop": {
    "x": 0,
    "y": 0,
    "width": 178,
    "height": 178,
    "score": {
      "detail": -10.21553446134481,
      "saturation": 15.05340134797319,
      "skin": 10.474777855680674,
      "boost": 123.51092149358463,
      "total": 0.40865436857612664
    }
  }
}
