{
  "topCrop": {
    "x": 0,
    "y": 16,
    "width": 175,
    "height": 175,
    "score": {
      "detail": 16.597895563172013,
      "saturation": -2.8145893705960248,
      "skin": 16.667576556129152,
      "boost": 0,
      "total": 0.0010604682482445085
    }
  }
}
