{
  "topCrop": {
    "x": 0,
    "y": 0,
    "width": 175,
    "height": 175,
    "score": {
      "detail": 12.565578735815889,
      "saturation": -8.871469550190428,
      "skin": 19.134349858806114,
      "boost": 123.50006767459449,
      "total": 0.40438531500693564
    }
  }
}
