{
  "topCrop": {
    "x": 0,
    "y": 16,
    "width": 175,
    "height": 175,
    "score": {
      "detail": 18.397427611063126,
      "saturation": -1.9471962829189058,
      "skin": 17.888324026894747,
      "boost": 0,
      "total": 0.0011524672615754283
    }
  }
}
