{
  "topCrop": {
    "x": 0,
    "y": 32,
    "width": 175,
    "height": 175,
    "score": {
      "detail": 15.566904612693984,
      "saturation": -2.019313934823658,
      "skin": 20.4480558215616,
      "boost": 0,
      "total": 0.0012837252970090637
    }
  }
}
