{
  "topCrop": {
    "x": 0,
    "y": 8,
    "width": 175,
    "height": 175,
    "score": {
      "detail": 12.522535205766081,
      "saturation": -6.2760514790881095,
      "skin": 21.236388222013247,
      "boost": 0,
      "total": 0.0012684796864343062
    }
  }
}
