{
  "topCrop": {
    "x": 0,
    "y": 0,
    "width": 175,
    "height": 175,
    "score": {
      "detail": 11.447350634349078,
      "saturation": 0.7241511604547098,
      "skin": 15.462438334846016,
      "boost": 0,
      "total": 0.0009906646360074796
    }
  }
}
