{
  "topCrop": {
    "x": 0,
    "y": 0,
    "width": 178,
    "height": 178,
    "score": {
      "detail": -3.3346201995622478,
      "saturation": -7.541333129860405,
      "skin": 10.55967717711568,
      "boost": 0,
      "total": 0.0005249990184469438
    }
  }
}
