{
  "topCrop": {
    "x": 0,
    "y": 8,
    "width": 175,
    "height": 175,
    "score": {
      "detail": 12.905373582478303,
      "saturation": -0.13525138443409535,
      "skin": 11.671473675079174,
      "boost": 0,
      "total": 0.0007689518993080146
    }
  }
}
