{
  "topCrop": {
    "x": 0,
    "y": 41,
    "width": 178,
    "height": 178,
    "score": {
      "detail": -12.157134344274045,
      "saturation": 5.45788373307407,
      "skin": -1.6061377825672316,
      "boost": 0,
      "total": -0.00012171719373608157
    }
  }
}
