{
  "topCrop": {
    "x": 0,
    "y": 0,
    "width": 175,
    "height": 175,
    "score": {
      "detail": 5.7674794647605525,
      "saturation": -1.7371509916688594,
      "skin": 16.41730748010136,
      "boost": 166.64376964830066,
      "total": 0.5451285051066025
    }
  }
}
