{
  "topCrop": {
    "x": 0,
    "y": 0,
    "width": 400,
    "height": 400,
    "score": {
      "detail": 7.559973576991163,
      "saturation": -11.683131732952688,
      "skin": 21.468658656312147,
      "boost": 97.78456619254816,
      "total": 0.32049329828674905
    }
  }
}
