{
  "topCrop": {
    "x": 0,
    "y": 10,
    "width": 219,
    "height": 219,
    "score": {
      "detail": 17.94925404182458,
      "saturation": -3.4570691280775647,
      "skin": 20.570082250149085,
      "boost": 0,
      "total": 0.0012923715304558366
    }
  }
}
