{
  "topCrop": {
    "x": 0,
    "y": 0,
    "width": 175,
    "height": 175,
    "score": {
      "detail": 29.286624011976706,
      "saturation": 0.45950421279960296,
      "skin": 16.585396196935687,
      "boost": 133.15691907933825,
      "total": 0.43596867909076065
    }
  }
}
