{
  "topCrop": {
    "x": 0,
    "y": 16,
    "width": 175,
    "height": 175,
    "score": {
      "detail": 18.549814087867176,
      "saturation": 9.754814952608617,
      "skin": 12.084149980729569,
      "boost": 275.0718009310329,
      "total": 0.8991205867876557
    }
  }
}
