{
  "topCrop": {
    "x": 0,
    "y": 24,
    "width": 175,
    "height": 175,
    "score": {
      "detail": 25.64848139552072,
      "saturation": 18.34298899260928,
      "skin": 26.98175946779445,
      "boost": 0,
      "total": 0.001933053388372798
    }
  }
}
