{
  "topCrop": {
    "x": 0,
    "y": 0,
    "width": 178,
    "height": 178,
    "score": {
      "detail": -2.9985729582507306,
      "saturation": -3.9493784475098797,
      "skin": 10.273398183409569,
      "boost": 153.29719011798363,
      "total": 0.50688421853622
    }
  }
}
