{
  "topCrop": {
    "x": 0,
    "y": 60,
    "width": 219,
    "height": 219,
    "score": {
      "detail": 2.2330914189891056,
      "saturation": 2.7010604788103967,
      "skin": 7.0418481981493795,
      "boost": 0,
      "total": 0.00045493104274644327
    }
  }
}
