{
  "topCrop": {
    "x": 0,
    "y": 10,
    "width": 219,
    "height": 219,
    "score": {
      "detail": 35.757026420958894,
      "saturation": -0.8994482172296614,
      "skin": 21.77240304077795,
      "boost": 0,
      "total": 0.001504388450364839
    }
  }
}
