{
  "topCrop": {
    "x": 0,
    "y": 32,
    "width": 175,
    "height": 175,
    "score": {
      "detail": 9.727134004563705,
      "saturation": -6.6619760686026135,
      "skin": 20.743774324432746,
      "boost": 0,
      "total": 0.0012174898861815806
    }
  }
}
