{
  "topCrop": {
    "x": 0,
    "y": 10,
    "width": 219,
    "height": 219,
    "score": {
      "detail": 29.557806687044756,
      "saturation": -9.793607397338906,
      "skin": 26.177486148616477,
      "boost": 0,
      "total": 0.0016356882999417775
    }
  }
}
