{
  "topCrop": {
    "x": 0,
    "y": 0,
    "width": 175,
    "height": 175,
    "score": {
      "detail": -43.17875414829657,
      "saturation": -3.585794277773622,
      "skin": -5.786838221723234,
      "boost": 0,
      "total": -0.0006572342175377379
    }
  }
}
