{
  "topCrop": {
    "x": 0,
    "y": 0,
    "width": 175,
    "height": 175,
    "score": {
      "detail": 29.316438222158794,
      "saturation": 0.4590244698652771,
      "skin": 16.534853053852046,
      "boost": 0,
      "total": 0.0011677952810555112
    }
  }
}
