{
  "topCrop": {
    "x": 0,
    "y": 10,
    "width": 219,
    "height": 219,
    "score": {
      "detail": 33.351645924558106,
      "saturation": -6.2205451819766076,
      "skin": 12.994822164662596,
      "boost": 0,
      "total": 0.0009206480171987367
    }
  }
}
