{
  "topCrop": {
    "x": 0,
    "y": 0,
    "width": 400,
    "height": 400,
    "score": {
      "detail": 19.679228798544113,
      "saturation": -8.043522542379334,
      "skin": 27.298109971204074,
      "boost": 150.75703815112456,
      "total": 0.49392206374065695
    }
  }
}
