{
  "topCrop": {
    "x": 0,
    "y": 0,
    "width": 400,
    "height": 400,
    "score": {
      "detail": -12.370301879003417,
      "saturation": -23.42863190664265,
      "skin": 22.87913489376656,
      "boost": 129.08810416643868,
      "total": 0.4225466190858728
    }
  }
}
