{
  "topCrop": {
    "x": 0,
    "y": 0,
    "width": 211,
    "height": 211,
    "score": {
      "detail": 31.13478274386748,
      "saturation": 28.396333335639103,
      "skin": 9.161823474207068,
      "boost": 0,
      "total": 0.0010199882058134842
    }
  }
}
