{
  "topCrop": {
    "x": 0,
    "y": 0,
    "width": 175,
    "height": 175,
    "score": {
      "detail": -1.2031405454112323,
      "saturation": -6.669670575073181,
      "skin": 10.612514050653765,
      "boost": 140.52752699106088,
      "total": 0.4594159573915318
    }
  }
}
