{
  "topCrop": {
    "x": 0,
    "y": 0,
    "width": 400,
    "height": 400,
    "score": {
      "detail": 5.849436834366463,
      "saturation": -12.158431859341647,
      "skin": 16.7482030974791,
      "boost": 114.47864567163361,
      "total": 0.3747113041811558
    }
  }
}
