{
  "topCrop": {
    "x": 0,
    "y": 32,
    "width": 175,
    "height": 175,
    "score": {
      "detail": 9.75045489274415,
      "saturation": -6.671986217900065,
      "skin": 20.725019275947943,
      "boost": 0,
      "total": 0.0012164417897105341
    }
  }
}
