{
  "topCrop": {
    "x": 24,
    "y": 0,
    "width": 142,
    "height": 142,
    "score": {
      "detail": 46.71997414548546,
      "saturation": 17.91764915112995,
      "skin": 12.797503550214122,
      "boost": 0,
      "total": 0.0018723862311456803
    }
  }
}
