{
  "topCrop": {
    "x": 0,
    "y": 16,
    "width": 175,
    "height": 175,
    "score": {
      "detail": -12.884573977051431,
      "saturation": -16.202487589946728,
      "skin": 9.805547413601897,
      "boost": 245.98426495323494,
      "total": 0.8035473900276108
    }
  }
}
