{
  "topCrop": {
    "x": 0,
    "y": 9,
    "width": 200,
    "height": 200,
    "score": {
      "detail": 1.3951739978892126,
      "saturation": -7.762559870168558,
      "skin": 22.409539143976435,
      "boost": 0,
      "total": 0.001250202034210118
    }
  }
}
