{
  "topCrop": {
    "x": 0,
    "y": 8,
    "width": 175,
    "height": 175,
    "score": {
      "detail": 19.168181435265094,
      "saturation": 10.502120813164932,
      "skin": 12.414392475215186,
      "boost": 0,
      "total": 0.0009577201301678313
    }
  }
}
