{
  "topCrop": {
    "x": 0,
    "y": 0,
    "width": 175,
    "height": 175,
    "score": {
      "detail": 29.286624011976706,
      "saturation": 0.45950421279960296,
      "skin": 16.585396196935687,
      "boost": 0,
      "total": 0.0011705759745541046
    }
  }
}
