{
  "topCrop": {
    "x": 0,
    "y": 0,
    "width": 175,
    "height": 175,
    "score": {
      "detail": 0.050552881404626986,
      "saturation": -2.4028082182506636,
      "skin": 17.143843633707085,
      "boost": 208.52896027608162,
      "total": 0.6818953212819474
    }
  }
}
