{
  "topCrop": {
    "x": 0,
    "y": 32,
    "width": 175,
    "height": 175,
    "score": {
      "detail": 15.577524306346026,
      "saturation": -2.019041326010921,
      "skin": 20.44557856614109,
      "boost": 0,
      "total": 0.0012836517186128947
    }
  }
}
