{
  "topCrop": {
    "x": 0,
    "y": 8,
    "width": 175,
    "height": 175,
    "score": {
      "detail": 2.886290981491411,
      "saturation": -2.665904093885431,
      "skin": 16.748781530987767,
      "boost": 201.95463371749543,
      "total": 0.6604208543828066
    }
  }
}
