{
  "topCrop": {
    "x": 0,
    "y": 0,
    "width": 175,
    "height": 175,
    "score": {
      "detail": 4.876877260800883,
      "saturation": 0.5899067144783726,
      "skin": 10.989739330104335,
      "boost": 0,
      "total": 0.0006835552085123753
    }
  }
}
