{
  "topCrop": {
    "x": 0,
    "y": 0,
    "width": 175,
    "height": 175,
    "score": {
      "detail": 39.96697581228131,
      "saturation": -9.341403845664974,
      "skin": 42.863339965971036,
      "boost": 95.10820953283024,
      "total": 0.3132462347503846
    }
  }
}
