{
  "topCrop": {
    "x": 0,
    "y": 24,
    "width": 175,
    "height": 175,
    "score": {
      "detail": 15.850224446865633,
      "saturation": -5.988995671325347,
      "skin": 15.37558593053908,
      "boost": 206.60000112038432,
      "total": 0.6755608004212695
    }
  }
}
