{
  "topCrop": {
    "x": 0,
    "y": 16,
    "width": 175,
    "height": 175,
    "score": {
      "detail": -9.121856781520195,
      "saturation": 0.004916905752112497,
      "skin": 5.369157473901056,
      "boost": 0,
      "total": 0.000256051825908359
    }
  }
}
