{
  "topCrop": {
    "x": 0,
    "y": 0,
    "width": 175,
    "height": 175,
    "score": {
      "detail": 11.451202564337645,
      "saturation": 0.7001804670799022,
      "skin": 15.478783747446018,
      "boost": 0,
      "total": 0.0009914156864781823
    }
  }
}
