{
  "topCrop": {
    "x": 0,
    "y": 0,
    "width": 211,
    "height": 211,
    "score": {
      "detail": 31.144942080196568,
      "saturation": 28.2810267136506,
      "skin": 9.177604924909469,
      "boost": 0,
      "total": 0.001019852581060295
    }
  }
}
