{
  "topCrop": {
    "x": 0,
    "y": 0,
    "width": 178,
    "height": 178,
    "score": {
      "detail": 13.901645443289517,
      "saturation": 2.496693685588609,
      "skin": 17.436667179879056,
      "boost": 0,
      "total": 0.0011532348433781472
    }
  }
}
