{
  "topCrop": {
    "x": 0,
    "y": 48,
    "width": 175,
    "height": 175,
    "score": {
      "detail": -1.6742201326689885,
      "saturation": -3.3711770699956993,
      "skin": 12.18240158502631,
      "boost": 0,
      "total": 0.0006720694107923217
    }
  }
}
