{
  "topCrop": {
    "x": 0,
    "y": 24,
    "width": 175,
    "height": 175,
    "score": {
      "detail": 52.343454549799034,
      "saturation": -2.560934906890099,
      "skin": 30.592225394676028,
      "boost": 0,
      "total": 0.002114821751781539
    }
  }
}
