{
  "topCrop": {
    "x": 0,
    "y": 16,
    "width": 175,
    "height": 175,
    "score": {
      "detail": 25.733239783972998,
      "saturation": -0.24124997035970155,
      "skin": 18.94343653502759,
      "boost": 0,
      "total": 0.0012791006931832279
    }
  }
}
