{
  "topCrop": {
    "x": 0,
    "y": 24,
    "width": 175,
    "height": 175,
    "score": {
      "detail": 27.863390254389593,
      "saturation": 2.3510017314858,
      "skin": 16.752916548907073,
      "boost": 98.79857484566179,
      "total": 0.32379724776896446
    }
  }
}
