{
  "topCrop": {
    "x": 0,
    "y": 16,
    "width": 175,
    "height": 175,
    "score": {
      "detail": 20.794148620783012,
      "saturation": 19.545546005128347,
      "skin": 26.06900252385827,
      "boost": 320.4228237377123,
      "total": 1.04813809214171
    }
  }
}
