{
  "topCrop": {
    "x": 0,
    "y": 32,
    "width": 175,
    "height": 175,
    "score": {
      "detail": -16.833585408496457,
      "saturation": 15.677897907855137,
      "skin": 5.390844499688088,
      "boost": 0,
      "total": 0.0003604954249827202
    }
  }
}
