{
  "topCrop": {
    "x": 0,
    "y": 8,
    "width": 175,
    "height": 175,
    "score": {
      "detail": 9.924737899285887,
      "saturation": -18.02031189451642,
      "skin": 23.69891453469563,
      "boost": 0,
      "total": 0.0012812049036393268
    }
  }
}
