{
  "topCrop": {
    "x": 0,
    "y": 16,
    "width": 175,
    "height": 175,
    "score": {
      "detail": -9.158731453908734,
      "saturation": 0.004916905752112497,
      "skin": 5.3713920012928185,
      "boost": 0,
      "total": 0.00025594234720884766
    }
  }
}
