{
  "topCrop": {
    "x": 0,
    "y": 8,
    "width": 178,
    "height": 178,
    "score": {
      "detail": 0.07393134971472103,
      "saturation": 14.43410129878406,
      "skin": 10.617105830000805,
      "boost": 0,
      "total": 0.0007747326976344171
    }
  }
}
