{
  "topCrop": {
    "x": 0,
    "y": 8,
    "width": 178,
    "height": 178,
    "score": {
      "detail": -8.493899564214441,
      "saturation": -5.365619362995541,
      "skin": 13.72800905243012,
      "boost": 0,
      "total": 0.0007068949191647732
    }
  }
}
