{
  "topCrop": {
    "x": 0,
    "y": 0,
    "width": 175,
    "height": 175,
    "score": {
      "detail": -43.187223159006784,
      "saturation": -3.5861436949291217,
      "skin": -5.817690623339017,
      "boost": 0,
      "total": -0.0006591063138707044
    }
  }
}
