{
  "topCrop": {
    "x": 0,
    "y": 0,
    "width": 175,
    "height": 175,
    "score": {
      "detail": 21.096378838320565,
      "saturation": -25.443918092382667,
      "skin": 34.08999428320631,
      "boost": 119.12206798586533,
      "total": 0.3908622004452654
    }
  }
}
