{
  "topCrop": {
    "x": 0,
    "y": 10,
    "width": 219,
    "height": 219,
    "score": {
      "detail": 33.34707894955067,
      "saturation": -6.229055211712875,
      "skin": 13.024878254711032,
      "boost": 0,
      "total": 0.0009223013905265674
    }
  }
}
