{
  "topCrop": {
    "x": 0,
    "y": 16,
    "width": 175,
    "height": 175,
    "score": {
      "detail": 8.845349650702321,
      "saturation": -27.790046830453285,
      "skin": 11.11782915090385,
      "boost": 79.46446029401099,
      "total": 0.25991478131440754
    }
  }
}
