{
  "topCrop": {
    "x": 0,
    "y": 8,
    "width": 175,
    "height": 175,
    "score": {
      "detail": -2.8791368355088136,
      "saturation": -4.29659463375876,
      "skin": 8.222032406306065,
      "boost": 0,
      "total": 0.0004223625330325396
    }
  }
}
