{
  "topCrop": {
    "x": 0,
    "y": 32,
    "width": 175,
    "height": 175,
    "score": {
      "detail": 30.679205991359375,
      "saturation": 0.24534176555158008,
      "skin": 12.499377117216701,
      "boost": 0,
      "total": 0.0009374146135159972
    }
  }
}
