{
  "topCrop": {
    "x": 0,
    "y": 32,
    "width": 175,
    "height": 175,
    "score": {
      "detail": -16.925542715973936,
      "saturation": 15.623681693526906,
      "skin": 5.379724477355519,
      "boost": 0,
      "total": 0.00035871020486867653
    }
  }
}
