{
  "topCrop": {
    "x": 0,
    "y": 10,
    "width": 219,
    "height": 219,
    "score": {
      "detail": -6.448644484699529,
      "saturation": 0.29206278226138843,
      "skin": 1.4491322245015494,
      "boost": 0,
      "total": 0.00004592091238665469
    }
  }
}
