{
  "topCrop": {
    "x": 0,
    "y": 8,
    "width": 175,
    "height": 175,
    "score": {
      "detail": 19.119048471788197,
      "saturation": 10.507973511365094,
      "skin": 12.399753652252931,
      "boost": 0,
      "total": 0.0009565961901003247
    }
  }
}
