{
  "topCrop": {
    "x": 0,
    "y": 0,
    "width": 175,
    "height": 175,
    "score": {
      "detail": 13.420151767912833,
      "saturation": 0.663094509742008,
      "skin": 14.679186987707963,
      "boost": 147.9562909391098,
      "total": 0.4840794967900526
    }
  }
}
