{
  "topCrop": {
    "x": 0,
    "y": 24,
    "width": 175,
    "height": 175,
    "score": {
      "detail": 25.739712508605635,
      "saturation": 18.34650419431481,
      "skin": 27.00742880258663,
      "boost": 0,
      "total": 0.001935192346274988
    }
  }
}
