{
  "topCrop": {
    "x": 0,
    "y": 8,
    "width": 175,
    "height": 175,
    "score": {
      "detail": 12.881360007382577,
      "saturation": -0.13537199544189374,
      "skin": 11.668919023409076,
      "boost": 0,
      "total": 0.0007686437435095603
    }
  }
}
