{
  "topCrop": {
    "x": 0,
    "y": 0,
    "width": 400,
    "height": 400,
    "score": {
      "detail": 21.670188686824915,
      "saturation": -14.591323562892839,
      "skin": 34.69814627004479,
      "boost": 110.59853216879911,
      "total": 0.36317604965990163
    }
  }
}
