{
  "topCrop": {
    "x": 0,
    "y": 8,
    "width": 175,
    "height": 175,
    "score": {
      "detail": -2.885218446527486,
      "saturation": -4.296141886675508,
      "skin": 8.200918892854117,
      "boost": 0,
      "total": 0.00042108629393728205
    }
  }
}
