{
  "topCrop": {
    "x": 0,
    "y": 8,
    "width": 175,
    "height": 175,
    "score": {
      "detail": 15.276105334864667,
      "saturation": -3.2039825194056526,
      "skin": 16.866613468324868,
      "boost": 0,
      "total": 0.001059720181359543
    }
  }
}
