{
  "topCrop": {
    "x": 0,
    "y": 32,
    "width": 175,
    "height": 175,
    "score": {
      "detail": -5.264976794025483,
      "saturation": -18.288750560440796,
      "skin": 9.768412815109315,
      "boost": 0,
      "total": 0.0003606048176411244
    }
  }
}
