{
  "topCrop": {
    "x": 0,
    "y": 0,
    "width": 175,
    "height": 175,
    "score": {
      "detail": 3.4719824668854495,
      "saturation": -8.490171711693023,
      "skin": 22.387901537767004,
      "boost": 168.56152981253828,
      "total": 0.5516603607837283
    }
  }
}
