{
  "topCrop": {
    "x": 0,
    "y": 8,
    "width": 175,
    "height": 175,
    "score": {
      "detail": -3.9507252078527246,
      "saturation": 2.437476993087535,
      "skin": 5.262891211192257,
      "boost": 0,
      "total": 0.0003074057873143437
    }
  }
}
