{
  "topCrop": {
    "x": 0,
    "y": 8,
    "width": 178,
    "height": 178,
    "score": {
      "detail": 0.08140760566931625,
      "saturation": 14.40347008615999,
      "skin": 10.629811869453182,
      "boost": 0,
      "total": 0.0007752339778041216
    }
  }
}
