{
  "topCrop": {
    "x": 0,
    "y": 10,
    "width": 219,
    "height": 219,
    "score": {
      "detail": 14.525685303091214,
      "saturation": -6.871259655264773,
      "skin": 25.19129403651339,
      "boost": 0,
      "total": 0.0015081824793391975
    }
  }
}
