{
  "topCrop": {
    "x": 0,
    "y": 8,
    "width": 175,
    "height": 175,
    "score": {
      "detail": 24.423245850832696,
      "saturation": 0.6126248967594746,
      "skin": 17.8615428798162,
      "boost": 0,
      "total": 0.00121532126768534
    }
  }
}
