{
  "topCrop": {
    "x": 0,
    "y": 0,
    "width": 178,
    "height": 178,
    "score": {
      "detail": 13.85420455783409,
      "saturation": 2.494646779145689,
      "skin": 17.395391532262718,
      "boost": 0,
      "total": 0.0011504472091221898
    }
  }
}
