{
  "topCrop": {
    "x": 0,
    "y": 16,
    "width": 175,
    "height": 175,
    "score": {
      "detail": 18.329256161742666,
      "saturation": -1.955088832841319,
      "skin": 17.871446741686793,
      "boost": 0,
      "total": 0.0011509527744500364
    }
  }
}
