{
  "topCrop": {
    "x": 0,
    "y": 41,
    "width": 178,
    "height": 178,
    "score": {
      "detail": -12.16299429624178,
      "saturation": 5.435531431246759,
      "skin": -1.6139349560405714,
      "boost": 0,
      "total": -0.00012244095490643935
    }
  }
}
