{
  "topCrop": {
    "x": 0,
    "y": 16,
    "width": 175,
    "height": 175,
    "score": {
      "detail": 25.787766239897298,
      "saturation": -0.2567456777307086,
      "skin": 18.966600152032996,
      "boost": 0,
      "total": 0.0012806664430471718
    }
  }
}
