{
  "topCrop": {
    "x": 0,
    "y": 16,
    "width": 175,
    "height": 175,
    "score": {
      "detail": 3.167855384094844,
      "saturation": -18.640316525013148,
      "skin": 18.95356894792939,
      "boost": 256.45179690981456,
      "total": 0.8383457172639035
    }
  }
}
