{
  "topCrop": {
    "x": 0,
    "y": 0,
    "width": 175,
    "height": 175,
    "score": {
      "detail": 11.447350634349078,
      "saturation": 0.7241511604547098,
      "skin": 15.462438334846016,
      "boost": 109.85627240446466,
      "total": 0.3597050235077288
    }
  }
}
