{
  "topCrop": {
    "x": 0,
    "y": 0,
    "width": 499,
    "height": 499,
    "score": {
      "detail": 5.959803147617588,
      "saturation": -8.548507638587045,
      "skin": 25.05956958074149,
      "boost": 138.33600686106837,
      "total": 0.4531374798266161
    }
  }
}
