{
  "topCrop": {
    "x": 0,
    "y": 8,
    "width": 175,
    "height": 175,
    "score": {
      "detail": 31.874883057683405,
      "saturation": 6.868380753669248,
      "skin": 16.847510906563944,
      "boost": 0,
      "total": 0.0012656656479821241
    }
  }
}
