{
  "topCrop": {
    "x": 0,
    "y": 0,
    "width": 175,
    "height": 175,
    "score": {
      "detail": 4.890684245924407,
      "saturation": 0.5815356119530743,
      "skin": 11.019102175237446,
      "boost": 0,
      "total": 0.0006852891901452476
    }
  }
}
