{
  "topCrop": {
    "x": 0,
    "y": 0,
    "width": 219,
    "height": 219,
    "score": {
      "detail": 26.49751011080054,
      "saturation": -0.3410367980529127,
      "skin": 21.131806802247493,
      "boost": 145.74726896572872,
      "total": 0.4773211866057032
    }
  }
}
