{
  "topCrop": {
    "x": 24,
    "y": 0,
    "width": 142,
    "height": 142,
    "score": {
      "detail": 46.70326511214111,
      "saturation": 17.894848218966228,
      "skin": 12.778926796896467,
      "boost": 0,
      "total": 0.0018702229578720358
    }
  }
}
