{
  "topCrop": {
    "x": 0,
    "y": 8,
    "width": 178,
    "height": 178,
    "score": {
      "detail": -8.514198321353303,
      "saturation": -5.3577525514174,
      "skin": 13.689642112215054,
      "boost": 0,
      "total": 0.0007045577477966449
    }
  }
}
