{
  "topCrop": {
    "x": 24,
    "y": 0,
    "width": 115,
    "height": 115,
    "score": {
      "detail": -3.7286087429987638,
      "saturation": 21.020817917703518,
      "skin": 4.415285478077579,
      "boost": 0,
      "total": 0.0010214017003592397
    }
  }
}
