{
  "topCrop": {
    "x": 0,
    "y": 8,
    "width": 175,
    "height": 175,
    "score": {
      "detail": 24.446118008191924,
      "saturation": 0.667970807372042,
      "skin": 17.855917304595593,
      "boost": 0,
      "total": 0.0012156821548448024
    }
  }
}
