{
  "topCrop": {
    "x": 0,
    "y": 32,
    "width": 175,
    "height": 175,
    "score": {
      "detail": 30.675572216311792,
      "saturation": 0.24395576543010095,
      "skin": 12.513477957928904,
      "boost": 0,
      "total": 0.0009382060897032953
    }
  }
}
