{
  "topCrop": {
    "x": 0,
    "y": 0,
    "width": 219,
    "height": 219,
    "score": {
      "detail": 31.385571066383545,
      "saturation": -7.192724939622803,
      "skin": 26.038278916657177,
      "boost": 0,
      "total": 0.0016649207765346218
    }
  }
}
