{
  "topCrop": {
    "x": 0,
    "y": 0,
    "width": 175,
    "height": 175,
    "score": {
      "detail": 37.431526050251406,
      "saturation": -27.004463616348367,
      "skin": 27.063090655757673,
      "boost": 151.1101990593937,
      "total": 0.49499162237534294
    }
  }
}
