{
  "topCrop": {
    "x": 0,
    "y": 0,
    "width": 175,
    "height": 175,
    "score": {
      "detail": -14.980257305753929,
      "saturation": 2.191568024645031,
      "skin": -0.6069359453049633,
      "boost": 303.1013453011104,
      "total": 0.9896066437340648
    }
  }
}
