{
  "topCrop": {
    "x": 0,
    "y": 10,
    "width": 219,
    "height": 219,
    "score": {
      "detail": 29.511693417881066,
      "saturation": -9.633749337364218,
      "skin": 26.197303506603475,
      "boost": 0,
      "total": 0.001638117883893982
    }
  }
}
