{
  "topCrop": {
    "x": 0,
    "y": 16,
    "width": 175,
    "height": 175,
    "score": {
      "detail": 14.738852324624416,
      "saturation": -3.7479068843969587,
      "skin": 16.241325820686193,
      "boost": 107.61025830373548,
      "total": 0.3523945670285841
    }
  }
}
