{
  "topCrop": {
    "x": 0,
    "y": 0,
    "width": 400,
    "height": 400,
    "score": {
      "detail": 3.2319688015849017,
      "saturation": -19.16185364466789,
      "skin": 18.018556574779563,
      "boost": 94.94399790715877,
      "total": 0.310913666292813
    }
  }
}
