{
  "topCrop": {
    "x": 0,
    "y": 0,
    "width": 175,
    "height": 175,
    "score": {
      "detail": 17.507662985786432,
      "saturation": -12.5899903955007,
      "skin": 23.811271652152854,
      "boost": 211.19798749206703,
      "total": 0.6910166064868273
    }
  }
}
