{
  "topCrop": {
    "x": 0,
    "y": 10,
    "width": 219,
    "height": 219,
    "score": {
      "detail": 14.513160282879637,
      "saturation": -6.88836583464598,
      "skin": 25.200057927985824,
      "boost": 0,
      "total": 0.0015084482147447059
    }
  }
}
