{
  "topCrop": {
    "x": 0,
    "y": 24,
    "width": 175,
    "height": 175,
    "score": {
      "detail": 27.43523451350423,
      "saturation": 0.12297889381151163,
      "skin": 12.130237992330116,
      "boost": 75.93860227180048,
      "total": 0.24885611742488445
    }
  }
}
