{
  "topCrop": {
    "x": 0,
    "y": 0,
    "width": 400,
    "height": 400,
    "score": {
      "detail": -4.020988205357705,
      "saturation": -12.413784634767861,
      "skin": 21.608979381130833,
      "boost": 124.82074703065548,
      "total": 0.40870016434024753
    }
  }
}
