{
  "topCrop": {
    "x": 0,
    "y": 0,
    "width": 175,
    "height": 175,
    "score": {
      "detail": -12.820956401866123,
      "saturation": -11.094941350768973,
      "skin": 6.096361944559721,
      "boost": 147.8801598959261,
      "total": 0.48303989444594986
    }
  }
}
