{
  "topCrop": {
    "x": 24,
    "y": 0,
    "width": 115,
    "height": 115,
    "score": {
      "detail": -3.8062241151072453,
      "saturation": 21.002368395228125,
      "skin": 4.389965430895125,
      "boost": 0,
      "total": 0.0010163632114297326
    }
  }
}
