{
  "topCrop": {
    "x": 0,
    "y": 0,
    "width": 178,
    "height": 178,
    "score": {
      "detail": -9.209979781059998,
      "saturation": 8.940355902991136,
      "skin": 10.869826888896434,
      "boost": 68.54749515457517,
      "total": 0.22708268313754182
    }
  }
}
