{
  "topCrop": {
    "x": 0,
    "y": 8,
    "width": 175,
    "height": 175,
    "score": {
      "detail": 5.829897105080526,
      "saturation": 5.907660111547685,
      "skin": 12.370751559728944,
      "boost": 0,
      "total": 0.0008230409881466942
    }
  }
}
