{
  "topCrop": {
    "x": 0,
    "y": 0,
    "width": 175,
    "height": 175,
    "score": {
      "detail": 9.374845433424277,
      "saturation": -7.221315433072022,
      "skin": 15.483087635933902,
      "boost": 130.35644509306408,
      "total": 0.42655420870229727
    }
  }
}
