{
  "topCrop": {
    "x": 0,
    "y": 8,
    "width": 175,
    "height": 175,
    "score": {
      "detail": 13.90485836621436,
      "saturation": -7.633215143011798,
      "skin": 15.750531916740865,
      "boost": 0,
      "total": 0.0009417784352807474
    }
  }
}
