{
  "topCrop": {
    "x": 0,
    "y": 16,
    "width": 175,
    "height": 175,
    "score": {
      "detail": -3.4205798966506435,
      "saturation": 6.073548546660552,
      "skin": 16.65925725226379,
      "boost": 351.80127236539954,
      "total": 1.1497551623895086
    }
  }
}
