{
  "topCrop": {
    "x": 0,
    "y": 8,
    "width": 175,
    "height": 175,
    "score": {
      "detail": 10.352624265475468,
      "saturation": -8.34215425576572,
      "skin": 11.68825361038087,
      "boost": 219.2078087190094,
      "total": 0.7164534728808488
    }
  }
}
