{
  "topCrop": {
    "x": 0,
    "y": 0,
    "width": 175,
    "height": 175,
    "score": {
      "detail": -10.479607056880736,
      "saturation": 6.959186113123343,
      "skin": 18.13028236100448,
      "boost": 0,
      "total": 0.0010653499648120464
    }
  }
}
