{
  "topCrop": {
    "x": 0,
    "y": 0,
    "width": 400,
    "height": 400,
    "score": {
      "detail": 11.59492310395538,
      "saturation": 3.30562447432256,
      "skin": 20.08462408961288,
      "boost": 120.55277496874577,
      "total": 0.39493030178608873
    }
  }
}
