{
  "topCrop": {
    "x": 0,
    "y": 10,
    "width": 219,
    "height": 219,
    "score": {
      "detail": 24.399486345931322,
      "saturation": 14.00673654607069,
      "skin": 35.460242446120404,
      "boost": 0,
      "total": 0.002380746273829362
    }
  }
}
