{
  "topCrop": {
    "x": 0,
    "y": 0,
    "width": 175,
    "height": 175,
    "score": {
      "detail": 14.796895499285423,
      "saturation": 1.467170576603535,
      "skin": 12.745806951615407,
      "boost": 206.21532050733074,
      "total": 0.6742162949720432
    }
  }
}
