{
  "topCrop": {
    "x": 0,
    "y": 8,
    "width": 175,
    "height": 175,
    "score": {
      "detail": -8.700654749297,
      "saturation": -5.313644950816582,
      "skin": 3.5782888482876962,
      "boost": 301.0485470618827,
      "total": 0.9831171069936353
    }
  }
}
