{
  "topCrop": {
    "x": 0,
    "y": 10,
    "width": 219,
    "height": 219,
    "score": {
      "detail": 24.380148888001926,
      "saturation": 13.954653803738944,
      "skin": 35.448616299227524,
      "boost": 0,
      "total": 0.0023794264573822567
    }
  }
}
