{
  "topCrop": {
    "x": 0,
    "y": 32,
    "width": 175,
    "height": 175,
    "score": {
      "detail": 18.022463829375585,
      "saturation": -1.4750750506240986,
      "skin": 16.07233602914188,
      "boost": 0,
      "total": 0.0010479077584699846
    }
  }
}
