{
  "topCrop": {
    "x": 0,
    "y": 0,
    "width": 175,
    "height": 175,
    "score": {
      "detail": 3.5268242067414666,
      "saturation": -7.038244221184518,
      "skin": 15.754543259793625,
      "boost": 120.31895830203744,
      "total": 0.39375829876396296
    }
  }
}
