{
  "topCrop": {
    "x": 0,
    "y": 24,
    "width": 175,
    "height": 175,
    "score": {
      "detail": 11.579229955273679,
      "saturation": 5.510411170938589,
      "skin": 20.561682444159523,
      "boost": 204.73829425359494,
      "total": 0.6698713281012675
    }
  }
}
