{
  "topCrop": {
    "x": 0,
    "y": 8,
    "width": 175,
    "height": 175,
    "score": {
      "detail": 5.830225391486708,
      "saturation": 5.912029693338217,
      "skin": 12.359273960406176,
      "boost": 0,
      "total": 0.0008224113343683239
    }
  }
}
