{
  "topCrop": {
    "x": 0,
    "y": 0,
    "width": 217,
    "height": 217,
    "score": {
      "detail": 18.28383634974818,
      "saturation": -12.829879269899529,
      "skin": 12.849953388689409,
      "boost": 0,
      "total": 0.0007576205439496868
    }
  }
}
