{
  "topCrop": {
    "x": 0,
    "y": 32,
    "width": 175,
    "height": 175,
    "score": {
      "detail": 18.071549925515164,
      "saturation": -1.4364797525949518,
      "skin": 16.108936948787107,
      "boost": 0,
      "total": 0.0010507576348454315
    }
  }
}
