{
  "topCrop": {
    "x": 0,
    "y": 0,
    "width": 175,
    "height": 175,
    "score": {
      "detail": -6.64723822365805,
      "saturation": -18.859246863420136,
      "skin": 15.192283759958709,
      "boost": 0,
      "total": 0.0006647800510748743
    }
  }
}
