{
  "topCrop": {
    "x": 0,
    "y": 0,
    "width": 175,
    "height": 175,
    "score": {
      "detail": -10.44143789552618,
      "saturation": 6.955340740671786,
      "skin": 18.116060945272714,
      "boost": 0,
      "total": 0.0010647256928844797
    }
  }
}
