{
  "topCrop": {
    "x": 0,
    "y": 8,
    "width": 175,
    "height": 175,
    "score": {
      "detail": 18.721881823051113,
      "saturation": 0.3177929209574451,
      "skin": 23.612214782405523,
      "boost": 0,
      "total": 0.0015131983950768132
    }
  }
}
