{
  "topCrop": {
    "x": 0,
    "y": 24,
    "width": 175,
    "height": 175,
    "score": {
      "detail": -6.577787519730214,
      "saturation": -4.017961183368963,
      "skin": 5.256652070124916,
      "boost": 0,
      "total": 0.0002266458079107957
    }
  }
}
