{
  "topCrop": {
    "x": 0,
    "y": 0,
    "width": 175,
    "height": 175,
    "score": {
      "detail": 20.828575903212176,
      "saturation": 8.04642144548585,
      "skin": 17.798670343396385,
      "boost": 0,
      "total": 0.0012609713708539327
    }
  }
}
