{
  "topCrop": {
    "x": 0,
    "y": 8,
    "width": 178,
    "height": 178,
    "score": {
      "detail": -17.913274486563484,
      "saturation": 3.550100016721577,
      "skin": 11.22600953540567,
      "boost": 0,
      "total": 0.0005842645088992597
    }
  }
}
