{
  "topCrop": {
    "x": 0,
    "y": 0,
    "width": 175,
    "height": 175,
    "score": {
      "detail": -6.551308158735445,
      "saturation": 5.00306531608855,
      "skin": 12.635866952438732,
      "boost": 105.07970913590272,
      "total": 0.34386632267976297
    }
  }
}
