{
  "topCrop": {
    "x": 0,
    "y": 0,
    "width": 175,
    "height": 175,
    "score": {
      "detail": -6.6502766416956165,
      "saturation": -18.8416237261522,
      "skin": 15.196007648944015,
      "boost": 0,
      "total": 0.000665151716633941
    }
  }
}
