{
  "topCrop": {
    "x": 0,
    "y": 24,
    "width": 175,
    "height": 175,
    "score": {
      "detail": -6.578046116963079,
      "saturation": -4.002736729065737,
      "skin": 5.252212237730571,
      "boost": 0,
      "total": 0.00022653230320988376
    }
  }
}
