{
  "topCrop": {
    "x": 0,
    "y": 40,
    "width": 175,
    "height": 175,
    "score": {
      "detail": 30.34817160601796,
      "saturation": 2.7127333687630117,
      "skin": 17.131419753412946,
      "boost": 0,
      "total": 0.0012316737922604343
    }
  }
}
