{
  "topCrop": {
    "x": 0,
    "y": 8,
    "width": 178,
    "height": 178,
    "score": {
      "detail": -17.942884702871446,
      "saturation": 3.5498843920822947,
      "skin": 11.225252997759323,
      "boost": 0,
      "total": 0.0005840217919479847
    }
  }
}
