{
  "topCrop": {
    "x": 0,
    "y": 0,
    "width": 217,
    "height": 217,
    "score": {
      "detail": 18.180700537707295,
      "saturation": -13.095807750431888,
      "skin": 12.789553685730215,
      "boost": 0,
      "total": 0.000750713251972727
    }
  }
}
