{
  "topCrop": {
    "x": 0,
    "y": 0,
    "width": 400,
    "height": 400,
    "score": {
      "detail": -2.2810385746301156,
      "saturation": -16.150910430522124,
      "skin": 22.71271503845094,
      "boost": 154.82989774308348,
      "total": 0.5067288548745624
    }
  }
}
