{
  "topCrop": {
    "x": 0,
    "y": 8,
    "width": 175,
    "height": 175,
    "score": {
      "detail": 13.850465220214371,
      "saturation": -7.633253447939416,
      "skin": 15.727768137571214,
      "boost": 0,
      "total": 0.000940084886768628
    }
  }
}
