{
  "topCrop": {
    "x": 0,
    "y": 40,
    "width": 175,
    "height": 175,
    "score": {
      "detail": 30.41441092117675,
      "saturation": 2.7166586369005112,
      "skin": 17.136057665123825,
      "boost": 0,
      "total": 0.001232417422776437
    }
  }
}
