{
  "topCrop": {
    "x": 0,
    "y": 0,
    "width": 175,
    "height": 175,
    "score": {
      "detail": 20.676258430393897,
      "saturation": 8.059746052507936,
      "skin": 17.76306792401283,
      "boost": 101.93461375241394,
      "total": 0.3341057329961289
    }
  }
}
