{
  "topCrop": {
    "x": 0,
    "y": 8,
    "width": 175,
    "height": 175,
    "score": {
      "detail": 18.75726741998943,
      "saturation": 0.3201236403548939,
      "skin": 23.626576478239816,
      "boost": 0,
      "total": 0.0015142964322264825
    }
  }
}
