{
  "topCrop": {
    "x": 0,
    "y": 0,
    "width": 175,
    "height": 175,
    "score": {
      "detail": 15.231584824348472,
      "saturation": -5.35616179291425,
      "skin": 14.972710424340121,
      "boost": 62.33616295807199,
      "total": 0.20447368630197574
    }
  }
}
