{
  "topCrop": {
    "x": 0,
    "y": 10,
    "width": 219,
    "height": 219,
    "score": {
      "detail": 21.233977630309816,
      "saturation": -2.3639962650663797,
      "skin": 25.850884550540272,
      "boost": 0,
      "total": 0.0016349122885719032
    }
  }
}
