{
  "topCrop": {
    "x": 0,
    "y": 0,
    "width": 219,
    "height": 219,
    "score": {
      "detail": 22.273235656262024,
      "saturation": -4.443808531730686,
      "skin": 15.87554017011675,
      "boost": 0,
      "total": 0.0010350196531573339
    }
  }
}
