{
  "topCrop": {
    "x": 0,
    "y": 8,
    "width": 175,
    "height": 175,
    "score": {
      "detail": 27.997835469349603,
      "saturation": -1.6002985734962625,
      "skin": 17.57987403034942,
      "boost": 0,
      "total": 0.001200432678414694
    }
  }
}
