{
  "topCrop": {
    "x": 0,
    "y": 0,
    "width": 175,
    "height": 175,
    "score": {
      "detail": 16.847893084949355,
      "saturation": -0.8015456694374367,
      "skin": 17.035732313505147,
      "boost": 128.38391212710283,
      "total": 0.42031623333194285
    }
  }
}
