{
  "topCrop": {
    "x": 0,
    "y": 0,
    "width": 175,
    "height": 175,
    "score": {
      "detail": -43.71960718851026,
      "saturation": -0.013590850411889434,
      "skin": 10.117753451906479,
      "boost": 114.5479510105222,
      "total": 0.3743431529329902
    }
  }
}
