{
  "topCrop": {
    "x": 0,
    "y": 16,
    "width": 175,
    "height": 175,
    "score": {
      "detail": -18.089979578538518,
      "saturation": 0.06744480230768807,
      "skin": 10.804932532493764,
      "boost": 0,
      "total": 0.0005175874639501511
    }
  }
}
