{
  "topCrop": {
    "x": 0,
    "y": 8,
    "width": 175,
    "height": 175,
    "score": {
      "detail": 27.9668749368385,
      "saturation": -1.604235085057043,
      "skin": 17.552757995146077,
      "boost": 0,
      "total": 0.0011985981666322787
    }
  }
}
