{
  "topCrop": {
    "x": 0,
    "y": 10,
    "width": 219,
    "height": 219,
    "score": {
      "detail": 21.180017053223086,
      "saturation": -2.5460461044680023,
      "skin": 25.831728677565174,
      "boost": 0,
      "total": 0.001631650651393356
    }
  }
}
