{
  "topCrop": {
    "x": 0,
    "y": 8,
    "width": 175,
    "height": 175,
    "score": {
      "detail": 24.876431823149197,
      "saturation": -0.40484421457878983,
      "skin": 18.448166061925004,
      "boost": 0,
      "total": 0.0012427928820153867
    }
  }
}
