{
  "topCrop": {
    "x": 0,
    "y": 0,
    "width": 382,
    "height": 382,
    "score": {
      "detail": -24.72518903513254,
      "saturation": 3.7691830983751387,
      "skin": 17.704877198660878,
      "boost": 355.31945493757064,
      "total": 1.1611428568110087
    }
  }
}
