{
  "topCrop": {
    "x": 0,
    "y": 0,
    "width": 400,
    "height": 400,
    "score": {
      "detail": 9.796762530882127,
      "saturation": -15.510485220565732,
      "skin": 14.367536976779693,
      "boost": 99.0088392592907,
      "total": 0.32405066773640095
    }
  }
}
