{
  "topCrop": {
    "x": 0,
    "y": 16,
    "width": 175,
    "height": 175,
    "score": {
      "detail": -18.23333372865798,
      "saturation": 0.06733636586136368,
      "skin": 10.714933642023496,
      "boost": 0,
      "total": 0.0005113604806422567
    }
  }
}
