{
  "topCrop": {
    "x": 0,
    "y": 0,
    "width": 400,
    "height": 400,
    "score": {
      "detail": 9.590471148291487,
      "saturation": -22.64107327757288,
      "skin": 16.110806943316085,
      "boost": 115.06493712238613,
      "total": 0.3765100061055663
    }
  }
}
