{
  "topCrop": {
    "x": 0,
    "y": 0,
    "width": 219,
    "height": 219,
    "score": {
      "detail": 22.199766875778305,
      "saturation": -4.535992473283263,
      "skin": 15.907593269544032,
      "boost": 0,
      "total": 0.0010355207679461204
    }
  }
}
