{
  "topCrop": {
    "x": 0,
    "y": 8,
    "width": 175,
    "height": 175,
    "score": {
      "detail": 24.79144616327321,
      "saturation": -0.38995741886137963,
      "skin": 18.449451138446236,
      "boost": 0,
      "total": 0.0012424592344881455
    }
  }
}
