{
  "topCrop": {
    "x": 0,
    "y": 0,
    "width": 175,
    "height": 175,
    "score": {
      "detail": 5.299173696869505,
      "saturation": -5.77677033069191,
      "skin": 20.323401533316094,
      "boost": 168.58053069273097,
      "total": 0.5516395753689218
    }
  }
}
