{
  "topCrop": {
    "x": 0,
    "y": 16,
    "width": 175,
    "height": 175,
    "score": {
      "detail": 35.89726657063517,
      "saturation": 7.836834307788194,
      "skin": 16.482825167399394,
      "boost": 136.76893904724528,
      "total": 0.447872440608402
    }
  }
}
