{
  "topCrop": {
    "x": 0,
    "y": 32,
    "width": 175,
    "height": 175,
    "score": {
      "detail": -3.5605862546238005,
      "saturation": -4.213786881230296,
      "skin": 13.796055076980002,
      "boost": 0,
      "total": 0.0007463394554537193
    }
  }
}
