{
  "topCrop": {
    "x": 0,
    "y": 0,
    "width": 178,
    "height": 178,
    "score": {
      "detail": 0.8637335815038432,
      "saturation": -0.24744054581858102,
      "skin": 11.034883942817109,
      "boost": 0,
      "total": 0.0006593111920209404
    }
  }
}
