{
  "topCrop": {
    "x": 0,
    "y": 0,
    "width": 178,
    "height": 178,
    "score": {
      "detail": -14.79150903860599,
      "saturation": -0.6931826895085074,
      "skin": 12.05175533438734,
      "boost": 0,
      "total": 0.0006119336433915794
    }
  }
}
