{
  "topCrop": {
    "x": 0,
    "y": 24,
    "width": 175,
    "height": 175,
    "score": {
      "detail": 15.085690168617795,
      "saturation": -6.2601760020190715,
      "skin": 21.365605961244306,
      "boost": 0,
      "total": 0.0012929690110484113
    }
  }
}
