{
  "topCrop": {
    "x": 0,
    "y": 8,
    "width": 175,
    "height": 175,
    "score": {
      "detail": 25.82442083897553,
      "saturation": -0.08942592246156492,
      "skin": 18.52155381391672,
      "boost": 0,
      "total": 0.0012563870450973628
    }
  }
}
