{
  "topCrop": {
    "x": 0,
    "y": 16,
    "width": 175,
    "height": 175,
    "score": {
      "detail": 29.699011852307702,
      "saturation": 2.5420498880428237,
      "skin": 21.56503762800827,
      "boost": 0,
      "total": 0.0014863505328094456
    }
  }
}
