{
  "topCrop": {
    "x": 0,
    "y": 8,
    "width": 175,
    "height": 175,
    "score": {
      "detail": 16.583158665359104,
      "saturation": -7.105793469362021,
      "skin": 18.204361506080595,
      "boost": 0,
      "total": 0.0011086610417374134
    }
  }
}
