{
  "topCrop": {
    "x": 0,
    "y": 32,
    "width": 175,
    "height": 175,
    "score": {
      "detail": -0.6057638407776009,
      "saturation": -13.75795285663047,
      "skin": 6.756085663789758,
      "boost": 253.25462005142614,
      "total": 0.8272122259824422
    }
  }
}
