{
  "topCrop": {
    "x": 0,
    "y": 24,
    "width": 175,
    "height": 175,
    "score": {
      "detail": 6.026546190372898,
      "saturation": -7.403340134667365,
      "skin": 19.355185357255838,
      "boost": 0,
      "total": 0.0011044454152076694
    }
  }
}
