{
  "topCrop": {
    "x": 0,
    "y": 30,
    "width": 219,
    "height": 219,
    "score": {
      "detail": 26.534864671304017,
      "saturation": -0.9915847710551502,
      "skin": 18.98826644271178,
      "boost": 0,
      "total": 0.0012796204767289948
    }
  }
}
