{
  "topCrop": {
    "x": 0,
    "y": 0,
    "width": 175,
    "height": 175,
    "score": {
      "detail": 14.984296150014064,
      "saturation": -1.3946842154550734,
      "skin": 18.509977759577794,
      "boost": 119.86366642759351,
      "total": 0.3925636916470843
    }
  }
}
