{
  "topCrop": {
    "x": 0,
    "y": 8,
    "width": 175,
    "height": 175,
    "score": {
      "detail": -1.7275431013510658,
      "saturation": 11.138684835783337,
      "skin": 20.313781028589663,
      "boost": 0,
      "total": 0.001291784577369018
    }
  }
}
