{
  "topCrop": {
    "x": 0,
    "y": 0,
    "width": 175,
    "height": 175,
    "score": {
      "detail": 4.773312675897636,
      "saturation": -8.799383743561629,
      "skin": 15.720515735216404,
      "boost": 184.5662495031898,
      "total": 0.6035342604425953
    }
  }
}
