{
  "topCrop": {
    "x": 0,
    "y": 0,
    "width": 178,
    "height": 178,
    "score": {
      "detail": 8.652683489342602,
      "saturation": -8.24619967148968,
      "skin": 15.467602579313388,
      "boost": 0,
      "total": 0.0008950443070149859
    }
  }
}
