{
  "topCrop": {
    "x": 0,
    "y": 24,
    "width": 175,
    "height": 175,
    "score": {
      "detail": 34.61462206751407,
      "saturation": 2.9659354695119253,
      "skin": 17.130697350387845,
      "boost": 0,
      "total": 0.0012619742133895353
    }
  }
}
