{
  "topCrop": {
    "x": 0,
    "y": 8,
    "width": 175,
    "height": 175,
    "score": {
      "detail": 16.67686761740593,
      "saturation": -7.114326720285659,
      "skin": 18.272197131520915,
      "boost": 0,
      "total": 0.001113176501032919
    }
  }
}
