{
  "topCrop": {
    "x": 0,
    "y": 8,
    "width": 175,
    "height": 175,
    "score": {
      "detail": -1.972326444989433,
      "saturation": -10.995474096367449,
      "skin": 17.85273099506367,
      "boost": 208.7571083771715,
      "total": 0.6825845761956035
    }
  }
}
