{
  "topCrop": {
    "x": 40,
    "y": 0,
    "width": 164,
    "height": 164,
    "score": {
      "detail": 35.40080227427477,
      "saturation": -11.555533264274919,
      "skin": 11.761353192380813,
      "boost": 0,
      "total": 0.000921472941026842
    }
  }
}
