{
  "topCrop": {
    "x": 0,
    "y": 0,
    "width": 178,
    "height": 178,
    "score": {
      "detail": -14.781191862374792,
      "saturation": -0.6841756095731961,
      "skin": 12.036643363431926,
      "boost": 0,
      "total": 0.0006111925947559305
    }
  }
}
