{
  "topCrop": {
    "x": 0,
    "y": 16,
    "width": 175,
    "height": 175,
    "score": {
      "detail": 4.523506309736195,
      "saturation": -4.90040132752507,
      "skin": 17.369761734594974,
      "boost": 0,
      "total": 0.0010024539423987159
    }
  }
}
