{
  "topCrop": {
    "x": 0,
    "y": 24,
    "width": 175,
    "height": 175,
    "score": {
      "detail": 14.986302062970092,
      "saturation": -6.267401589912592,
      "skin": 21.352103935472876,
      "boost": 0,
      "total": 0.0012914555761460056
    }
  }
}
