{
  "topCrop": {
    "x": 0,
    "y": 0,
    "width": 175,
    "height": 175,
    "score": {
      "detail": 0.3544212247539893,
      "saturation": 1.143720635123916,
      "skin": 6.419378334495994,
      "boost": 32.33315603741685,
      "total": 0.10596847298544541
    }
  }
}
