{
  "topCrop": {
    "x": 0,
    "y": 10,
    "width": 219,
    "height": 219,
    "score": {
      "detail": 18.724051393220332,
      "saturation": -4.7426714649801625,
      "skin": 14.89627928396544,
      "boost": 0,
      "total": 0.0009513571118461325
    }
  }
}
