{
  "topCrop": {
    "x": 0,
    "y": 0,
    "width": 219,
    "height": 219,
    "score": {
      "detail": 32.22368820569737,
      "saturation": 6.381835964327458,
      "skin": 15.435529676914118,
      "boost": 0,
      "total": 0.0011801874889431226
    }
  }
}
