{
  "topCrop": {
    "x": 0,
    "y": 0,
    "width": 175,
    "height": 175,
    "score": {
      "detail": 4.689703656991105,
      "saturation": -1.6601571272593856,
      "skin": 13.354849683635212,
      "boost": 162.700763902506,
      "total": 0.5320671024742649
    }
  }
}
