{
  "topCrop": {
    "x": 0,
    "y": 0,
    "width": 175,
    "height": 175,
    "score": {
      "detail": 10.043829102070012,
      "saturation": -4.858106468529129,
      "skin": 19.123769007321133,
      "boost": 149.10146461542718,
      "total": 0.48800393729422864
    }
  }
}
