{
  "topCrop": {
    "x": 0,
    "y": 8,
    "width": 175,
    "height": 175,
    "score": {
      "detail": 12.090536787472706,
      "saturation": 0.9432917068192699,
      "skin": 6.293826600234403,
      "boost": 0,
      "total": 0.00045812188571305295
    }
  }
}
