{
  "topCrop": {
    "x": 0,
    "y": 0,
    "width": 175,
    "height": 175,
    "score": {
      "detail": 7.003087227026235,
      "saturation": -35.99285673831291,
      "skin": 19.577070256600134,
      "boost": 129.31013693749625,
      "total": 0.423080985490136
    }
  }
}
