{
  "topCrop": {
    "x": 0,
    "y": 32,
    "width": 175,
    "height": 175,
    "score": {
      "detail": 6.809905409401979,
      "saturation": -7.174039950169554,
      "skin": 15.337144100736966,
      "boost": 0,
      "total": 0.0008756450115316269
    }
  }
}
