{
  "topCrop": {
    "x": 0,
    "y": 16,
    "width": 175,
    "height": 175,
    "score": {
      "detail": 10.859922720528054,
      "saturation": -22.158703301416974,
      "skin": 13.622613504224201,
      "boost": 0,
      "total": 0.0006545331546541741
    }
  }
}
