{
  "topCrop": {
    "x": 0,
    "y": 0,
    "width": 175,
    "height": 175,
    "score": {
      "detail": 20.639562725157614,
      "saturation": -15.737121016309661,
      "skin": 13.888753232121823,
      "boost": 0,
      "total": 0.0007969479855659725
    }
  }
}
