{
  "topCrop": {
    "x": 0,
    "y": 8,
    "width": 175,
    "height": 175,
    "score": {
      "detail": -12.44259379925529,
      "saturation": -11.613022211812355,
      "skin": 5.949363122834252,
      "boost": 0,
      "total": 0.0001546588799251229
    }
  }
}
