{
  "topCrop": {
    "x": 0,
    "y": 32,
    "width": 175,
    "height": 175,
    "score": {
      "detail": 6.8189640863930325,
      "saturation": -7.206493825571173,
      "skin": 15.347469742949382,
      "boost": 0,
      "total": 0.0008759931496135884
    }
  }
}
