{
  "topCrop": {
    "x": 0,
    "y": 16,
    "width": 175,
    "height": 175,
    "score": {
      "detail": 4.5683954880457165,
      "saturation": -4.908432737546737,
      "skin": 17.39501803167529,
      "boost": 0,
      "total": 0.0010041528729260616
    }
  }
}
