{
  "topCrop": {
    "x": 0,
    "y": 8,
    "width": 175,
    "height": 175,
    "score": {
      "detail": 25.81088914078083,
      "saturation": -0.0907724138842951,
      "skin": 18.525656503148713,
      "boost": 0,
      "total": 0.0012565266223561978
    }
  }
}
