{
  "topCrop": {
    "x": 0,
    "y": 30,
    "width": 219,
    "height": 219,
    "score": {
      "detail": 26.360952736361895,
      "saturation": -1.0440269991996303,
      "skin": 18.894706344948872,
      "boost": 0,
      "total": 0.0012724719630504639
    }
  }
}
