{
  "topCrop": {
    "x": 0,
    "y": 0,
    "width": 175,
    "height": 175,
    "score": {
      "detail": -7.398896032522979,
      "saturation": -3.6596190370036936,
      "skin": 8.909332567848816,
      "boost": 102.94067447938336,
      "total": 0.3365722965434403
    }
  }
}
