{
  "topCrop": {
    "x": 0,
    "y": 0,
    "width": 175,
    "height": 175,
    "score": {
      "detail": 19.42012861906393,
      "saturation": -4.121743345321269,
      "skin": 17.196837730489793,
      "boost": 156.0634481960384,
      "total": 0.5106921348649449
    }
  }
}
