{
  "topCrop": {
    "x": 0,
    "y": 16,
    "width": 175,
    "height": 175,
    "score": {
      "detail": 14.524032920294017,
      "saturation": -6.0935232006582165,
      "skin": 17.57814778548811,
      "boost": 0,
      "total": 0.0010683237759262021
    }
  }
}
