{
  "topCrop": {
    "x": 0,
    "y": 40,
    "width": 175,
    "height": 175,
    "score": {
      "detail": 1.167350547858244,
      "saturation": -12.77113378139128,
      "skin": 6.761799059367271,
      "boost": 0,
      "total": 0.00027994671941274616
    }
  }
}
