{
  "topCrop": {
    "x": 0,
    "y": 8,
    "width": 175,
    "height": 175,
    "score": {
      "detail": 6.253057273668582,
      "saturation": -0.3790194553696658,
      "skin": 14.705621673710283,
      "boost": 0,
      "total": 0.0009014538654955535
    }
  }
}
