{
  "topCrop": {
    "x": 0,
    "y": 0,
    "width": 219,
    "height": 219,
    "score": {
      "detail": 32.324591050818995,
      "saturation": 6.338615434250904,
      "skin": 15.43466385428078,
      "boost": 0,
      "total": 0.0011803721723475749
    }
  }
}
