{
  "topCrop": {
    "x": 0,
    "y": 40,
    "width": 175,
    "height": 175,
    "score": {
      "detail": 1.1854858858710395,
      "saturation": -12.72463149498802,
      "skin": 6.752435324654449,
      "boost": 0,
      "total": 0.00027997032858957747
    }
  }
}
