{
  "topCrop": {
    "x": 0,
    "y": 0,
    "width": 219,
    "height": 219,
    "score": {
      "detail": 15.23412524928726,
      "saturation": -1.1611245336260714,
      "skin": 12.404740302832776,
      "boost": 0,
      "total": 0.0008172088239957104
    }
  }
}
