{
  "topCrop": {
    "x": 0,
    "y": 0,
    "width": 217,
    "height": 217,
    "score": {
      "detail": 4.574507149004113,
      "saturation": 4.175916267543351,
      "skin": 28.530607451914303,
      "boost": 0,
      "total": 0.0017678283037227363
    }
  }
}
