{
  "topCrop": {
    "x": 0,
    "y": 0,
    "width": 178,
    "height": 178,
    "score": {
      "detail": 8.613871748693647,
      "saturation": -8.21723278669714,
      "skin": 15.478937757679253,
      "boost": 0,
      "total": 0.0008957488597421139
    }
  }
}
