{
  "topCrop": {
    "x": 0,
    "y": 0,
    "width": 175,
    "height": 175,
    "score": {
      "detail": 18.42126639583958,
      "saturation": -0.4692133222150921,
      "skin": 18.82443808552486,
      "boost": 164.64465505073525,
      "total": 0.5388373218909379
    }
  }
}
