{
  "topCrop": {
    "x": 0,
    "y": 16,
    "width": 175,
    "height": 175,
    "score": {
      "detail": 10.755586777770331,
      "saturation": -22.15882432218586,
      "skin": 13.547435492662073,
      "boost": 0,
      "total": 0.0006494319655735523
    }
  }
}
