{
  "topCrop": {
    "x": 0,
    "y": 8,
    "width": 175,
    "height": 175,
    "score": {
      "detail": 12.80841781172276,
      "saturation": -34.90253530383044,
      "skin": 20.78267830091517,
      "boost": 0,
      "total": 0.0009632569440928239
    }
  }
}
