{
  "topCrop": {
    "x": 0,
    "y": 8,
    "width": 175,
    "height": 175,
    "score": {
      "detail": 0.9412041108792882,
      "saturation": 0.04753482525965126,
      "skin": 9.841481561964915,
      "boost": 0,
      "total": 0.0005850503863278564
    }
  }
}
