{
  "topCrop": {
    "x": 0,
    "y": 16,
    "width": 175,
    "height": 175,
    "score": {
      "detail": 29.756550394532624,
      "saturation": 2.540441570692872,
      "skin": 21.648862006960943,
      "boost": 0,
      "total": 0.001491637360412868
    }
  }
}
