{
  "topCrop": {
    "x": 0,
    "y": 0,
    "width": 178,
    "height": 178,
    "score": {
      "detail": -18.618745413402362,
      "saturation": -0.23928158791305165,
      "skin": 13.08283399336393,
      "boost": 0,
      "total": 0.0006524497169045014
    }
  }
}
