{
  "topCrop": {
    "x": 0,
    "y": 0,
    "width": 175,
    "height": 175,
    "score": {
      "detail": 2.1061039253470306,
      "saturation": 8.311161866638251,
      "skin": 19.282741335778848,
      "boost": 0,
      "total": 0.0012285225714110306
    }
  }
}
