{
  "topCrop": {
    "x": 0,
    "y": 8,
    "width": 175,
    "height": 175,
    "score": {
      "detail": 1.005359247242978,
      "saturation": 0.04957611504634492,
      "skin": 9.8548095541747,
      "boost": 0,
      "total": 0.0005862727144972067
    }
  }
}
