{
  "topCrop": {
    "x": 0,
    "y": 10,
    "width": 219,
    "height": 219,
    "score": {
      "detail": 6.506299337885523,
      "saturation": 0.24411312139052724,
      "skin": 8.965467471846972,
      "boost": 0,
      "total": 0.0005718313552104102
    }
  }
}
