{
  "topCrop": {
    "x": 0,
    "y": 24,
    "width": 175,
    "height": 175,
    "score": {
      "detail": 6.133534046168739,
      "saturation": -7.389951053355331,
      "skin": 19.38788839049188,
      "boost": 0,
      "total": 0.001107197407220001
    }
  }
}
