{
  "topCrop": {
    "x": 0,
    "y": 10,
    "width": 219,
    "height": 219,
    "score": {
      "detail": 18.849082333585343,
      "saturation": -4.875495140607964,
      "skin": 14.987947743852166,
      "boost": 0,
      "total": 0.0009562603710520352
    }
  }
}
