{
  "topCrop": {
    "x": 0,
    "y": 0,
    "width": 178,
    "height": 178,
    "score": {
      "detail": 12.454638675613074,
      "saturation": 7.4747518298897635,
      "skin": 18.614787168475985,
      "boost": 242.34471537621343,
      "total": 0.8017146091890834
    }
  }
}
