{
  "topCrop": {
    "x": 0,
    "y": 8,
    "width": 175,
    "height": 175,
    "score": {
      "detail": 6.194179946349924,
      "saturation": -0.3769124569731269,
      "skin": 14.688762934430695,
      "boost": 0,
      "total": 0.0009000991194825567
    }
  }
}
