{
  "topCrop": {
    "x": 0,
    "y": 32,
    "width": 175,
    "height": 175,
    "score": {
      "detail": -3.4945919351309493,
      "saturation": -4.2381150289608165,
      "skin": 13.830362022101095,
      "boost": 0,
      "total": 0.0007485485304185318
    }
  }
}
