{
  "topCrop": {
    "x": 0,
    "y": 0,
    "width": 175,
    "height": 175,
    "score": {
      "detail": 8.662901394813897,
      "saturation": -1.5974687184784278,
      "skin": 19.56478358875884,
      "boost": 138.0135409061676,
      "total": 0.45184731561599817
    }
  }
}
