{
  "topCrop": {
    "x": 0,
    "y": 24,
    "width": 178,
    "height": 178,
    "score": {
      "detail": -6.150195512827768,
      "saturation": -1.8653241686951059,
      "skin": 7.893422157747323,
      "boost": 217.46075309047507,
      "total": 0.718671351320461
    }
  }
}
