{
  "topCrop": {
    "x": 0,
    "y": 0,
    "width": 175,
    "height": 175,
    "score": {
      "detail": -3.960422260647883,
      "saturation": 2.6752369720329674,
      "skin": 14.707849083824202,
      "boost": 0,
      "total": 0.000864803754787392
    }
  }
}
