{
  "topCrop": {
    "x": 40,
    "y": 0,
    "width": 164,
    "height": 164,
    "score": {
      "detail": 35.337110923115624,
      "saturation": -11.569384840991471,
      "skin": 11.741185053201347,
      "boost": 0,
      "total": 0.0009194950858152927
    }
  }
}
