{
  "topCrop": {
    "x": 0,
    "y": 8,
    "width": 175,
    "height": 175,
    "score": {
      "detail": -1.7875756741436566,
      "saturation": 11.128792229732596,
      "skin": 20.28635407892631,
      "boost": 0,
      "total": 0.0012896835877929276
    }
  }
}
