{
  "topCrop": {
    "x": 0,
    "y": 0,
    "width": 178,
    "height": 178,
    "score": {
      "detail": -18.61742342436283,
      "saturation": -0.2183611342654167,
      "skin": 13.099080110709671,
      "boost": 0,
      "total": 0.0006536316281584495
    }
  }
}
