{
  "topCrop": {
    "x": 0,
    "y": 0,
    "width": 175,
    "height": 175,
    "score": {
      "detail": -9.768567622992327,
      "saturation": -29.001639286480984,
      "skin": 14.519920206203498,
      "boost": 204.5787067992772,
      "total": 0.6685176271343133
    }
  }
}
