{
  "topCrop": {
    "x": 0,
    "y": 0,
    "width": 219,
    "height": 219,
    "score": {
      "detail": 15.086355857656626,
      "saturation": -1.1183376188220375,
      "skin": 12.385379738513887,
      "boost": 0,
      "total": 0.0008155250094762354
    }
  }
}
