{
  "topCrop": {
    "x": 0,
    "y": 16,
    "width": 175,
    "height": 175,
    "score": {
      "detail": -1.6598194247852966,
      "saturation": 11.419779746141522,
      "skin": 20.208519113398903,
      "boost": 290.22383583341656,
      "total": 0.9489584616419481
    }
  }
}
