{
  "topCrop": {
    "x": 0,
    "y": 8,
    "width": 175,
    "height": 175,
    "score": {
      "detail": 4.122457930210653,
      "saturation": 8.027399258299301,
      "skin": 22.74404681279548,
      "boost": 0,
      "total": 0.0014423508776020828
    }
  }
}
