{
  "topCrop": {
    "x": 0,
    "y": 0,
    "width": 400,
    "height": 400,
    "score": {
      "detail": 1.8603464088962312,
      "saturation": -11.84992026521248,
      "skin": 13.945327042882479,
      "boost": 107.0352664070365,
      "total": 0.3502186227782222
    }
  }
}
