{
  "topCrop": {
    "x": 0,
    "y": 0,
    "width": 175,
    "height": 175,
    "score": {
      "detail": -3.027118519094052,
      "saturation": -0.38935669375754767,
      "skin": 13.274193100934571,
      "boost": 146.80909100856417,
      "total": 0.4801332381298336
    }
  }
}
