{
  "topCrop": {
    "x": 0,
    "y": 8,
    "width": 175,
    "height": 175,
    "score": {
      "detail": -12.45109492905808,
      "saturation": -11.595775169833605,
      "skin": 5.9311017156392625,
      "boost": 0,
      "total": 0.0001536989894331094
    }
  }
}
