{
  "topCrop": {
    "x": 0,
    "y": 8,
    "width": 175,
    "height": 175,
    "score": {
      "detail": 11.879218624789939,
      "saturation": -0.8147468246533526,
      "skin": 16.522551014484144,
      "boost": 170.30703027192556,
      "total": 0.557145307385998
    }
  }
}
