{
  "topCrop": {
    "x": 0,
    "y": 0,
    "width": 178,
    "height": 178,
    "score": {
      "detail": 0.8389554754157187,
      "saturation": -0.2443806090382756,
      "skin": 11.056344805055922,
      "boost": 180.4438185578219,
      "total": 0.5966566836221318
    }
  }
}
