{
  "topCrop": {
    "x": 0,
    "y": 0,
    "width": 175,
    "height": 175,
    "score": {
      "detail": 2.091579250521021,
      "saturation": 8.31084957701598,
      "skin": 19.267904759562313,
      "boost": 0,
      "total": 0.0012275526298913034
    }
  }
}
