{
  "topCrop": {
    "x": 0,
    "y": 8,
    "width": 175,
    "height": 175,
    "score": {
      "detail": 12.00263579685299,
      "saturation": 0.9446053238255816,
      "skin": 6.297649398426286,
      "boost": 0,
      "total": 0.00045778539342646816
    }
  }
}
