{
  "topCrop": {
    "x": 0,
    "y": 0,
    "width": 396,
    "height": 396,
    "score": {
      "detail": -7.397904755572783,
      "saturation": 3.8478309378693574,
      "skin": 10.992487365367577,
      "boost": 169.1422548302597,
      "total": 0.5529367095057592
    }
  }
}
