{
  "topCrop": {
    "x": 0,
    "y": 24,
    "width": 175,
    "height": 175,
    "score": {
      "detail": 34.562671769828036,
      "saturation": 2.960115487211766,
      "skin": 17.10900446005696,
      "boost": 0,
      "total": 0.0012603029233708301
    }
  }
}
