{
  "topCrop": {
    "x": 0,
    "y": 0,
    "width": 175,
    "height": 175,
    "score": {
      "detail": -3.9398327352334475,
      "saturation": 2.6656691720735384,
      "skin": 14.691920246605905,
      "boost": 0,
      "total": 0.0008639082660723593
    }
  }
}
