{
  "topCrop": {
    "x": 0,
    "y": 8,
    "width": 175,
    "height": 175,
    "score": {
      "detail": 0.8190755087580208,
      "saturation": -6.468646526803992,
      "skin": 19.170393159731738,
      "boost": 231.06617042824536,
      "total": 0.7555705133601882
    }
  }
}
