{
  "topCrop": {
    "x": 0,
    "y": 16,
    "width": 175,
    "height": 175,
    "score": {
      "detail": 14.628158885365805,
      "saturation": -6.1243704204738485,
      "skin": 17.625216428427787,
      "boost": 0,
      "total": 0.0010714680888849316
    }
  }
}
