{
  "topCrop": {
    "x": 0,
    "y": 0,
    "width": 175,
    "height": 175,
    "score": {
      "detail": 20.638772383612864,
      "saturation": -15.703153683704501,
      "skin": 13.89488816573739,
      "boost": 0,
      "total": 0.0007976361492224825
    }
  }
}
