{
  "topCrop": {
    "x": 0,
    "y": 16,
    "width": 175,
    "height": 175,
    "score": {
      "detail": -2.1483901176188747,
      "saturation": 9.250520764687973,
      "skin": 10.1402430595887,
      "boost": 0,
      "total": 0.0006725850028781152
    }
  }
}
