{
  "topCrop": {
    "x": 0,
    "y": 16,
    "width": 175,
    "height": 175,
    "score": {
      "detail": -2.205220631348617,
      "saturation": 9.241974733606778,
      "skin": 10.130291857288732,
      "boost": 0,
      "total": 0.0006715452616141071
    }
  }
}
