{
  "topCrop": {
    "x": 0,
    "y": 0,
    "width": 175,
    "height": 175,
    "score": {
      "detail": -20.511807827222384,
      "saturation": 10.447110776372831,
      "skin": 8.731668365418557,
      "boost": 241.8566867575061,
      "total": 0.7902177126685985
    }
  }
}
