{
  "topCrop": {
    "x": 0,
    "y": 0,
    "width": 175,
    "height": 175,
    "score": {
      "detail": 6.29957939678293,
      "saturation": 5.088086490571662,
      "skin": 14.120812585601376,
      "boost": 150.14383108558232,
      "total": 0.49118651144616626
    }
  }
}
