{
  "topCrop": {
    "x": 0,
    "y": 32,
    "width": 175,
    "height": 175,
    "score": {
      "detail": -10.235663360483224,
      "saturation": -9.020606740464265,
      "skin": 5.500411472453318,
      "boost": 0,
      "total": 0.00016807921489567508
    }
  }
}
