{
  "topCrop": {
    "x": 0,
    "y": 0,
    "width": 219,
    "height": 219,
    "score": {
      "detail": 23.680390751629897,
      "saturation": -11.240762434162054,
      "skin": 20.722533841119443,
      "boost": 0,
      "total": 0.001262511357847914
    }
  }
}
