{
  "topCrop": {
    "x": 0,
    "y": 10,
    "width": 219,
    "height": 219,
    "score": {
      "detail": 11.004835773768075,
      "saturation": 2.1895528398672246,
      "skin": 3.909225549590161,
      "boost": 0,
      "total": 0.0003230837223175861
    }
  }
}
