{
  "topCrop": {
    "x": 0,
    "y": 8,
    "width": 175,
    "height": 175,
    "score": {
      "detail": 11.23408927320751,
      "saturation": 0.6982987659539892,
      "skin": 15.334691891987447,
      "boost": 0,
      "total": 0.0009815102984491464
    }
  }
}
