{
  "topCrop": {
    "x": 0,
    "y": 8,
    "width": 178,
    "height": 178,
    "score": {
      "detail": 7.566819745858645,
      "saturation": 4.489446349303278,
      "skin": 12.558186338915041,
      "boost": 0,
      "total": 0.000841093052715345
    }
  }
}
