{
  "topCrop": {
    "x": 0,
    "y": 24,
    "width": 175,
    "height": 175,
    "score": {
      "detail": 21.483692918054746,
      "saturation": 1.0241992978556227,
      "skin": 28.241019947801046,
      "boost": 0,
      "total": 0.0018102149968656168
    }
  }
}
