{
  "topCrop": {
    "x": 0,
    "y": 0,
    "width": 175,
    "height": 175,
    "score": {
      "detail": 18.832441293631014,
      "saturation": 1.9456146658780789,
      "skin": 20.601237725053036,
      "boost": 199.50357986306128,
      "total": 0.6527931554896234
    }
  }
}
