{
  "topCrop": {
    "x": 0,
    "y": 0,
    "width": 175,
    "height": 175,
    "score": {
      "detail": -0.7493095331846923,
      "saturation": 10.494078072760145,
      "skin": 20.02244223094617,
      "boost": 0,
      "total": 0.0012747349397843008
    }
  }
}
