{
  "topCrop": {
    "x": 0,
    "y": 8,
    "width": 175,
    "height": 175,
    "score": {
      "detail": -7.4444364537113445,
      "saturation": 7.835594163281337,
      "skin": 18.006546019647253,
      "boost": 0,
      "total": 0.0010864840422402347
    }
  }
}
