{
  "topCrop": {
    "x": 0,
    "y": 8,
    "width": 178,
    "height": 178,
    "score": {
      "detail": 8.948198431262417,
      "saturation": 2.2185141807463915,
      "skin": 10.280026379023953,
      "boost": 0,
      "total": 0.000692272473996549
    }
  }
}
