{
  "topCrop": {
    "x": 0,
    "y": 0,
    "width": 219,
    "height": 219,
    "score": {
      "detail": 10.144336533602798,
      "saturation": -9.271024698286633,
      "skin": 16.771861952657186,
      "boost": 0,
      "total": 0.0009612052705964898
    }
  }
}
