{
  "topCrop": {
    "x": 0,
    "y": 40,
    "width": 175,
    "height": 175,
    "score": {
      "detail": 10.367690382691181,
      "saturation": 0.6859937256244384,
      "skin": 13.793296190815362,
      "boost": 302.7246334498135,
      "total": 0.9893737343451116
    }
  }
}
