{
  "topCrop": {
    "x": 0,
    "y": 0,
    "width": 219,
    "height": 219,
    "score": {
      "detail": 19.134918870681894,
      "saturation": -2.8005612621572644,
      "skin": 11.301905797253214,
      "boost": 0,
      "total": 0.0007618039454871834
    }
  }
}
