{
  "topCrop": {
    "x": 0,
    "y": 0,
    "width": 178,
    "height": 178,
    "score": {
      "detail": 0.17005539167489478,
      "saturation": 4.691590865281726,
      "skin": 13.067638130275991,
      "boost": 231.32074565393305,
      "total": 0.764864506617972
    }
  }
}
