{
  "topCrop": {
    "x": 0,
    "y": 24,
    "width": 175,
    "height": 175,
    "score": {
      "detail": 25.343581554632102,
      "saturation": -51.00816116458902,
      "skin": 21.942569825339213,
      "boost": 0,
      "total": 0.0009555230578664587
    }
  }
}
