{
  "topCrop": {
    "x": 0,
    "y": 24,
    "width": 175,
    "height": 175,
    "score": {
      "detail": 24.67961259737983,
      "saturation": -18.846857567329604,
      "skin": 15.48451066212421,
      "boost": 95.37839647271507,
      "total": 0.31232632266816673
    }
  }
}
