{
  "topCrop": {
    "x": 0,
    "y": 8,
    "width": 175,
    "height": 175,
    "score": {
      "detail": -0.5662209394458856,
      "saturation": 5.5451853748759365,
      "skin": 16.742195494962075,
      "boost": 109.52782567058968,
      "total": 0.3586765332367175
    }
  }
}
