{
  "topCrop": {
    "x": 0,
    "y": 8,
    "width": 175,
    "height": 175,
    "score": {
      "detail": 31.286175829877468,
      "saturation": -4.015037312459164,
      "skin": 21.062076035858126,
      "boost": 0,
      "total": 0.001402921170180649
    }
  }
}
