{
  "topCrop": {
    "x": 0,
    "y": 0,
    "width": 175,
    "height": 175,
    "score": {
      "detail": 26.42380096071955,
      "saturation": -19.855183567886687,
      "skin": 18.103170863903628,
      "boost": 104.57111286027767,
      "total": 0.3424987819985166
    }
  }
}
