{
  "topCrop": {
    "x": 0,
    "y": 8,
    "width": 175,
    "height": 175,
    "score": {
      "detail": 5.555520505387948,
      "saturation": 23.556611895865608,
      "skin": 1.7290660635712387,
      "boost": 0,
      "total": 0.0003686663374454041
    }
  }
}
