{
  "topCrop": {
    "x": 0,
    "y": 0,
    "width": 219,
    "height": 219,
    "score": {
      "detail": 10.169455114830548,
      "saturation": -9.456817331570736,
      "skin": 16.756480657394473,
      "boost": 0,
      "total": 0.0009586452573650594
    }
  }
}
