{
  "topCrop": {
    "x": 0,
    "y": 24,
    "width": 175,
    "height": 175,
    "score": {
      "detail": 13.028511773288857,
      "saturation": 0.4337999855151121,
      "skin": 18.07947960687002,
      "boost": 0,
      "total": 0.0011519642658833742
    }
  }
}
