{
  "topCrop": {
    "x": 0,
    "y": 8,
    "width": 178,
    "height": 178,
    "score": {
      "detail": 7.5985112786959625,
      "saturation": 4.520783264916091,
      "skin": 12.577031796382485,
      "boost": 0,
      "total": 0.0008427333356025398
    }
  }
}
