{
  "topCrop": {
    "x": 0,
    "y": 32,
    "width": 175,
    "height": 175,
    "score": {
      "detail": 23.13229758982311,
      "saturation": 0.06480343500063296,
      "skin": 14.107475347842177,
      "boost": 0,
      "total": 0.0009808769363128403
    }
  }
}
