{
  "topCrop": {
    "x": 0,
    "y": 0,
    "width": 219,
    "height": 219,
    "score": {
      "detail": 30.56679156303311,
      "saturation": -17.41200317829948,
      "skin": 12.07514900981318,
      "boost": 0,
      "total": 0.0007387763453642613
    }
  }
}
