{
  "topCrop": {
    "x": 0,
    "y": 0,
    "width": 219,
    "height": 219,
    "score": {
      "detail": 23.7316746220738,
      "saturation": -11.119085268743497,
      "skin": 20.755534463386567,
      "boost": 0,
      "total": 0.0012659778409106134
    }
  }
}
