{
  "topCrop": {
    "x": 0,
    "y": 32,
    "width": 175,
    "height": 175,
    "score": {
      "detail": 6.89554563121883,
      "saturation": -6.681331758532117,
      "skin": 19.079263675262652,
      "boost": 208.96549409571622,
      "total": 0.6834372830623928
    }
  }
}
