{
  "topCrop": {
    "x": 0,
    "y": 10,
    "width": 219,
    "height": 219,
    "score": {
      "detail": 54.98900471120735,
      "saturation": 8.568316044125353,
      "skin": 17.4157353429544,
      "boost": 0,
      "total": 0.001466665122377045
    }
  }
}
