{
  "topCrop": {
    "x": 0,
    "y": 0,
    "width": 175,
    "height": 175,
    "score": {
      "detail": 7.699193035225619,
      "saturation": 3.8025132444415246,
      "skin": 15.315371346153974,
      "boost": 95.37616580049178,
      "total": 0.31242007644253494
    }
  }
}
