{
  "topCrop": {
    "x": 0,
    "y": 16,
    "width": 175,
    "height": 175,
    "score": {
      "detail": 3.063054224165654,
      "saturation": 10.591458185164992,
      "skin": 21.616642791222013,
      "boost": 0,
      "total": 0.0013942858881496245
    }
  }
}
