{
  "topCrop": {
    "x": 0,
    "y": 8,
    "width": 175,
    "height": 175,
    "score": {
      "detail": 22.790037146674585,
      "saturation": 4.100748078875863,
      "skin": 13.696325691709667,
      "boost": 0,
      "total": 0.0009940120195289822
    }
  }
}
