{
  "topCrop": {
    "x": 0,
    "y": 30,
    "width": 219,
    "height": 219,
    "score": {
      "detail": 31.782442674506843,
      "saturation": 0.6979476191678403,
      "skin": 29.415736196732645,
      "boost": 0,
      "total": 0.0019433207501965873
    }
  }
}
