{
  "topCrop": {
    "x": 0,
    "y": 24,
    "width": 175,
    "height": 175,
    "score": {
      "detail": 13.04453937317113,
      "saturation": 0.43581956831349855,
      "skin": 18.126571335036743,
      "boost": 0,
      "total": 0.0011548565599410422
    }
  }
}
