{
  "topCrop": {
    "x": 0,
    "y": 0,
    "width": 175,
    "height": 175,
    "score": {
      "detail": 3.6667884457966693,
      "saturation": 17.118941864460382,
      "skin": 13.63033248315415,
      "boost": 375.57363145815344,
      "total": 1.2273556501072171
    }
  }
}
