{
  "topCrop": {
    "x": 0,
    "y": 0,
    "width": 219,
    "height": 219,
    "score": {
      "detail": -1.7599773352360093,
      "saturation": 1.813476321085159,
      "skin": 7.535937802871745,
      "boost": 0,
      "total": 0.0004491995256962445
    }
  }
}
