{
  "topCrop": {
    "x": 0,
    "y": 8,
    "width": 175,
    "height": 175,
    "score": {
      "detail": -3.2331238993963973,
      "saturation": -3.4309877685995236,
      "skin": 7.516749385542212,
      "boost": 0,
      "total": 0.00038707682558422347
    }
  }
}
