{
  "topCrop": {
    "x": 0,
    "y": 0,
    "width": 400,
    "height": 400,
    "score": {
      "detail": 8.346759287581543,
      "saturation": -1.8211508065320199,
      "skin": 10.745031129398756,
      "boost": 126.48946365178739,
      "total": 0.41369503437803146
    }
  }
}
