{
  "topCrop": {
    "x": 0,
    "y": 24,
    "width": 175,
    "height": 175,
    "score": {
      "detail": 2.4989385244082736,
      "saturation": -3.6107630509171424,
      "skin": 13.198022977630863,
      "boost": 0,
      "total": 0.0007566693926315777
    }
  }
}
