{
  "topCrop": {
    "x": 0,
    "y": 24,
    "width": 175,
    "height": 175,
    "score": {
      "detail": 21.49909711054166,
      "saturation": 1.0236148156360647,
      "skin": 28.23510870978303,
      "boost": 0,
      "total": 0.0018099624341031384
    }
  }
}
