{
  "topCrop": {
    "x": 0,
    "y": 0,
    "width": 175,
    "height": 175,
    "score": {
      "detail": 7.4835544515432995,
      "saturation": 0.20087510046022508,
      "skin": 8.469035078138042,
      "boost": 0,
      "total": 0.0005486118060765782
    }
  }
}
