{
  "topCrop": {
    "x": 0,
    "y": 72,
    "width": 175,
    "height": 175,
    "score": {
      "detail": -0.07038205504162608,
      "saturation": -14.477896588072868,
      "skin": 12.445297424786649,
      "boost": 0,
      "total": 0.00058919477476525
    }
  }
}
