{
  "topCrop": {
    "x": 0,
    "y": 16,
    "width": 175,
    "height": 175,
    "score": {
      "detail": 1.9701493043472986,
      "saturation": 5.565077846628759,
      "skin": 16.19468343307459,
      "boost": 0,
      "total": 0.0010192321108373013
    }
  }
}
