{
  "topCrop": {
    "x": 0,
    "y": 8,
    "width": 175,
    "height": 175,
    "score": {
      "detail": -7.37373202712001,
      "saturation": 7.854633176408552,
      "skin": 18.109752661703716,
      "boost": 0,
      "total": 0.0010931983130960084
    }
  }
}
