{
  "topCrop": {
    "x": 0,
    "y": 0,
    "width": 219,
    "height": 219,
    "score": {
      "detail": 11.299091078156831,
      "saturation": -6.406273707158242,
      "skin": 15.412716177308056,
      "boost": 0,
      "total": 0.0009169249052290089
    }
  }
}
