{
  "topCrop": {
    "x": 0,
    "y": 32,
    "width": 175,
    "height": 175,
    "score": {
      "detail": 23.149361231989655,
      "saturation": 0.056445887571640735,
      "skin": 14.099510898625649,
      "boost": 0,
      "total": 0.0009804383879247539
    }
  }
}
