{
  "topCrop": {
    "x": 0,
    "y": 0,
    "width": 400,
    "height": 400,
    "score": {
      "detail": -1.5646850879204148,
      "saturation": -9.53657088626672,
      "skin": 18.671728368485912,
      "boost": 173.7733069781658,
      "total": 0.5684168457337598
    }
  }
}
