{
  "topCrop": {
    "x": 0,
    "y": 8,
    "width": 178,
    "height": 178,
    "score": {
      "detail": 8.990628056910682,
      "saturation": 2.2367761664834847,
      "skin": 10.287334461478842,
      "boost": 0,
      "total": 0.000693168202272067
    }
  }
}
