{
  "topCrop": {
    "x": 0,
    "y": 0,
    "width": 175,
    "height": 175,
    "score": {
      "detail": -17.390784254229054,
      "saturation": -22.431960241629387,
      "skin": 23.02326992679842,
      "boost": 229.1083010767764,
      "total": 0.7491286285264505
    }
  }
}
