{
  "topCrop": {
    "x": 0,
    "y": 16,
    "width": 175,
    "height": 175,
    "score": {
      "detail": 3.1385868992762815,
      "saturation": 10.592956317840256,
      "skin": 21.64078790179642,
      "boost": 0,
      "total": 0.0013962129795409269
    }
  }
}
