{
  "topCrop": {
    "x": 0,
    "y": 32,
    "width": 175,
    "height": 175,
    "score": {
      "detail": 4.500655576421622,
      "saturation": 5.323289649906249,
      "skin": 18.28233355624238,
      "boost": 0,
      "total": 0.00115609202976302
    }
  }
}
