{
  "topCrop": {
    "x": 0,
    "y": 32,
    "width": 175,
    "height": 175,
    "score": {
      "detail": 4.518578263202064,
      "saturation": 5.361891049438934,
      "skin": 18.245938057915502,
      "boost": 0,
      "total": 0.0011544480480561632
    }
  }
}
