{
  "topCrop": {
    "x": 0,
    "y": 10,
    "width": 219,
    "height": 219,
    "score": {
      "detail": 55.00989847415586,
      "saturation": 8.59346390381861,
      "skin": 17.424297461971452,
      "boost": 0,
      "total": 0.0014675511607355224
    }
  }
}
