{
  "topCrop": {
    "x": 0,
    "y": 0,
    "width": 178,
    "height": 178,
    "score": {
      "detail": -22.69142784048342,
      "saturation": 3.7921461468001016,
      "skin": -3.4519041475740235,
      "boost": 0,
      "total": -0.00031754753566157673
    }
  }
}
