{
  "topCrop": {
    "x": 0,
    "y": 88,
    "width": 175,
    "height": 175,
    "score": {
      "detail": 70.73801400456814,
      "saturation": -19.694538863789457,
      "skin": 35.805490386311526,
      "boost": 0,
      "total": 0.002373522411008573
    }
  }
}
