{
  "topCrop": {
    "x": 0,
    "y": 0,
    "width": 30,
    "height": 30,
    "score": {
      "detail": -1.8116711833771189,
      "saturation": -1.8211011669720096,
      "skin": 0,
      "boost": 0,
      "total": -0.0010096273186300296
    }
  }
}
