{
  "topCrop": {
    "x": 0,
    "y": 24,
    "width": 175,
    "height": 175,
    "score": {
      "detail": 2.5749482612722847,
      "saturation": -3.5933352714871836,
      "skin": 13.183197245818423,
      "boost": 0,
      "total": 0.0007564651139030682
    }
  }
}
