{
  "topCrop": {
    "x": 0,
    "y": 16,
    "width": 175,
    "height": 175,
    "score": {
      "detail": 12.489098247028208,
      "saturation": 16.300401414080124,
      "skin": 15.774270597564072,
      "boost": 0,
      "total": 0.0011683796620161637
    }
  }
}
