{
  "topCrop": {
    "x": 0,
    "y": 0,
    "width": 175,
    "height": 175,
    "score": {
      "detail": -6.357344356466076,
      "saturation": -2.724378289647938,
      "skin": 14.753905650978998,
      "boost": 128.5538953022173,
      "total": 0.42056678458890795
    }
  }
}
