{
  "topCrop": {
    "x": 0,
    "y": 0,
    "width": 219,
    "height": 219,
    "score": {
      "detail": 11.341620083924507,
      "saturation": -6.389354804132841,
      "skin": 15.47961654842201,
      "boost": 0,
      "total": 0.0009213004853128055
    }
  }
}
