{
  "topCrop": {
    "x": 0,
    "y": 0,
    "width": 219,
    "height": 219,
    "score": {
      "detail": 42.1040600844142,
      "saturation": -0.1595222548160857,
      "skin": 18.48765557067111,
      "boost": 130.7575087434869,
      "total": 0.42832331786828853
    }
  }
}
