{
  "topCrop": {
    "x": 0,
    "y": 8,
    "width": 175,
    "height": 175,
    "score": {
      "detail": 27.450230670108443,
      "saturation": 4.842571503868682,
      "skin": 16.786459263576507,
      "boost": 0,
      "total": 0.0012133369554161637
    }
  }
}
