{
  "topCrop": {
    "x": 0,
    "y": 8,
    "width": 175,
    "height": 175,
    "score": {
      "detail": -3.203570760580604,
      "saturation": -3.4229519323519537,
      "skin": 7.550919765529266,
      "boost": 300.06126530690165,
      "total": 0.9801812436420015
    }
  }
}
