{
  "topCrop": {
    "x": 0,
    "y": 0,
    "width": 175,
    "height": 175,
    "score": {
      "detail": -1.0130011296221004,
      "saturation": -10.976017976207125,
      "skin": 11.668460713920544,
      "boost": 0,
      "total": 0.0005716840380822994
    }
  }
}
