{
  "topCrop": {
    "x": 0,
    "y": 8,
    "width": 175,
    "height": 175,
    "score": {
      "detail": 11.541270498681488,
      "saturation": 3.2055889886602125,
      "skin": 20.2893795410163,
      "boost": 296.9446251065146,
      "total": 0.9709143942733591
    }
  }
}
