{
  "topCrop": {
    "x": 0,
    "y": 8,
    "width": 175,
    "height": 175,
    "score": {
      "detail": 11.282352347897852,
      "saturation": 0.697295269902118,
      "skin": 15.325540404224206,
      "boost": 0,
      "total": 0.0009812777723478786
    }
  }
}
