{
  "topCrop": {
    "x": 0,
    "y": 0,
    "width": 178,
    "height": 178,
    "score": {
      "detail": 2.700233475917933,
      "saturation": 0.2996889238215419,
      "skin": 14.73558115734729,
      "boost": 0,
      "total": 0.0008968820007780147
    }
  }
}
