{
  "topCrop": {
    "x": 0,
    "y": 8,
    "width": 175,
    "height": 175,
    "score": {
      "detail": 5.578007766041241,
      "saturation": 23.633375355150427,
      "skin": 1.7251318686186567,
      "boost": 0,
      "total": 0.00036933392729034966
    }
  }
}
