{
  "topCrop": {
    "x": 0,
    "y": 0,
    "width": 175,
    "height": 175,
    "score": {
      "detail": 6.228955758318546,
      "saturation": 6.991936742826964,
      "skin": 16.6979466472373,
      "boost": 152.1938078373484,
      "total": 0.4980499741999797
    }
  }
}
