{
  "topCrop": {
    "x": 0,
    "y": 8,
    "width": 175,
    "height": 175,
    "score": {
      "detail": 22.85713681053363,
      "saturation": 4.131328654329737,
      "skin": 13.73463289104785,
      "boost": 0,
      "total": 0.0009970013114217722
    }
  }
}
