{
  "topCrop": {
    "x": 0,
    "y": 0,
    "width": 175,
    "height": 175,
    "score": {
      "detail": -1.7480046642152633,
      "saturation": -0.9213732814340073,
      "skin": 14.679292767724897,
      "boost": 0,
      "total": 0.0008423416837430714
    }
  }
}
