{
  "topCrop": {
    "x": 0,
    "y": 16,
    "width": 175,
    "height": 175,
    "score": {
      "detail": 1.962270839677645,
      "saturation": 5.5795033166640415,
      "skin": 16.195509882255333,
      "boost": 0,
      "total": 0.0010193705453385908
    }
  }
}
