{
  "topCrop": {
    "x": 0,
    "y": 24,
    "width": 175,
    "height": 175,
    "score": {
      "detail": -3.079861975398744,
      "saturation": -17.150279360744847,
      "skin": 9.878356243624197,
      "boost": 201.83547060418402,
      "total": 0.6594470871984857
    }
  }
}
