{
  "topCrop": {
    "x": 0,
    "y": 24,
    "width": 175,
    "height": 175,
    "score": {
      "detail": 25.239401762007986,
      "saturation": -51.06837957025281,
      "skin": 21.913673707617356,
      "boost": 0,
      "total": 0.0009525544213889632
    }
  }
}
