{
  "topCrop": {
    "x": 0,
    "y": 72,
    "width": 175,
    "height": 175,
    "score": {
      "detail": -0.006285373215981535,
      "saturation": -14.476344117126219,
      "skin": 12.49267041612446,
      "boost": 0,
      "total": 0.0005924129449548723
    }
  }
}
