{
  "topCrop": {
    "x": 0,
    "y": 16,
    "width": 175,
    "height": 175,
    "score": {
      "detail": -20.872377949747126,
      "saturation": -7.42125221809225,
      "skin": 23.84181749544681,
      "boost": 95.49830705443689,
      "total": 0.3130235143079222
    }
  }
}
