{
  "topCrop": {
    "x": 0,
    "y": 0,
    "width": 175,
    "height": 175,
    "score": {
      "detail": -7.78849756977706,
      "saturation": 7.037108875624978,
      "skin": 11.489452035278669,
      "boost": 0,
      "total": 0.0006933696918280386
    }
  }
}
