{
  "topCrop": {
    "x": 0,
    "y": 0,
    "width": 175,
    "height": 175,
    "score": {
      "detail": 8.33717890116441,
      "saturation": -7.385702719757045,
      "skin": 12.311724977948309,
      "boost": 112.56766494170235,
      "total": 0.36827361058268887
    }
  }
}
