{
  "topCrop": {
    "x": 0,
    "y": 0,
    "width": 175,
    "height": 175,
    "score": {
      "detail": -1.7347789092923092,
      "saturation": -0.9268235421971975,
      "skin": 14.66847771830255,
      "boost": 0,
      "total": 0.0008417390056629214
    }
  }
}
