{
  "topCrop": {
    "x": 0,
    "y": 0,
    "width": 178,
    "height": 178,
    "score": {
      "detail": -2.875221776513377,
      "saturation": -3.9135236997199425,
      "skin": 11.765899584849734,
      "boost": 248.39340150876976,
      "total": 0.8210717951071635
    }
  }
}
