{
  "topCrop": {
    "x": 0,
    "y": 0,
    "width": 175,
    "height": 175,
    "score": {
      "detail": 19.268949241924258,
      "saturation": -4.859412420741452,
      "skin": 18.794510428542047,
      "boost": 186.61756711123255,
      "total": 0.6105463770127931
    }
  }
}
