{
  "topCrop": {
    "x": 0,
    "y": 16,
    "width": 175,
    "height": 175,
    "score": {
      "detail": 12.393833011266604,
      "saturation": 16.307947844171792,
      "skin": 15.744974934752978,
      "boost": 0,
      "total": 0.0011661095783856398
    }
  }
}
