{
  "topCrop": {
    "x": 0,
    "y": 8,
    "width": 175,
    "height": 175,
    "score": {
      "detail": 31.307672863430273,
      "saturation": -4.009003804257524,
      "skin": 21.08538621953605,
      "boost": 0,
      "total": 0.0014044907306636305
    }
  }
}
