{
  "topCrop": {
    "x": 0,
    "y": 16,
    "width": 175,
    "height": 175,
    "score": {
      "detail": 6.683837925068758,
      "saturation": 8.065787462711679,
      "skin": 23.034655416047215,
      "boost": 0,
      "total": 0.001476534973802849
    }
  }
}
