{
  "topCrop": {
    "x": 0,
    "y": 0,
    "width": 12,
    "height": 12,
    "score": {
      "detail": -3.4116734049463746,
      "saturation": -0.2675762485046837,
      "skin": -0.6936779506657478,
      "boost": 0,
      "total": -0.013966860185687682
    }
  }
}
