{
  "topCrop": {
    "x": 0,
    "y": 0,
    "width": 175,
    "height": 175,
    "score": {
      "detail": 5.616338499999162,
      "saturation": 0.6103900420947713,
      "skin": 14.543435686861846,
      "boost": 159.5526505134012,
      "total": 0.521885701886991
    }
  }
}
