{
  "topCrop": {
    "x": 0,
    "y": 0,
    "width": 178,
    "height": 178,
    "score": {
      "detail": 4.735999551952483,
      "saturation": 2.2135554131888537,
      "skin": 13.146837552871,
      "boost": 197.52621441445774,
      "total": 0.6532533034606715
    }
  }
}
