{
  "topCrop": {
    "x": 0,
    "y": 0,
    "width": 175,
    "height": 175,
    "score": {
      "detail": -10.077924838662714,
      "saturation": 6.082581677467438,
      "skin": 16.982287492412663,
      "boost": 188.2157159700755,
      "total": 0.6155738417642254
    }
  }
}
