{
  "topCrop": {
    "x": 0,
    "y": 32,
    "width": 175,
    "height": 175,
    "score": {
      "detail": 8.805084816158752,
      "saturation": -22.081924118920938,
      "skin": 16.91133456290117,
      "boost": 0,
      "total": 0.0008351621858213087
    }
  }
}
