{
  "topCrop": {
    "x": 0,
    "y": 0,
    "width": 178,
    "height": 178,
    "score": {
      "detail": 2.718735984198229,
      "saturation": 0.3318353190949538,
      "skin": 14.755906568930442,
      "boost": 0,
      "total": 0.0008985311671503148
    }
  }
}
