{
  "topCrop": {
    "x": 0,
    "y": 8,
    "width": 175,
    "height": 175,
    "score": {
      "detail": -4.541762073143273,
      "saturation": -1.8514178278368132,
      "skin": 11.472419510419172,
      "boost": 0,
      "total": 0.0006265004850865244
    }
  }
}
