{
  "topCrop": {
    "x": 0,
    "y": 0,
    "width": 178,
    "height": 178,
    "score": {
      "detail": -3.3485376864862255,
      "saturation": 2.4166529255232034,
      "skin": 11.06815539849382,
      "boost": 194.92693559302325,
      "total": 0.6444930482018751
    }
  }
}
