{
  "topCrop": {
    "x": 0,
    "y": 0,
    "width": 175,
    "height": 175,
    "score": {
      "detail": 6.298420933562051,
      "saturation": 5.068015486388094,
      "skin": 14.121047782655065,
      "boost": 0,
      "total": 0.0009207501989031169
    }
  }
}
