{
  "topCrop": {
    "x": 0,
    "y": 0,
    "width": 219,
    "height": 219,
    "score": {
      "detail": 30.531842173864696,
      "saturation": -17.507809485387963,
      "skin": 12.042672371934136,
      "boost": 0,
      "total": 0.0007357007627310366
    }
  }
}
