{
  "topCrop": {
    "x": 0,
    "y": 8,
    "width": 175,
    "height": 175,
    "score": {
      "detail": 27.458519506744704,
      "saturation": 4.817990645980078,
      "skin": 16.800817221509295,
      "boost": 0,
      "total": 0.0012139941908199086
    }
  }
}
