{
  "topCrop": {
    "x": 0,
    "y": 0,
    "width": 178,
    "height": 178,
    "score": {
      "detail": -2.8406900273471765,
      "saturation": -3.9197417054930153,
      "skin": 11.783556618541153,
      "boost": 0,
      "total": 0.000642962788884157
    }
  }
}
