{
  "topCrop": {
    "x": 0,
    "y": 8,
    "width": 175,
    "height": 175,
    "score": {
      "detail": 23.056277519148342,
      "saturation": -1.8746881926874204,
      "skin": 27.59547920132368,
      "boost": 0,
      "total": 0.001754145685172443
    }
  }
}
