{
  "topCrop": {
    "x": 0,
    "y": 30,
    "width": 219,
    "height": 219,
    "score": {
      "detail": 31.780114368426908,
      "saturation": 0.5476505997756174,
      "skin": 29.550440262697787,
      "boost": 0,
      "total": 0.0019497505478032356
    }
  }
}
