{
  "topCrop": {
    "x": 0,
    "y": 16,
    "width": 175,
    "height": 175,
    "score": {
      "detail": 6.6570694278956335,
      "saturation": 8.062468870664876,
      "skin": 22.99894084515652,
      "boost": 0,
      "total": 0.001474228508344827
    }
  }
}
