{
  "topCrop": {
    "x": 0,
    "y": 8,
    "width": 175,
    "height": 175,
    "score": {
      "detail": 23.064213719535047,
      "saturation": -1.850031781743626,
      "skin": 27.568728060958126,
      "boost": 0,
      "total": 0.0017528667336851771
    }
  }
}
