{
  "topCrop": {
    "x": 0,
    "y": 0,
    "width": 178,
    "height": 178,
    "score": {
      "detail": -22.64644642765234,
      "saturation": 3.8030838070286794,
      "skin": -3.4016413584548757,
      "boost": 0,
      "total": -0.00031415373855993664
    }
  }
}
