{
  "topCrop": {
    "x": 0,
    "y": 0,
    "width": 175,
    "height": 175,
    "score": {
      "detail": -13.760028539757542,
      "saturation": -7.650750944079711,
      "skin": 8.977703453641992,
      "boost": 82.3104855379208,
      "total": 0.2691317939271007
    }
  }
}
