{
  "topCrop": {
    "x": 0,
    "y": 0,
    "width": 175,
    "height": 175,
    "score": {
      "detail": 7.3646320861585055,
      "saturation": 0.20215013870812348,
      "skin": 8.454201160327536,
      "boost": 0,
      "total": 0.0005469757893039577
    }
  }
}
