{
  "topCrop": {
    "x": 0,
    "y": 32,
    "width": 175,
    "height": 175,
    "score": {
      "detail": 8.703315923516872,
      "saturation": -22.1133468312969,
      "skin": 16.86698843446534,
      "boost": 0,
      "total": 0.0008315832919951648
    }
  }
}
