{
  "topCrop": {
    "x": 0,
    "y": 10,
    "width": 219,
    "height": 219,
    "score": {
      "detail": 10.992101814779145,
      "saturation": 2.1582755348571108,
      "skin": 3.977334902890109,
      "boost": 0,
      "total": 0.00032669733383233166
    }
  }
}
