{
  "topCrop": {
    "x": 0,
    "y": 8,
    "width": 175,
    "height": 175,
    "score": {
      "detail": -4.661853614795148,
      "saturation": -1.883016235509077,
      "skin": 11.430875308094892,
      "boost": 0,
      "total": 0.0006229648966843774
    }
  }
}
