{
  "topCrop": {
    "x": 0,
    "y": 0,
    "width": 178,
    "height": 178,
    "score": {
      "detail": -10.733360112178152,
      "saturation": -7.216975435283308,
      "skin": 15.30794402296503,
      "boost": 218.64912299389587,
      "total": 0.7229539844754229
    }
  }
}
