{
  "topCrop": {
    "x": 0,
    "y": 0,
    "width": 173,
    "height": 173,
    "score": {
      "detail": 5.890960801615169,
      "saturation": -1.5647417089802014,
      "skin": 25.4237499720159,
      "boost": 219.0972387314248,
      "total": 0.7336093886444498
    }
  }
}
