{
  "topCrop": {
    "x": 0,
    "y": 0,
    "width": 175,
    "height": 175,
    "score": {
      "detail": -0.7622690937010833,
      "saturation": 10.48742793462204,
      "skin": 20.042899940264604,
      "boost": 0,
      "total": 0.001275787574012169
    }
  }
}
