{
  "topCrop": {
    "x": 0,
    "y": 0,
    "width": 175,
    "height": 175,
    "score": {
      "detail": -7.831611714765852,
      "saturation": 7.032176052386621,
      "skin": 11.493898637592546,
      "boost": 0,
      "total": 0.0006933011598507559
    }
  }
}
