{
  "topCrop": {
    "x": 0,
    "y": 24,
    "width": 175,
    "height": 175,
    "score": {
      "detail": 24.758274590035988,
      "saturation": 2.178754796388137,
      "skin": 19.218150084758243,
      "boost": 0,
      "total": 0.0013125861717383992
    }
  }
}
