{
  "topCrop": {
    "x": 0,
    "y": 88,
    "width": 175,
    "height": 175,
    "score": {
      "detail": 70.64265090547761,
      "saturation": -19.72373280731227,
      "skin": 35.84484389416888,
      "boost": 0,
      "total": 0.002374926672601007
    }
  }
}
