{
  "topCrop": {
    "x": 0,
    "y": 32,
    "width": 175,
    "height": 175,
    "score": {
      "detail": -10.225007307376597,
      "saturation": -9.00921386411221,
      "skin": 5.491287767702017,
      "boost": 0,
      "total": 0.00016772415873158038
    }
  }
}
