{
  "topCrop": {
    "x": 0,
    "y": 0,
    "width": 400,
    "height": 400,
    "score": {
      "detail": 20.006773824428418,
      "saturation": -29.879965544347588,
      "skin": 39.20459997096638,
      "boost": 157.4044599891392,
      "total": 0.5161159720477794
    }
  }
}
