{
  "topCrop": {
    "x": 0,
    "y": 0,
    "width": 175,
    "height": 175,
    "score": {
      "detail": -8.224199118437246,
      "saturation": 1.838733234154311,
      "skin": -0.6763355111147915,
      "boost": 0,
      "total": -0.00007544893954115202
    }
  }
}
