{
  "topCrop": {
    "x": 0,
    "y": 0,
    "width": 178,
    "height": 178,
    "score": {
      "detail": 4.606493099479245,
      "saturation": 1.107195459456043,
      "skin": 15.208205293376592,
      "boost": 0,
      "total": 0.0009455749367753511
    }
  }
}
