{
  "topCrop": {
    "x": 0,
    "y": 8,
    "width": 178,
    "height": 178,
    "score": {
      "detail": -0.6297626356056194,
      "saturation": -4.444737325111819,
      "skin": 6.436927880221656,
      "boost": 0,
      "total": 0.000334492550526632
    }
  }
}
