{
  "topCrop": {
    "x": 0,
    "y": 16,
    "width": 175,
    "height": 175,
    "score": {
      "detail": -6.694367275246444,
      "saturation": 1.1208720574732869,
      "skin": 2.3829605826143676,
      "boost": 0,
      "total": 0.00010732137831505498
    }
  }
}
