{
  "topCrop": {
    "x": 0,
    "y": 24,
    "width": 175,
    "height": 175,
    "score": {
      "detail": 15.465679077432785,
      "saturation": -2.266955328943758,
      "skin": 25.61681326448469,
      "boost": 0,
      "total": 0.0015844347132367633
    }
  }
}
