{
  "topCrop": {
    "x": 0,
    "y": 16,
    "width": 175,
    "height": 175,
    "score": {
      "detail": 10.697070444285021,
      "saturation": 9.159357160198686,
      "skin": 20.250396712409838,
      "boost": 0,
      "total": 0.0013498101328736105
    }
  }
}
