{
  "topCrop": {
    "x": 0,
    "y": 8,
    "width": 175,
    "height": 175,
    "score": {
      "detail": 9.298597408582408,
      "saturation": -4.141846322896733,
      "skin": 25.309356282886693,
      "boost": 318.3066993621165,
      "total": 1.0408765369177368
    }
  }
}
