{
  "topCrop": {
    "x": 0,
    "y": 24,
    "width": 175,
    "height": 175,
    "score": {
      "detail": 15.402490479767135,
      "saturation": -2.3013742135505577,
      "skin": 25.608836684096467,
      "boost": 0,
      "total": 0.0015832160608412053
    }
  }
}
