{
  "topCrop": {
    "x": 0,
    "y": 0,
    "width": 175,
    "height": 175,
    "score": {
      "detail": -22.89882960450078,
      "saturation": 1.105662007391989,
      "skin": 3.246268894557152,
      "boost": 37.24731133459273,
      "total": 0.12167596245390347
    }
  }
}
