{
  "topCrop": {
    "x": 0,
    "y": 16,
    "width": 175,
    "height": 175,
    "score": {
      "detail": -6.712243647366957,
      "saturation": 1.1239048525578832,
      "skin": 2.361477600747911,
      "boost": 0,
      "total": 0.00010597167045355797
    }
  }
}
