{
  "topCrop": {
    "x": 0,
    "y": 0,
    "width": 175,
    "height": 175,
    "score": {
      "detail": 6.628571087803808,
      "saturation": -6.039274022268616,
      "skin": 17.038076730187633,
      "boost": 0,
      "total": 0.0009855500449050749
    }
  }
}
