{
  "topCrop": {
    "x": 0,
    "y": 0,
    "width": 178,
    "height": 178,
    "score": {
      "detail": 4.590913172097535,
      "saturation": 1.106572590366133,
      "skin": 15.184928520424467,
      "boost": 0,
      "total": 0.0009440819708116459
    }
  }
}
