{
  "topCrop": {
    "x": 0,
    "y": 0,
    "width": 178,
    "height": 178,
    "score": {
      "detail": -11.268358103396146,
      "saturation": -4.869749593769745,
      "skin": 6.282708604873725,
      "boost": 169.76765224305063,
      "total": 0.5609842615700563
    }
  }
}
