{
  "topCrop": {
    "x": 0,
    "y": 24,
    "width": 175,
    "height": 175,
    "score": {
      "detail": 0.11403596283203293,
      "saturation": 3.2668756487368107,
      "skin": 10.990149366194835,
      "boost": 0,
      "total": 0.0006786984080436949
    }
  }
}
