{
  "topCrop": {
    "x": 0,
    "y": 0,
    "width": 400,
    "height": 400,
    "score": {
      "detail": -3.2156192121452194,
      "saturation": -6.0338998021939245,
      "skin": 18.624270556109064,
      "boost": 142.06818061319575,
      "total": 0.4649106434134689
    }
  }
}
