{
  "topCrop": {
    "x": 0,
    "y": 0,
    "width": 178,
    "height": 178,
    "score": {
      "detail": -3.3916294558030717,
      "saturation": 1.0676847589774756,
      "skin": 13.079920269548667,
      "boost": 0,
      "total": 0.0007658156963178831
    }
  }
}
