{
  "topCrop": {
    "x": 0,
    "y": 32,
    "width": 175,
    "height": 175,
    "score": {
      "detail": 11.377380777840951,
      "saturation": 4.488613949913666,
      "skin": 26.073965483469998,
      "boost": 0,
      "total": 0.001650781982393087
    }
  }
}
