{
  "topCrop": {
    "x": 0,
    "y": 8,
    "width": 175,
    "height": 175,
    "score": {
      "detail": 4.21829218258703,
      "saturation": 8.41971752589785,
      "skin": 23.04212534574089,
      "boost": 315.7254983567506,
      "total": 1.0324047423670752
    }
  }
}
