{
  "topCrop": {
    "x": 0,
    "y": 24,
    "width": 175,
    "height": 175,
    "score": {
      "detail": 6.782995524815363,
      "saturation": -4.526611105279431,
      "skin": 19.25761127426871,
      "boost": 0,
      "total": 0.001131830728720422
    }
  }
}
