{
  "topCrop": {
    "x": 0,
    "y": 32,
    "width": 175,
    "height": 175,
    "score": {
      "detail": 11.38773504568773,
      "saturation": 4.475560161191139,
      "skin": 26.07005020000785,
      "boost": 0,
      "total": 0.0016504916054696822
    }
  }
}
