{
  "topCrop": {
    "x": 0,
    "y": 0,
    "width": 175,
    "height": 175,
    "score": {
      "detail": -24.267682545547867,
      "saturation": -10.092418433370588,
      "skin": -5.037715835684639,
      "boost": 52.648573815771115,
      "total": 0.17136026876844923
    }
  }
}
