{
  "topCrop": {
    "x": 0,
    "y": 0,
    "width": 178,
    "height": 178,
    "score": {
      "detail": -3.3277036879866646,
      "saturation": 1.0761212840503669,
      "skin": 13.087539070293433,
      "boost": 0,
      "total": 0.0007667745400365291
    }
  }
}
