{
  "topCrop": {
    "x": 0,
    "y": 0,
    "width": 175,
    "height": 175,
    "score": {
      "detail": -8.337444775501169,
      "saturation": 1.8163240235238034,
      "skin": -0.7363452452193808,
      "boost": 0,
      "total": -0.00007993512455307685
    }
  }
}
