{
  "topCrop": {
    "x": 0,
    "y": 8,
    "width": 178,
    "height": 178,
    "score": {
      "detail": -0.5324399464333739,
      "saturation": -4.437556918340879,
      "skin": 6.465215607713487,
      "boost": 0,
      "total": 0.00033688839440795804
    }
  }
}
