{
  "topCrop": {
    "x": 0,
    "y": 8,
    "width": 175,
    "height": 175,
    "score": {
      "detail": -3.5797492642007143,
      "saturation": 2.2762154595815294,
      "skin": 9.966576484994652,
      "boost": 0,
      "total": 0.0005847102843436634
    }
  }
}
