{
  "topCrop": {
    "x": 0,
    "y": 0,
    "width": 175,
    "height": 175,
    "score": {
      "detail": -24.214198380918404,
      "saturation": -10.096668806926196,
      "skin": -5.038894305562176,
      "boost": 0,
      "total": -0.0005532032675354598
    }
  }
}
