{
  "topCrop": {
    "x": 0,
    "y": 8,
    "width": 178,
    "height": 178,
    "score": {
      "detail": 0.5521367000956128,
      "saturation": 5.526157924766992,
      "skin": 12.12978035652261,
      "boost": 0,
      "total": 0.0007795573840398308
    }
  }
}
