{
  "topCrop": {
    "x": 0,
    "y": 16,
    "width": 175,
    "height": 175,
    "score": {
      "detail": 10.70383865970047,
      "saturation": 9.167666811420942,
      "skin": 20.256311017693672,
      "boost": 0,
      "total": 0.0013502833504396732
    }
  }
}
