{
  "topCrop": {
    "x": 0,
    "y": 24,
    "width": 175,
    "height": 175,
    "score": {
      "detail": 0.09781596651062646,
      "saturation": 3.269753920285097,
      "skin": 11.0111189373028,
      "boost": 0,
      "total": 0.0006798531740908635
    }
  }
}
