{
  "topCrop": {
    "x": 0,
    "y": 8,
    "width": 175,
    "height": 175,
    "score": {
      "detail": -3.55615899582576,
      "saturation": 2.2688284225127853,
      "skin": 9.978815386770794,
      "boost": 0,
      "total": 0.0005855113281233017
    }
  }
}
