{
  "topCrop": {
    "x": 0,
    "y": 24,
    "width": 175,
    "height": 175,
    "score": {
      "detail": 6.777529719145343,
      "saturation": -4.541631142765623,
      "skin": 19.291831227984733,
      "boost": 0,
      "total": 0.001133659193840715
    }
  }
}
