{
  "topCrop": {
    "x": 0,
    "y": 0,
    "width": 175,
    "height": 175,
    "score": {
      "detail": -18.834076733456953,
      "saturation": 4.3644122319267895,
      "skin": 3.9975351809091477,
      "boost": 293.37622632255284,
      "total": 0.9581179005356345
    }
  }
}
