{
  "topCrop": {
    "x": 0,
    "y": 8,
    "width": 175,
    "height": 175,
    "score": {
      "detail": -5.128905163386166,
      "saturation": -5.945877548691242,
      "skin": 17.200713917498454,
      "boost": 135.531219734102,
      "total": 0.4434701620951645
    }
  }
}
