{
  "topCrop": {
    "x": 0,
    "y": 8,
    "width": 178,
    "height": 178,
    "score": {
      "detail": 0.6961583296485634,
      "saturation": 5.531025880371173,
      "skin": 12.152592760327861,
      "boost": 0,
      "total": 0.0007819132777986265
    }
  }
}
