{
  "topCrop": {
    "x": 0,
    "y": 8,
    "width": 178,
    "height": 178,
    "score": {
      "detail": 7.69623789381078,
      "saturation": 1.1883937019831419,
      "skin": 12.417207485307083,
      "boost": 231.65387351021545,
      "total": 0.7659411444769605
    }
  }
}
