{
  "topCrop": {
    "x": 0,
    "y": 0,
    "width": 175,
    "height": 175,
    "score": {
      "detail": -13.931267789992406,
      "saturation": 2.161823410314184,
      "skin": 10.831926082574848,
      "boost": 149.9704138930113,
      "total": 0.4902661599906894
    }
  }
}
