{
  "topCrop": {
    "x": 0,
    "y": 0,
    "width": 175,
    "height": 175,
    "score": {
      "detail": 6.6657968981435385,
      "saturation": -6.041185339545604,
      "skin": 17.067515598029846,
      "boost": 0,
      "total": 0.000987504713607143
    }
  }
}
