{
  "topCrop": {
    "x": 0,
    "y": 0,
    "width": 178,
    "height": 178,
    "score": {
      "detail": -14.13703014234741,
      "saturation": 5.2877528923572985,
      "skin": 11.857055122905184,
      "boost": 174.39327838133298,
      "total": 0.5766755666928842
    }
  }
}
