{
  "topCrop": {
    "x": 0,
    "y": 0,
    "width": 175,
    "height": 175,
    "score": {
      "detail": 2.2605189745002794,
      "saturation": 6.309389754661614,
      "skin": 11.456953066661352,
      "boost": 194.6078881881908,
      "total": 0.6362042858795223
    }
  }
}
