{
  "topCrop": {
    "x": 0,
    "y": 0,
    "width": 219,
    "height": 219,
    "score": {
      "detail": 28.030339857813036,
      "saturation": -3.2902591123706646,
      "skin": 32.50610860728584,
      "boost": 0,
      "total": 0.0020613872891743976
    }
  }
}
