{
  "topCrop": {
    "x": 0,
    "y": 0,
    "width": 175,
    "height": 175,
    "score": {
      "detail": 12.137892518954418,
      "saturation": -1.0130732845618076,
      "skin": 14.834289620882295,
      "boost": 125.09024782206873,
      "total": 0.4093991888993595
    }
  }
}
