{
  "topCrop": {
    "x": 0,
    "y": 0,
    "width": 175,
    "height": 175,
    "score": {
      "detail": -19.112272788537254,
      "saturation": -3.414604113611272,
      "skin": 8.52006522863526,
      "boost": 198.3588435597676,
      "total": 0.6480448534725392
    }
  }
}
