{
  "topCrop": {
    "x": 0,
    "y": 0,
    "width": 175,
    "height": 175,
    "score": {
      "detail": -16.465123139028208,
      "saturation": -11.308123984469443,
      "skin": 10.448146568068703,
      "boost": 99.01267166686387,
      "total": 0.3237024773448412
    }
  }
}
