{
  "topCrop": {
    "x": 0,
    "y": 0,
    "width": 176,
    "height": 176,
    "score": {
      "detail": 7.395364621812719,
      "saturation": -23.300772335263222,
      "skin": 17.369949895198914,
      "boost": 0,
      "total": 0.0008409714623719714
    }
  }
}
