{
  "topCrop": {
    "x": 0,
    "y": 0,
    "width": 178,
    "height": 178,
    "score": {
      "detail": 8.162968514691785,
      "saturation": 4.657296643356521,
      "skin": 12.053804874399786,
      "boost": 0,
      "total": 0.0008167073414541198
    }
  }
}
