{
  "topCrop": {
    "x": 0,
    "y": 0,
    "width": 175,
    "height": 175,
    "score": {
      "detail": 27.047863356190096,
      "saturation": 2.741562665414225,
      "skin": 18.947774237509407,
      "boost": 0,
      "total": 0.0013171603297429948
    }
  }
}
