{
  "topCrop": {
    "x": 0,
    "y": 8,
    "width": 175,
    "height": 175,
    "score": {
      "detail": -5.460333163790169,
      "saturation": -3.691153999705229,
      "skin": 9.28267106409109,
      "boost": 0,
      "total": 0.00047377616596553014
    }
  }
}
