{
  "topCrop": {
    "x": 0,
    "y": 8,
    "width": 175,
    "height": 175,
    "score": {
      "detail": -4.403484065864526,
      "saturation": 20.425137113770635,
      "skin": 16.80416091442203,
      "boost": 0,
      "total": 0.0011589986601442594
    }
  }
}
