{
  "topCrop": {
    "x": 0,
    "y": 0,
    "width": 219,
    "height": 219,
    "score": {
      "detail": 15.662395628637771,
      "saturation": 0.5505992218676998,
      "skin": 20.967682523338738,
      "boost": 82.99870053897234,
      "total": 0.2723562299210296
    }
  }
}
