{
  "topCrop": {
    "x": 0,
    "y": 0,
    "width": 219,
    "height": 219,
    "score": {
      "detail": 9.036590259074341,
      "saturation": -0.16860792273597353,
      "skin": 12.445270744987589,
      "boost": 0,
      "total": 0.0007888399352154037
    }
  }
}
