{
  "topCrop": {
    "x": 0,
    "y": 10,
    "width": 219,
    "height": 219,
    "score": {
      "detail": 17.726647430719424,
      "saturation": 17.523106026581804,
      "skin": 9.523134269946333,
      "boost": 0,
      "total": 0.0008471478524088759
    }
  }
}
