{
  "topCrop": {
    "x": 0,
    "y": 16,
    "width": 175,
    "height": 175,
    "score": {
      "detail": 2.8510381139686225,
      "saturation": -6.909878177933479,
      "skin": 8.1110815002628,
      "boost": 0,
      "total": 0.00042766337534323983
    }
  }
}
