{
  "topCrop": {
    "x": 0,
    "y": 0,
    "width": 219,
    "height": 219,
    "score": {
      "detail": -2.3866289088678063,
      "saturation": -1.120465667034221,
      "skin": 26.72071918989638,
      "boost": 0,
      "total": 0.0015439617652221928
    }
  }
}
