{
  "topCrop": {
    "x": 0,
    "y": 0,
    "width": 176,
    "height": 176,
    "score": {
      "detail": 7.397506244251545,
      "saturation": -23.302043804698773,
      "skin": 17.370420510950108,
      "boost": 0,
      "total": 0.0008410006539477837
    }
  }
}
