{
  "topCrop": {
    "x": 0,
    "y": 20,
    "width": 439,
    "height": 439,
    "score": {
      "detail": 12.792479752982315,
      "saturation": -2.5957385329355493,
      "skin": 13.620747715111966,
      "boost": 0,
      "total": 0.0008586814784626069
    }
  }
}
