{
  "topCrop": {
    "x": 0,
    "y": 0,
    "width": 175,
    "height": 175,
    "score": {
      "detail": 7.214269942753282,
      "saturation": -8.542899043970765,
      "skin": 16.327957070199574,
      "boost": 153.5346407806097,
      "total": 0.5022607146142919
    }
  }
}
