{
  "topCrop": {
    "x": 0,
    "y": 0,
    "width": 175,
    "height": 175,
    "score": {
      "detail": 7.145594177184664,
      "saturation": -10.006645155834367,
      "skin": 24.57175052277465,
      "boost": 116.06721095998131,
      "total": 0.38038783256254083
    }
  }
}
