{
  "topCrop": {
    "x": 0,
    "y": 8,
    "width": 175,
    "height": 175,
    "score": {
      "detail": 19.870708675959524,
      "saturation": 3.5366026925771927,
      "skin": 16.87219911429202,
      "boost": 0,
      "total": 0.0011560842758756146
    }
  }
}
