{
  "topCrop": {
    "x": 0,
    "y": 8,
    "width": 175,
    "height": 175,
    "score": {
      "detail": 19.965341258441207,
      "saturation": 3.53970577569134,
      "skin": 16.897196172123746,
      "boost": 0,
      "total": 0.0011582018969540696
    }
  }
}
