{
  "topCrop": {
    "x": 0,
    "y": 0,
    "width": 395,
    "height": 395,
    "score": {
      "detail": 2.117712104840218,
      "saturation": -17.57134080554024,
      "skin": 16.197115790880268,
      "boost": 160.21948428227196,
      "total": 0.5299991867099382
    }
  }
}
