{
  "topCrop": {
    "x": 0,
    "y": 20,
    "width": 219,
    "height": 219,
    "score": {
      "detail": 19.269912802064145,
      "saturation": -6.071735925169071,
      "skin": 30.3370947435823,
      "boost": 0,
      "total": 0.0018494443206958447
    }
  }
}
