{
  "topCrop": {
    "x": 0,
    "y": 0,
    "width": 178,
    "height": 178,
    "score": {
      "detail": 10.057558916066876,
      "saturation": 0.233458425357653,
      "skin": 14.728710696113989,
      "boost": 148.37084222167184,
      "total": 0.49100533263083
    }
  }
}
