{
  "topCrop": {
    "x": 0,
    "y": 0,
    "width": 219,
    "height": 219,
    "score": {
      "detail": 15.202716269487057,
      "saturation": 9.38601795626905,
      "skin": 27.788827208141,
      "boost": 0,
      "total": 0.0018245302078508385
    }
  }
}
