{
  "topCrop": {
    "x": 0,
    "y": 20,
    "width": 219,
    "height": 219,
    "score": {
      "detail": 11.459192025876337,
      "saturation": -8.313146517185507,
      "skin": 25.521758336517813,
      "boost": 0,
      "total": 0.0014934550026367897
    }
  }
}
