{
  "topCrop": {
    "x": 0,
    "y": 0,
    "width": 175,
    "height": 175,
    "score": {
      "detail": 21.35746420532696,
      "saturation": -9.668874324494576,
      "skin": 21.303567536359022,
      "boost": 97.70960330214962,
      "total": 0.3203486557493592
    }
  }
}
