{
  "topCrop": {
    "x": 0,
    "y": 120,
    "width": 219,
    "height": 219,
    "score": {
      "detail": -25.598058549238342,
      "saturation": -0.14817916184722046,
      "skin": 16.279143766314323,
      "boost": 0,
      "total": 0.0007881924349702514
    }
  }
}
