{
  "topCrop": {
    "x": 0,
    "y": 0,
    "width": 219,
    "height": 219,
    "score": {
      "detail": -2.5514705026193205,
      "saturation": -1.066645235577231,
      "skin": 26.717118756660707,
      "boost": 206.207275775942,
      "total": 0.6748730809366528
    }
  }
}
