{
  "topCrop": {
    "x": 0,
    "y": 16,
    "width": 175,
    "height": 175,
    "score": {
      "detail": 4.58070081712648,
      "saturation": -0.1301456563702365,
      "skin": 15.476699401389775,
      "boost": 0,
      "total": 0.0009382907882127615
    }
  }
}
