{
  "topCrop": {
    "x": 0,
    "y": 0,
    "width": 219,
    "height": 219,
    "score": {
      "detail": 15.232388213186125,
      "saturation": 9.332760421838003,
      "skin": 27.72797339193254,
      "boost": 0,
      "total": 0.0018206255632544394
    }
  }
}
