{
  "topCrop": {
    "x": 0,
    "y": 8,
    "width": 178,
    "height": 178,
    "score": {
      "detail": -6.187946462521704,
      "saturation": 3.2331393968117017,
      "skin": -7.449921804742508,
      "boost": 0,
      "total": -0.0004517606923635006
    }
  }
}
