{
  "topCrop": {
    "x": 0,
    "y": 8,
    "width": 175,
    "height": 175,
    "score": {
      "detail": 12.26490126719098,
      "saturation": 5.514120873942802,
      "skin": 12.817489246390169,
      "boost": 0,
      "total": 0.0008874676623387214
    }
  }
}
