{
  "topCrop": {
    "x": 0,
    "y": 0,
    "width": 175,
    "height": 175,
    "score": {
      "detail": 4.877393118740179,
      "saturation": 18.36413048502932,
      "skin": 18.023309731381527,
      "boost": 125.38579700847232,
      "total": 0.41069408575128086
    }
  }
}
