{
  "topCrop": {
    "x": 0,
    "y": 0,
    "width": 175,
    "height": 175,
    "score": {
      "detail": -1.2281290823986666,
      "saturation": -8.43782725433078,
      "skin": 15.977489610902943,
      "boost": 111.73976181352437,
      "total": 0.365712936772548
    }
  }
}
