{
  "topCrop": {
    "x": 0,
    "y": 0,
    "width": 178,
    "height": 178,
    "score": {
      "detail": 0.8805905513998954,
      "saturation": -12.894983921736674,
      "skin": 18.542752106891054,
      "boost": 144.28851927508697,
      "total": 0.4775576860957477
    }
  }
}
