{
  "topCrop": {
    "x": 0,
    "y": 80,
    "width": 439,
    "height": 439,
    "score": {
      "detail": 13.039999289014482,
      "saturation": -26.243347941888484,
      "skin": 22.907338322891714,
      "boost": 0,
      "total": 0.0011744719822511492
    }
  }
}
