{
  "topCrop": {
    "x": 0,
    "y": 20,
    "width": 219,
    "height": 219,
    "score": {
      "detail": 19.405818160268858,
      "saturation": -6.144835467017492,
      "skin": 30.479137491988553,
      "boost": 0,
      "total": 0.0018579644237560137
    }
  }
}
