{
  "topCrop": {
    "x": 0,
    "y": 16,
    "width": 150,
    "height": 150,
    "score": {
      "detail": -1.382270143880589,
      "saturation": 0.2451686167428524,
      "skin": 13.064989295032426,
      "boost": 0,
      "total": 0.0010361812127691156
    }
  }
}
