{
  "topCrop": {
    "x": 0,
    "y": 0,
    "width": 178,
    "height": 178,
    "score": {
      "detail": 2.5563944858657908,
      "saturation": 0.5212847545013074,
      "skin": 7.151765010154969,
      "boost": 136.13114913571405,
      "total": 0.4500811122642756
    }
  }
}
