{
  "topCrop": {
    "x": 0,
    "y": 16,
    "width": 175,
    "height": 175,
    "score": {
      "detail": 15.428648111588002,
      "saturation": -21.86476069065768,
      "skin": 12.207456691032885,
      "boost": 0,
      "total": 0.0006040726027421875
    }
  }
}
