{
  "topCrop": {
    "x": 0,
    "y": 0,
    "width": 175,
    "height": 175,
    "score": {
      "detail": 6.479416095067124,
      "saturation": -0.4988698347391712,
      "skin": 12.473522331084771,
      "boost": 0,
      "total": 0.0007705653049647106
    }
  }
}
