{
  "topCrop": {
    "x": 0,
    "y": 0,
    "width": 219,
    "height": 219,
    "score": {
      "detail": 3.8350655809633416,
      "saturation": 1.1558949400588636,
      "skin": 19.17881919283293,
      "boost": 0,
      "total": 0.0011636132618876606
    }
  }
}
