{
  "topCrop": {
    "x": 0,
    "y": 0,
    "width": 178,
    "height": 178,
    "score": {
      "detail": 2.518474435878589,
      "saturation": 0.5236302356916276,
      "skin": 7.155047538843614,
      "boost": 0,
      "total": 0.0004472146098494422
    }
  }
}
