{
  "topCrop": {
    "x": 0,
    "y": 0,
    "width": 175,
    "height": 175,
    "score": {
      "detail": 4.877393118740179,
      "saturation": 18.36413048502932,
      "skin": 18.023309731381527,
      "boost": 0,
      "total": 0.001271075111371219
    }
  }
}
