{
  "topCrop": {
    "x": 0,
    "y": 16,
    "width": 178,
    "height": 178,
    "score": {
      "detail": 16.9689027740307,
      "saturation": -0.09113442896124711,
      "skin": 9.54532711412107,
      "boost": 0,
      "total": 0.0006786903498327286
    }
  }
}
