{
  "topCrop": {
    "x": 0,
    "y": 16,
    "width": 175,
    "height": 175,
    "score": {
      "detail": -9.735303693062912,
      "saturation": -1.0460884954881084,
      "skin": 12.061804087930996,
      "boost": 209.12523719737115,
      "total": 0.6834930311774083
    }
  }
}
