{
  "topCrop": {
    "x": 0,
    "y": 8,
    "width": 175,
    "height": 175,
    "score": {
      "detail": -5.527528154449373,
      "saturation": -3.7014811613307073,
      "skin": 9.247839160015317,
      "boost": 0,
      "total": 0.0004711889145710525
    }
  }
}
