{
  "topCrop": {
    "x": 0,
    "y": 0,
    "width": 175,
    "height": 175,
    "score": {
      "detail": 27.18731597408982,
      "saturation": 2.791198014795281,
      "skin": 18.997787824200422,
      "boost": 0,
      "total": 0.0013214968386226062
    }
  }
}
