{
  "topCrop": {
    "x": 0,
    "y": 56,
    "width": 175,
    "height": 175,
    "score": {
      "detail": 8.744099853056927,
      "saturation": -4.662998786625614,
      "skin": 14.28616382011273,
      "boost": 0,
      "total": 0.0008511025374963793
    }
  }
}
