{
  "topCrop": {
    "x": 0,
    "y": 120,
    "width": 219,
    "height": 219,
    "score": {
      "detail": -25.7291909603846,
      "saturation": -0.1639462147342822,
      "skin": 16.256030900614753,
      "boost": 0,
      "total": 0.0007858231368035707
    }
  }
}
