{
  "topCrop": {
    "x": 0,
    "y": 0,
    "width": 178,
    "height": 178,
    "score": {
      "detail": 12.640500305443984,
      "saturation": 9.330112069880427,
      "skin": 11.863893731871991,
      "boost": 142.7737431060167,
      "total": 0.4724552930704549
    }
  }
}
