{
  "topCrop": {
    "x": 0,
    "y": 0,
    "width": 178,
    "height": 178,
    "score": {
      "detail": 4.739154887044326,
      "saturation": -0.33773975477347307,
      "skin": 10.34812906771371,
      "boost": 134.62542366957518,
      "total": 0.44530372269554697
    }
  }
}
