{
  "topCrop": {
    "x": 0,
    "y": 8,
    "width": 175,
    "height": 175,
    "score": {
      "detail": -11.87915296354767,
      "saturation": -1.0096287402571862,
      "skin": 12.513089340225068,
      "boost": 0,
      "total": 0.0006479948276773367
    }
  }
}
