{
  "topCrop": {
    "x": 0,
    "y": 8,
    "width": 175,
    "height": 175,
    "score": {
      "detail": -3.7650552493489307,
      "saturation": -34.291057338061215,
      "skin": 21.034096394663703,
      "boost": 361.51171851405616,
      "total": 1.1813222170339501
    }
  }
}
