{
  "topCrop": {
    "x": 0,
    "y": 8,
    "width": 175,
    "height": 175,
    "score": {
      "detail": 6.033563076566569,
      "saturation": -24.489036014461146,
      "skin": 16.0410800705016,
      "boost": 257.369078723912,
      "total": 0.8411311614148271
    }
  }
}
