{
  "topCrop": {
    "x": 0,
    "y": 56,
    "width": 175,
    "height": 175,
    "score": {
      "detail": 19.593534099382623,
      "saturation": 0.4841980599026204,
      "skin": 8.520722193621921,
      "boost": 0,
      "total": 0.0006335107326160578
    }
  }
}
