{
  "topCrop": {
    "x": 0,
    "y": 8,
    "width": 175,
    "height": 175,
    "score": {
      "detail": 18.464193528132437,
      "saturation": 7.084407005237273,
      "skin": 16.5743698771067,
      "boost": 0,
      "total": 0.0011641478068894606
    }
  }
}
