{
  "topCrop": {
    "x": 0,
    "y": 56,
    "width": 175,
    "height": 175,
    "score": {
      "detail": 8.73982547447172,
      "saturation": -4.6396318850661356,
      "skin": 14.205661333977657,
      "boost": 0,
      "total": 0.0008465719487521401
    }
  }
}
