{
  "topCrop": {
    "x": 0,
    "y": 0,
    "width": 175,
    "height": 175,
    "score": {
      "detail": -14.610137742803412,
      "saturation": -5.5390457493834,
      "skin": 15.669501258595968,
      "boost": 96.54769568605359,
      "total": 0.31602909157869247
    }
  }
}
