{
  "topCrop": {
    "x": 0,
    "y": 0,
    "width": 175,
    "height": 175,
    "score": {
      "detail": 8.83085007837593,
      "saturation": -8.382367869574972,
      "skin": 14.555430340857866,
      "boost": 158.48129660327308,
      "total": 0.5183210088031234
    }
  }
}
