{
  "topCrop": {
    "x": 0,
    "y": 8,
    "width": 175,
    "height": 175,
    "score": {
      "detail": 7.157621402701796,
      "saturation": 1.590603231013762,
      "skin": 19.52762589860957,
      "boost": 0,
      "total": 0.0012100712446478927
    }
  }
}
