{
  "topCrop": {
    "x": 0,
    "y": 0,
    "width": 178,
    "height": 178,
    "score": {
      "detail": -18.979862156088657,
      "saturation": 3.858326204009746,
      "skin": -10.075931285722195,
      "boost": 26.720667890879568,
      "total": 0.08757073715826535
    }
  }
}
