{
  "topCrop": {
    "x": 0,
    "y": 0,
    "width": 175,
    "height": 175,
    "score": {
      "detail": 4.849416749195103,
      "saturation": 18.353652120165805,
      "skin": 18.0214686560306,
      "boost": 0,
      "total": 0.001270681553199799
    }
  }
}
