{
  "topCrop": {
    "x": 0,
    "y": 8,
    "width": 175,
    "height": 175,
    "score": {
      "detail": -1.2421797447242742,
      "saturation": -1.704184348944227,
      "skin": 15.236570113250703,
      "boost": 0,
      "total": 0.0008707309371501434
    }
  }
}
