{
  "topCrop": {
    "x": 0,
    "y": 24,
    "width": 175,
    "height": 175,
    "score": {
      "detail": 12.010998725323923,
      "saturation": -0.41172027906844033,
      "skin": 17.39056867302082,
      "boost": 0,
      "total": 0.001096545543601036
    }
  }
}
