{
  "topCrop": {
    "x": 0,
    "y": 0,
    "width": 219,
    "height": 219,
    "score": {
      "detail": 3.752975275420354,
      "saturation": 1.1494987464965196,
      "skin": 19.193955280861893,
      "boost": 0,
      "total": 0.0011639041366394917
    }
  }
}
