{
  "topCrop": {
    "x": 0,
    "y": 16,
    "width": 175,
    "height": 175,
    "score": {
      "detail": 4.512535264582696,
      "saturation": -0.1284399523528278,
      "skin": 15.473908102045561,
      "boost": 0,
      "total": 0.0009376982743148637
    }
  }
}
