{
  "topCrop": {
    "x": 0,
    "y": 16,
    "width": 175,
    "height": 175,
    "score": {
      "detail": 23.830439470398552,
      "saturation": -1.4059367466586121,
      "skin": 7.245948710778984,
      "boost": 264.5424391214975,
      "total": 0.8643797853616076
    }
  }
}
