{
  "topCrop": {
    "x": 0,
    "y": 8,
    "width": 175,
    "height": 175,
    "score": {
      "detail": 11.697969271917815,
      "saturation": -2.382388871134056,
      "skin": 23.351291629592637,
      "boost": 0,
      "total": 0.0014255412939203297
    }
  }
}
