{
  "topCrop": {
    "x": 0,
    "y": 0,
    "width": 178,
    "height": 178,
    "score": {
      "detail": 8.222780468243064,
      "saturation": 4.640291984613517,
      "skin": 12.067612517846815,
      "boost": 95.59132327935147,
      "total": 0.31655075552108286
    }
  }
}
