{
  "topCrop": {
    "x": 0,
    "y": 0,
    "width": 175,
    "height": 175,
    "score": {
      "detail": 13.846390173817158,
      "saturation": -36.506462375218874,
      "skin": 27.439815957428216,
      "boost": 164.38422861146014,
      "total": 0.5381104283817659
    }
  }
}
