{
  "topCrop": {
    "x": 0,
    "y": 32,
    "width": 175,
    "height": 175,
    "score": {
      "detail": -1.9109513704243377,
      "saturation": -14.364442924264269,
      "skin": 12.242836806308196,
      "boost": 0,
      "total": 0.0005663863869384688
    }
  }
}
