{
  "topCrop": {
    "x": 0,
    "y": 0,
    "width": 219,
    "height": 219,
    "score": {
      "detail": 27.39109800501314,
      "saturation": -17.829109801624274,
      "skin": 10.649928494891677,
      "boost": 0,
      "total": 0.0006301831167778079
    }
  }
}
