{
  "topCrop": {
    "x": 0,
    "y": 20,
    "width": 219,
    "height": 219,
    "score": {
      "detail": 11.58996125366673,
      "saturation": -8.31811873553819,
      "skin": 25.64006863542775,
      "boost": 0,
      "total": 0.0015012140464927945
    }
  }
}
