{
  "topCrop": {
    "x": 0,
    "y": 0,
    "width": 175,
    "height": 175,
    "score": {
      "detail": -7.318663130274954,
      "saturation": -0.12633911465302422,
      "skin": 15.387641003652979,
      "boost": 291.51195935659536,
      "total": 0.9527311691463073
    }
  }
}
