{
  "topCrop": {
    "x": 0,
    "y": 32,
    "width": 175,
    "height": 175,
    "score": {
      "detail": -1.8497551509488805,
      "saturation": -14.36676402377894,
      "skin": 12.242359060760887,
      "boost": 0,
      "total": 0.0005667352186790576
    }
  }
}
