{
  "topCrop": {
    "x": 0,
    "y": 16,
    "width": 178,
    "height": 178,
    "score": {
      "detail": 17.012501035684146,
      "saturation": -0.09041803113833778,
      "skin": 9.510904345914295,
      "boost": 0,
      "total": 0.0006769389159876159
    }
  }
}
