{
  "topCrop": {
    "x": 0,
    "y": 0,
    "width": 175,
    "height": 175,
    "score": {
      "detail": 44.05106536994856,
      "saturation": 11.675513817546602,
      "skin": 16.89786513315949,
      "boost": 101.9935155236855,
      "total": 0.33443528414130586
    }
  }
}
