{
  "topCrop": {
    "x": 0,
    "y": 8,
    "width": 175,
    "height": 175,
    "score": {
      "detail": -8.294519308208402,
      "saturation": -1.1699842500836544,
      "skin": 15.358019571275454,
      "boost": 171.0360021700327,
      "total": 0.559321951121466
    }
  }
}
