{
  "topCrop": {
    "x": 0,
    "y": 0,
    "width": 219,
    "height": 219,
    "score": {
      "detail": 25.535696157648324,
      "saturation": -8.362454149772441,
      "skin": 18.856491668289998,
      "boost": 133.85604438081816,
      "total": 0.43827410697375796
    }
  }
}
