{
  "topCrop": {
    "x": 0,
    "y": 16,
    "width": 150,
    "height": 150,
    "score": {
      "detail": -1.4721075015181784,
      "saturation": 0.2433727236775595,
      "skin": 12.98916458196707,
      "boost": 0,
      "total": 0.0010292927361929048
    }
  }
}
