{
  "topCrop": {
    "x": 0,
    "y": 24,
    "width": 175,
    "height": 175,
    "score": {
      "detail": 11.963220924977998,
      "saturation": -0.41158278710572704,
      "skin": 17.43002515390278,
      "boost": 0,
      "total": 0.0010985539469678001
    }
  }
}
