{
  "topCrop": {
    "x": 0,
    "y": 0,
    "width": 175,
    "height": 175,
    "score": {
      "detail": 3.994801471863985,
      "saturation": 0.5365447111985704,
      "skin": 16.48374839937831,
      "boost": 0,
      "total": 0.0010001851698485985
    }
  }
}
