{
  "topCrop": {
    "x": 0,
    "y": 0,
    "width": 219,
    "height": 219,
    "score": {
      "detail": -2.5483124826969905,
      "saturation": -1.0611226580049966,
      "skin": 26.694312511580492,
      "boost": 0,
      "total": 0.0015419351257764567
    }
  }
}
