{
  "topCrop": {
    "x": 0,
    "y": 0,
    "width": 175,
    "height": 175,
    "score": {
      "detail": -8.15449658908756,
      "saturation": -5.872538093259696,
      "skin": 4.937595569990574,
      "boost": 113.05516476590539,
      "total": 0.36933915062435024
    }
  }
}
