{
  "topCrop": {
    "x": 0,
    "y": 15,
    "width": 333,
    "height": 333,
    "score": {
      "detail": 11.436135335192883,
      "saturation": -9.733467879166335,
      "skin": 12.662453800319346,
      "boost": 99.34558879989797,
      "total": 0.3251173382378338
    }
  }
}
