{
  "topCrop": {
    "x": 0,
    "y": 0,
    "width": 175,
    "height": 175,
    "score": {
      "detail": 6.537955832503731,
      "saturation": -0.49559480737979006,
      "skin": 12.504352566802362,
      "boost": 0,
      "total": 0.000772791750025504
    }
  }
}
