{
  "topCrop": {
    "x": 0,
    "y": 0,
    "width": 175,
    "height": 175,
    "score": {
      "detail": -5.387115488184045,
      "saturation": -10.260067994436177,
      "skin": 23.768869831541295,
      "boost": 210.2329733462662,
      "total": 0.6877363545086507
    }
  }
}
