{
  "topCrop": {
    "x": 0,
    "y": 0,
    "width": 175,
    "height": 175,
    "score": {
      "detail": -33.26673582668004,
      "saturation": -13.818497378839496,
      "skin": 15.493165262725466,
      "boost": 132.3994497048453,
      "total": 0.43288273539847993
    }
  }
}
