{
  "topCrop": {
    "x": 0,
    "y": 0,
    "width": 219,
    "height": 219,
    "score": {
      "detail": 8.068247406676731,
      "saturation": -9.738871668810582,
      "skin": 25.370574772185396,
      "boost": 0,
      "total": 0.0014484578798571717
    }
  }
}
