{
  "topCrop": {
    "x": 0,
    "y": 8,
    "width": 175,
    "height": 175,
    "score": {
      "detail": 20.796735851894827,
      "saturation": 1.678453413732161,
      "skin": 30.015178681383816,
      "boost": 0,
      "total": 0.0019164148512976157
    }
  }
}
