{
  "topCrop": {
    "x": 0,
    "y": 0,
    "width": 219,
    "height": 219,
    "score": {
      "detail": 27.409670715404793,
      "saturation": -17.87486288582245,
      "skin": 10.676712776121375,
      "boost": 0,
      "total": 0.000631430474264578
    }
  }
}
