{
  "topCrop": {
    "x": 0,
    "y": 0,
    "width": 175,
    "height": 175,
    "score": {
      "detail": 24.57732085088388,
      "saturation": -3.828899305766028,
      "skin": 26.503168429204546,
      "boost": 167.69935741810102,
      "total": 0.5492704731219956
    }
  }
}
