{
  "topCrop": {
    "x": 0,
    "y": 88,
    "width": 175,
    "height": 175,
    "score": {
      "detail": 101.63666874662252,
      "saturation": -17.184307527308924,
      "skin": 31.643817691733855,
      "boost": 0,
      "total": 0.0023552951293470295
    }
  }
}
