{
  "topCrop": {
    "x": 0,
    "y": 8,
    "width": 175,
    "height": 175,
    "score": {
      "detail": 7.1850744372346185,
      "saturation": 1.58334927882015,
      "skin": 19.56230945088256,
      "boost": 0,
      "total": 0.0012122180141283779
    }
  }
}
