{
  "topCrop": {
    "x": 0,
    "y": 8,
    "width": 175,
    "height": 175,
    "score": {
      "detail": -2.3820164162787196,
      "saturation": -15.01094640049864,
      "skin": 18.486802423200096,
      "boost": 156.09960087124557,
      "total": 0.5106369516500543
    }
  }
}
