{
  "topCrop": {
    "x": 0,
    "y": 10,
    "width": 219,
    "height": 219,
    "score": {
      "detail": 17.77301336547003,
      "saturation": 17.49384157129478,
      "skin": 9.58782454079597,
      "boost": 0,
      "total": 0.0008509661818094754
    }
  }
}
