{
  "topCrop": {
    "x": 0,
    "y": 0,
    "width": 219,
    "height": 219,
    "score": {
      "detail": 34.56674469477665,
      "saturation": 12.442259975912544,
      "skin": 23.19053330487492,
      "boost": 0,
      "total": 0.0017106607960980882
    }
  }
}
