{
  "topCrop": {
    "x": 0,
    "y": 8,
    "width": 150,
    "height": 150,
    "score": {
      "detail": 8.867854263544995,
      "saturation": 5.470255177446728,
      "skin": 12.938843375022866,
      "boost": 0,
      "total": 0.0011868695769326303
    }
  }
}
