{
  "topCrop": {
    "x": 0,
    "y": 0,
    "width": 175,
    "height": 175,
    "score": {
      "detail": 23.90136084799001,
      "saturation": 8.8150666477834,
      "skin": 15.165390284190641,
      "boost": 0,
      "total": 0.0011337957445053445
    }
  }
}
