{
  "topCrop": {
    "x": 0,
    "y": 0,
    "width": 219,
    "height": 219,
    "score": {
      "detail": 1.3200209750454786,
      "saturation": -1.702822089014597,
      "skin": 19.75576010825821,
      "boost": 0,
      "total": 0.0011530947187973711
    }
  }
}
