{
  "topCrop": {
    "x": 0,
    "y": 8,
    "width": 175,
    "height": 175,
    "score": {
      "detail": -12.158731826472616,
      "saturation": -13.049327035075024,
      "skin": 11.599806883521218,
      "boost": 99.55165417570817,
      "total": 0.3255411763423784
    }
  }
}
