{
  "topCrop": {
    "x": 0,
    "y": 8,
    "width": 175,
    "height": 175,
    "score": {
      "detail": 12.238803891980988,
      "saturation": 5.506013298126213,
      "skin": 12.811061378232322,
      "boost": 0,
      "total": 0.0008868400081192569
    }
  }
}
