{
  "topCrop": {
    "x": 0,
    "y": 0,
    "width": 178,
    "height": 178,
    "score": {
      "detail": 7.544902297728527,
      "saturation": 18.56090672891718,
      "skin": 5.843957121690928,
      "boost": 34.7513388373457,
      "total": 0.11536300234614329
    }
  }
}
