{
  "topCrop": {
    "x": 0,
    "y": 8,
    "width": 175,
    "height": 175,
    "score": {
      "detail": -11.877433293210144,
      "saturation": -1.009751661843396,
      "skin": 12.522609696591308,
      "boost": 0,
      "total": 0.0006485644178504264
    }
  }
}
