{
  "topCrop": {
    "x": 0,
    "y": 8,
    "width": 150,
    "height": 150,
    "score": {
      "detail": 8.91213685514036,
      "saturation": 5.471939747289049,
      "skin": 12.940380214339168,
      "boost": 0,
      "total": 0.0011874086080455684
    }
  }
}
