{
  "topCrop": {
    "x": 0,
    "y": 16,
    "width": 175,
    "height": 175,
    "score": {
      "detail": 15.472855654123961,
      "saturation": -21.858132665026307,
      "skin": 12.225040066801688,
      "boost": 0,
      "total": 0.0006054597045407326
    }
  }
}
