{
  "topCrop": {
    "x": 0,
    "y": 0,
    "width": 175,
    "height": 175,
    "score": {
      "detail": 4.580699541962511,
      "saturation": 1.7121814908371529,
      "skin": 31.81890568946801,
      "boost": 0,
      "total": 0.0019168595786673002
    }
  }
}
