{
  "topCrop": {
    "x": 0,
    "y": 0,
    "width": 178,
    "height": 178,
    "score": {
      "detail": 7.584368202774183,
      "saturation": 18.571628956397028,
      "skin": 5.850485872180566,
      "boost": 0,
      "total": 0.0005819539205112618
    }
  }
}
