{
  "topCrop": {
    "x": 0,
    "y": 8,
    "width": 175,
    "height": 175,
    "score": {
      "detail": -0.1606828166713463,
      "saturation": -0.8555238988330758,
      "skin": 12.372960274996109,
      "boost": 0,
      "total": 0.0007177970534533487
    }
  }
}
