{
  "topCrop": {
    "x": 0,
    "y": 8,
    "width": 175,
    "height": 175,
    "score": {
      "detail": -0.1097544044435328,
      "saturation": -0.8546991188632486,
      "skin": 12.402727942696968,
      "boost": 0,
      "total": 0.000719887336499816
    }
  }
}
