{
  "topCrop": {
    "x": 0,
    "y": 8,
    "width": 175,
    "height": 175,
    "score": {
      "detail": 16.360521747109367,
      "saturation": 5.420107655630252,
      "skin": 14.622833558229562,
      "boost": 132.29352546445708,
      "total": 0.43299826231825733
    }
  }
}
