{
  "topCrop": {
    "x": 0,
    "y": 8,
    "width": 175,
    "height": 175,
    "score": {
      "detail": 10.93494777767032,
      "saturation": -2.8329191032961805,
      "skin": 15.729524607447482,
      "boost": 0,
      "total": 0.0009681716936473692
    }
  }
}
