{
  "topCrop": {
    "x": 0,
    "y": 0,
    "width": 175,
    "height": 175,
    "score": {
      "detail": 3.993943773912184,
      "saturation": 0.5378272824660867,
      "skin": 16.465215517341587,
      "boost": 183.6359106485846,
      "total": 0.6006265661952391
    }
  }
}
