{
  "topCrop": {
    "x": 0,
    "y": 0,
    "width": 219,
    "height": 219,
    "score": {
      "detail": 29.872634212404062,
      "saturation": -18.23718473335482,
      "skin": 18.632202710437586,
      "boost": 0,
      "total": 0.0011115538384085558
    }
  }
}
