{
  "topCrop": {
    "x": 0,
    "y": 0,
    "width": 219,
    "height": 219,
    "score": {
      "detail": 29.739676877123802,
      "saturation": -18.302020775251968,
      "skin": 18.70297162612626,
      "boost": 0,
      "total": 0.0011142098961592307
    }
  }
}
