{
  "topCrop": {
    "x": 0,
    "y": 8,
    "width": 175,
    "height": 175,
    "score": {
      "detail": 18.539769161913778,
      "saturation": 7.075434589471567,
      "skin": 16.624594312563165,
      "boost": 0,
      "total": 0.0011675054358151159
    }
  }
}
