{
  "topCrop": {
    "x": 0,
    "y": 16,
    "width": 175,
    "height": 175,
    "score": {
      "detail": 2.9108308961992653,
      "saturation": -6.861533545126492,
      "skin": 8.110345415165753,
      "boost": 0,
      "total": 0.0004284841751183759
    }
  }
}
