{
  "topCrop": {
    "x": 0,
    "y": 32,
    "width": 175,
    "height": 175,
    "score": {
      "detail": 3.966260098413848,
      "saturation": -11.398067233227733,
      "skin": 27.17506835575582,
      "boost": 252.89129528069364,
      "total": 0.8272789708721449
    }
  }
}
