{
  "topCrop": {
    "x": 0,
    "y": 8,
    "width": 175,
    "height": 175,
    "score": {
      "detail": 19.802807755316866,
      "saturation": -7.985508159261611,
      "skin": 15.92805549893658,
      "boost": 0,
      "total": 0.0009872786612692484
    }
  }
}
