{
  "topCrop": {
    "x": 0,
    "y": 0,
    "width": 175,
    "height": 175,
    "score": {
      "detail": -1.2486489712488635,
      "saturation": -29.161724584528955,
      "skin": 18.811221038365243,
      "boost": 98.91766817849276,
      "total": 0.3238082863199584
    }
  }
}
