{
  "topCrop": {
    "x": 0,
    "y": 0,
    "width": 175,
    "height": 175,
    "score": {
      "detail": -1.5898846474180006,
      "saturation": -24.703379420773253,
      "skin": 9.158021095969916,
      "boost": 162.33298728753059,
      "total": 0.5303527894194314
    }
  }
}
