{
  "topCrop": {
    "x": 0,
    "y": 0,
    "width": 175,
    "height": 175,
    "score": {
      "detail": -8.05438264469897,
      "saturation": -25.95559000455893,
      "skin": 27.704041121258633,
      "boost": 109.0339275060387,
      "total": 0.3573506113009576
    }
  }
}
