{
  "topCrop": {
    "x": 0,
    "y": 8,
    "width": 175,
    "height": 175,
    "score": {
      "detail": -4.4741142888598775,
      "saturation": 20.395570136206153,
      "skin": 16.789740985906295,
      "boost": 0,
      "total": 0.0011574002271908964
    }
  }
}
