{
  "topCrop": {
    "x": 0,
    "y": 8,
    "width": 175,
    "height": 175,
    "score": {
      "detail": -0.35416098327797735,
      "saturation": -2.643571231228383,
      "skin": 7.948074475731509,
      "boost": 87.59914653084229,
      "total": 0.28647697252488236
    }
  }
}
