{
  "topCrop": {
    "x": 0,
    "y": 0,
    "width": 219,
    "height": 219,
    "score": {
      "detail": 34.551839355391245,
      "saturation": 12.413007684288566,
      "skin": 23.129765372386405,
      "boost": 0,
      "total": 0.0017067052358093176
    }
  }
}
