{
  "topCrop": {
    "x": 0,
    "y": 0,
    "width": 175,
    "height": 175,
    "score": {
      "detail": 23.932231037129714,
      "saturation": 8.814289498292952,
      "skin": 15.194242016949046,
      "boost": 0,
      "total": 0.001135685508160722
    }
  }
}
