{
  "topCrop": {
    "x": 0,
    "y": 8,
    "width": 175,
    "height": 175,
    "score": {
      "detail": 19.806875436345994,
      "saturation": -8.010862032125175,
      "skin": 15.954852062485742,
      "boost": 0,
      "total": 0.0009886318429422362
    }
  }
}
