{
  "topCrop": {
    "x": 0,
    "y": 8,
    "width": 178,
    "height": 178,
    "score": {
      "detail": -6.159096341219149,
      "saturation": 3.2342583799862927,
      "skin": -7.429149477728994,
      "boost": 0,
      "total": -0.00045032404591624167
    }
  }
}
