{
  "topCrop": {
    "x": 0,
    "y": 0,
    "width": 219,
    "height": 219,
    "score": {
      "detail": 8.191279745231999,
      "saturation": -9.969912304792691,
      "skin": 25.38832882230848,
      "boost": 0,
      "total": 0.0014480416044984118
    }
  }
}
