{
  "topCrop": {
    "x": 0,
    "y": 8,
    "width": 175,
    "height": 175,
    "score": {
      "detail": 10.88423025244277,
      "saturation": -2.8441029374416757,
      "skin": 15.734661670518836,
      "boost": 0,
      "total": 0.0009680328547327332
    }
  }
}
