{
  "topCrop": {
    "x": 0,
    "y": 56,
    "width": 175,
    "height": 175,
    "score": {
      "detail": 19.566283675668963,
      "saturation": 0.4811938969364729,
      "skin": 8.531916618940128,
      "boost": 0,
      "total": 0.0006339613001896152
    }
  }
}
