{
  "topCrop": {
    "x": 0,
    "y": 0,
    "width": 219,
    "height": 219,
    "score": {
      "detail": 1.1534145545291796,
      "saturation": -1.833549287686157,
      "skin": 19.70917383643882,
      "boost": 0,
      "total": 0.0011479879520061994
    }
  }
}
