{
  "topCrop": {
    "x": 0,
    "y": 8,
    "width": 175,
    "height": 175,
    "score": {
      "detail": -1.305210120387112,
      "saturation": -1.7134976320464064,
      "skin": 15.243113322482905,
      "boost": 0,
      "total": 0.000870612658507033
    }
  }
}
