{
  "topCrop": {
    "x": 0,
    "y": 0,
    "width": 178,
    "height": 178,
    "score": {
      "detail": 3.375294552889769,
      "saturation": -10.158020789320215,
      "skin": 10.539197712442286,
      "boost": 0,
      "total": 0.0005482299034277317
    }
  }
}
