{
  "topCrop": {
    "x": 0,
    "y": 8,
    "width": 175,
    "height": 175,
    "score": {
      "detail": 5.0263222438968524,
      "saturation": -6.064318232848148,
      "skin": 21.828985544562897,
      "boost": 0,
      "total": 0.0012564291578494086
    }
  }
}
