{
  "topCrop": {
    "x": 0,
    "y": 0,
    "width": 178,
    "height": 178,
    "score": {
      "detail": -1.45602592676101,
      "saturation": -0.673457565328822,
      "skin": 11.889764888309674,
      "boost": 201.7234281044035,
      "total": 0.6669722270043716
    }
  }
}
