{
  "topCrop": {
    "x": 0,
    "y": 32,
    "width": 175,
    "height": 175,
    "score": {
      "detail": 4.725718414522418,
      "saturation": -2.337700321363602,
      "skin": 12.389676568564205,
      "boost": 0,
      "total": 0.0007361714746093378
    }
  }
}
