{
  "topCrop": {
    "x": 0,
    "y": 8,
    "width": 175,
    "height": 175,
    "score": {
      "detail": 4.316328262332302,
      "saturation": 0.7947589628925376,
      "skin": 15.485445200573405,
      "boost": 0,
      "total": 0.0009461386025262482
    }
  }
}
