{
  "topCrop": {
    "x": 0,
    "y": 24,
    "width": 175,
    "height": 175,
    "score": {
      "detail": -7.709188426210659,
      "saturation": 0.42950626251599494,
      "skin": 7.280091254707648,
      "boost": 0,
      "total": 0.0003817527657791488
    }
  }
}
