{
  "topCrop": {
    "x": 0,
    "y": 0,
    "width": 178,
    "height": 178,
    "score": {
      "detail": 5.0406066246438,
      "saturation": -7.261268703274245,
      "skin": 14.730433903460215,
      "boost": 143.3564784165134,
      "total": 0.474335855575093
    }
  }
}
