{
  "topCrop": {
    "x": 0,
    "y": 16,
    "width": 175,
    "height": 175,
    "score": {
      "detail": 16.003808738640764,
      "saturation": -7.174849949045764,
      "skin": 19.79561215512047,
      "boost": 202.09756974075395,
      "total": 0.6611081594356777
    }
  }
}
