{
  "topCrop": {
    "x": 0,
    "y": 8,
    "width": 178,
    "height": 178,
    "score": {
      "detail": 14.043506233474758,
      "saturation": -6.260719658324916,
      "skin": 14.306838570354747,
      "boost": 0,
      "total": 0.0008813183635829047
    }
  }
}
