{
  "topCrop": {
    "x": 0,
    "y": 16,
    "width": 175,
    "height": 175,
    "score": {
      "detail": 16.433011092347314,
      "saturation": 1.7574863438611794,
      "skin": 26.522522801811938,
      "boost": 0,
      "total": 0.0016834086257923038
    }
  }
}
