{
  "topCrop": {
    "x": 0,
    "y": 0,
    "width": 219,
    "height": 219,
    "score": {
      "detail": 28.47325529930485,
      "saturation": 48.52170802243171,
      "skin": 18.496779404318023,
      "boost": 245.3682185282762,
      "total": 0.8029507663419423
    }
  }
}
