{
  "topCrop": {
    "x": 0,
    "y": 32,
    "width": 175,
    "height": 175,
    "score": {
      "detail": 25.814651823312182,
      "saturation": 22.507219785028607,
      "skin": 20.856199992922605,
      "boost": 0,
      "total": 0.001614898164487566
    }
  }
}
