{
  "topCrop": {
    "x": 0,
    "y": 0,
    "width": 175,
    "height": 175,
    "score": {
      "detail": -31.608149496910873,
      "saturation": -4.346593134815641,
      "skin": 5.140833081060199,
      "boost": 95.3112834027984,
      "total": 0.3112736728811729
    }
  }
}
