{
  "topCrop": {
    "x": 0,
    "y": 0,
    "width": 175,
    "height": 175,
    "score": {
      "detail": 21.50622634456224,
      "saturation": 4.5700800856267785,
      "skin": 34.968169229206055,
      "boost": 0,
      "total": 0.0022404889439076366
    }
  }
}
