{
  "topCrop": {
    "x": 0,
    "y": 15,
    "width": 333,
    "height": 333,
    "score": {
      "detail": 26.104561570855797,
      "saturation": 1.6607669492532056,
      "skin": 21.933411889675444,
      "boost": 300.8589447499979,
      "total": 0.9952138247721017
    }
  }
}
