{
  "topCrop": {
    "x": 0,
    "y": 8,
    "width": 175,
    "height": 175,
    "score": {
      "detail": 12.808299696283028,
      "saturation": -13.336247804060987,
      "skin": 18.434417179463637,
      "boost": 0,
      "total": 0.0010364975190554403
    }
  }
}
