{
  "topCrop": {
    "x": 0,
    "y": 8,
    "width": 175,
    "height": 175,
    "score": {
      "detail": 4.370761807926389,
      "saturation": 0.8002112231441648,
      "skin": 15.49147418324556,
      "boost": 0,
      "total": 0.0009469018533345481
    }
  }
}
