{
  "topCrop": {
    "x": 0,
    "y": 8,
    "width": 175,
    "height": 175,
    "score": {
      "detail": 4.766210396570819,
      "saturation": -7.321136032541985,
      "skin": 6.85202304715289,
      "boost": 147.6321395931066,
      "total": 0.48242626945518646
    }
  }
}
