{
  "topCrop": {
    "x": 0,
    "y": 0,
    "width": 175,
    "height": 175,
    "score": {
      "detail": -7.050573802644964,
      "saturation": 0.9005256708979381,
      "skin": 14.917422748979574,
      "boost": 224.05387322714475,
      "total": 0.7324440400523553
    }
  }
}
