{
  "topCrop": {
    "x": 0,
    "y": 0,
    "width": 219,
    "height": 219,
    "score": {
      "detail": 23.139946697229615,
      "saturation": -17.220864864748346,
      "skin": 21.219132821224193,
      "boost": 141.61375871053778,
      "total": 0.4636418625310042
    }
  }
}
