{
  "topCrop": {
    "x": 24,
    "y": 0,
    "width": 165,
    "height": 165,
    "score": {
      "detail": 2.340910030624049,
      "saturation": 9.920024274875296,
      "skin": 22.58976805517355,
      "boost": 0,
      "total": 0.0016200467139724443
    }
  }
}
