{
  "topCrop": {
    "x": 0,
    "y": 32,
    "width": 175,
    "height": 175,
    "score": {
      "detail": 25.842519372011076,
      "saturation": 22.547329169967014,
      "skin": 20.856286681591676,
      "boost": 0,
      "total": 0.0016154781600737091
    }
  }
}
