{
  "topCrop": {
    "x": 0,
    "y": 0,
    "width": 175,
    "height": 175,
    "score": {
      "detail": -10.210386390182633,
      "saturation": -11.31410800562379,
      "skin": 12.499471952995624,
      "boost": 196.00860459567497,
      "total": 0.6405852473274503
    }
  }
}
