{
  "topCrop": {
    "x": 0,
    "y": 0,
    "width": 178,
    "height": 178,
    "score": {
      "detail": 3.4214269089074305,
      "saturation": -10.125160200425864,
      "skin": 10.556576740601862,
      "boost": 0,
      "total": 0.0005498934950038671
    }
  }
}
