{
  "topCrop": {
    "x": 0,
    "y": 56,
    "width": 175,
    "height": 175,
    "score": {
      "detail": 7.449157137523914,
      "saturation": -6.280697711627916,
      "skin": 9.107856423713923,
      "boost": 0,
      "total": 0.000522441262912701
    }
  }
}
