{
  "topCrop": {
    "x": 0,
    "y": 24,
    "width": 175,
    "height": 175,
    "score": {
      "detail": -7.720932442219421,
      "saturation": 0.41087646394155375,
      "skin": 7.282399922155561,
      "boost": 0,
      "total": 0.00038162926728550496
    }
  }
}
