{
  "topCrop": {
    "x": 0,
    "y": 8,
    "width": 178,
    "height": 178,
    "score": {
      "detail": 14.039052649636556,
      "saturation": -6.259035750761249,
      "skin": 14.29754123612923,
      "boost": 0,
      "total": 0.0008807528745452355
    }
  }
}
