{
  "topCrop": {
    "x": 0,
    "y": 16,
    "width": 175,
    "height": 175,
    "score": {
      "detail": 0.19949451041910177,
      "saturation": -8.810455597116286,
      "skin": 12.841738216719092,
      "boost": 0,
      "total": 0.0006697760330789649
    }
  }
}
