{
  "topCrop": {
    "x": 0,
    "y": 24,
    "width": 175,
    "height": 175,
    "score": {
      "detail": 2.948451316773357,
      "saturation": -8.36207157706965,
      "skin": 12.487965049694866,
      "boost": 0,
      "total": 0.0006713275389284746
    }
  }
}
