{
  "topCrop": {
    "x": 0,
    "y": 24,
    "width": 175,
    "height": 175,
    "score": {
      "detail": 11.622987448110818,
      "saturation": -20.6253099294122,
      "skin": 27.971103742313876,
      "boost": 0,
      "total": 0.001517877265206971
    }
  }
}
