{
  "topCrop": {
    "x": 0,
    "y": 24,
    "width": 178,
    "height": 178,
    "score": {
      "detail": 29.71783523316901,
      "saturation": 6.656734688128906,
      "skin": 11.531220488131545,
      "boost": 0,
      "total": 0.0009478393556516467
    }
  }
}
