{
  "topCrop": {
    "x": 0,
    "y": 8,
    "width": 175,
    "height": 175,
    "score": {
      "detail": 14.395697158622589,
      "saturation": -26.177502331744616,
      "skin": 25.690590362222547,
      "boost": 110.11800241648392,
      "total": 0.3609165450786153
    }
  }
}
