{
  "topCrop": {
    "x": 0,
    "y": 8,
    "width": 175,
    "height": 175,
    "score": {
      "detail": 12.143392250722906,
      "saturation": -9.860898019733261,
      "skin": 16.60641304089225,
      "boost": 0,
      "total": 0.0009587576332352865
    }
  }
}
