{
  "topCrop": {
    "x": 0,
    "y": 20,
    "width": 439,
    "height": 439,
    "score": {
      "detail": 22.674873792092107,
      "saturation": -11.462697445204702,
      "skin": 15.31458423476123,
      "boost": 0,
      "total": 0.0009359156619568073
    }
  }
}
