{
  "topCrop": {
    "x": 0,
    "y": 8,
    "width": 175,
    "height": 175,
    "score": {
      "detail": 12.829418369159463,
      "saturation": -13.303564369462642,
      "skin": 18.42865034350036,
      "boost": 0,
      "total": 0.0010366166524504081
    }
  }
}
