{
  "topCrop": {
    "x": 0,
    "y": 0,
    "width": 178,
    "height": 178,
    "score": {
      "detail": 14.501412453017325,
      "saturation": 3.8764617906163106,
      "skin": 12.141342872259463,
      "boost": 131.56873653222138,
      "total": 0.43542050770973684
    }
  }
}
