{
  "topCrop": {
    "x": 0,
    "y": 16,
    "width": 175,
    "height": 175,
    "score": {
      "detail": 16.384668994863116,
      "saturation": 1.757641156687398,
      "skin": 26.537874354110464,
      "boost": 0,
      "total": 0.0016839967341511076
    }
  }
}
