{
  "topCrop": {
    "x": 0,
    "y": 10,
    "width": 219,
    "height": 219,
    "score": {
      "detail": 15.172284968399381,
      "saturation": -7.479699902503242,
      "skin": 22.003093941702847,
      "boost": 0,
      "total": 0.0013190568528324582
    }
  }
}
