{
  "topCrop": {
    "x": 0,
    "y": 0,
    "width": 178,
    "height": 178,
    "score": {
      "detail": -1.45602592676101,
      "saturation": -0.673457565328822,
      "skin": 11.889764888309674,
      "boost": 0,
      "total": 0.0006905910405603966
    }
  }
}
