{
  "topCrop": {
    "x": 0,
    "y": 15,
    "width": 333,
    "height": 333,
    "score": {
      "detail": -3.4624462092061594,
      "saturation": -9.851377084864314,
      "skin": 13.758482408777013,
      "boost": 106.11513016230944,
      "total": 0.3471879308473287
    }
  }
}
