{
  "topCrop": {
    "x": 0,
    "y": 8,
    "width": 175,
    "height": 175,
    "score": {
      "detail": 14.87775769908245,
      "saturation": -21.635681677362186,
      "skin": 16.709929398282547,
      "boost": 0,
      "total": 0.0008673541209311484
    }
  }
}
