{
  "topCrop": {
    "x": 0,
    "y": 16,
    "width": 175,
    "height": 175,
    "score": {
      "detail": 33.43796155942718,
      "saturation": -7.1424205155444085,
      "skin": 15.72085872112098,
      "boost": 0,
      "total": 0.0010724052850690574
    }
  }
}
