{
  "topCrop": {
    "x": 0,
    "y": 0,
    "width": 178,
    "height": 178,
    "score": {
      "detail": -1.4873521852602762,
      "saturation": -0.6748967685333318,
      "skin": 11.877540531828497,
      "boost": 0,
      "total": 0.0006896430667749782
    }
  }
}
