{
  "topCrop": {
    "x": 0,
    "y": 0,
    "width": 175,
    "height": 175,
    "score": {
      "detail": -3.750114878313601,
      "saturation": -4.984447427202493,
      "skin": 10.28242855807073,
      "boost": 0,
      "total": 0.0005310371983903298
    }
  }
}
