{
  "topCrop": {
    "x": 0,
    "y": 32,
    "width": 175,
    "height": 175,
    "score": {
      "detail": 4.6691898925156154,
      "saturation": -2.387138156294308,
      "skin": 12.393992201737168,
      "boost": 0,
      "total": 0.0007355716732976893
    }
  }
}
