{
  "topCrop": {
    "x": 0,
    "y": 30,
    "width": 219,
    "height": 219,
    "score": {
      "detail": 10.152616796696181,
      "saturation": 2.670802893634373,
      "skin": 0.4756079891571107,
      "boost": 0,
      "total": 0.00012041987291142359
    }
  }
}
