{
  "topCrop": {
    "x": 0,
    "y": 0,
    "width": 175,
    "height": 175,
    "score": {
      "detail": -3.7627634197808226,
      "saturation": -4.987883944340868,
      "skin": 10.279566933224988,
      "boost": 0,
      "total": 0.0005307527383688671
    }
  }
}
