{
  "topCrop": {
    "x": 0,
    "y": 48,
    "width": 175,
    "height": 175,
    "score": {
      "detail": 21.77105666325895,
      "saturation": 1.744554265877403,
      "skin": 19.174670455794992,
      "boost": 0,
      "total": 0.0012862688794398694
    }
  }
}
