{
  "topCrop": {
    "x": 0,
    "y": 48,
    "width": 175,
    "height": 175,
    "score": {
      "detail": 21.748914582039614,
      "saturation": 1.75942114579994,
      "skin": 19.154179911910514,
      "boost": 0,
      "total": 0.0012850655706640598
    }
  }
}
