{
  "topCrop": {
    "x": 0,
    "y": 56,
    "width": 175,
    "height": 175,
    "score": {
      "detail": 7.3937980626816024,
      "saturation": -6.257784769128238,
      "skin": 9.053952045057333,
      "boost": 0,
      "total": 0.0005191359302171772
    }
  }
}
