{
  "topCrop": {
    "x": 0,
    "y": 0,
    "width": 400,
    "height": 400,
    "score": {
      "detail": 0.5358668001672615,
      "saturation": -4.693624390776445,
      "skin": 15.840706654742721,
      "boost": 181.4088666734698,
      "total": 0.593244049807945
    }
  }
}
