{
  "topCrop": {
    "x": 0,
    "y": 8,
    "width": 175,
    "height": 175,
    "score": {
      "detail": 9.636456073527476,
      "saturation": 29.23473842816504,
      "skin": 13.913119834800831,
      "boost": 288.92395468526155,
      "total": 0.9445922219419414
    }
  }
}
