{
  "topCrop": {
    "x": 0,
    "y": 0,
    "width": 175,
    "height": 175,
    "score": {
      "detail": 21.502706318586394,
      "saturation": 4.543780369985411,
      "skin": 34.96395032244778,
      "boost": 0,
      "total": 0.002239960357718168
    }
  }
}
