{
  "topCrop": {
    "x": 0,
    "y": 8,
    "width": 175,
    "height": 175,
    "score": {
      "detail": 12.07868016115135,
      "saturation": -9.879148355240153,
      "skin": 16.604330147287666,
      "boost": 0,
      "total": 0.0009580338217396253
    }
  }
}
