{
  "topCrop": {
    "x": 0,
    "y": 0,
    "width": 175,
    "height": 175,
    "score": {
      "detail": 21.44601342311755,
      "saturation": -9.151524238170829,
      "skin": 13.302462255200377,
      "boost": 104.53126315871138,
      "total": 0.34215884059897705
    }
  }
}
