{
  "topCrop": {
    "x": 0,
    "y": 0,
    "width": 175,
    "height": 175,
    "score": {
      "detail": 11.417278192730667,
      "saturation": -20.996660861988712,
      "skin": 19.49837039482059,
      "boost": 140.10167193875995,
      "total": 0.45848975405605297
    }
  }
}
