{
  "topCrop": {
    "x": 24,
    "y": 0,
    "width": 165,
    "height": 165,
    "score": {
      "detail": 2.3944351316549053,
      "saturation": 9.931329144736067,
      "skin": 22.61283685089104,
      "boost": 0,
      "total": 0.0016220897006925868
    }
  }
}
