{
  "topCrop": {
    "x": 0,
    "y": 8,
    "width": 175,
    "height": 175,
    "score": {
      "detail": 5.021189172493087,
      "saturation": -6.1005755671174295,
      "skin": 21.85039355052547,
      "boost": 0,
      "total": 0.0012572987283366282
    }
  }
}
