{
  "topCrop": {
    "x": 0,
    "y": 20,
    "width": 219,
    "height": 219,
    "score": {
      "detail": 26.64764248212573,
      "saturation": -12.01382182692375,
      "skin": 16.991970028851814,
      "boost": 173.64671517210914,
      "total": 0.5680647329048554
    }
  }
}
