{
  "topCrop": {
    "x": 0,
    "y": 0,
    "width": 175,
    "height": 175,
    "score": {
      "detail": -1.53580552543147,
      "saturation": -3.5052924580058873,
      "skin": 20.850101844836004,
      "boost": 101.5715565934638,
      "total": 0.3328433336759052
    }
  }
}
