{
  "topCrop": {
    "x": 0,
    "y": 0,
    "width": 175,
    "height": 175,
    "score": {
      "detail": 4.629910879194337,
      "saturation": -21.656039256225686,
      "skin": 16.973078970422353,
      "boost": 117.2778051178066,
      "total": 0.3837636318147393
    }
  }
}
