{
  "topCrop": {
    "x": 0,
    "y": 8,
    "width": 175,
    "height": 175,
    "score": {
      "detail": 14.917498897247327,
      "saturation": -21.613599641127838,
      "skin": 16.70517533875799,
      "boost": 0,
      "total": 0.0008675505468367509
    }
  }
}
