{
  "topCrop": {
    "x": 0,
    "y": 24,
    "width": 178,
    "height": 178,
    "score": {
      "detail": 29.73830553443875,
      "saturation": 6.6451065151145094,
      "skin": 11.579740007997525,
      "boost": 0,
      "total": 0.000950743991142081
    }
  }
}
