{
  "topCrop": {
    "x": 0,
    "y": 0,
    "width": 219,
    "height": 219,
    "score": {
      "detail": 25.737524520120587,
      "saturation": 6.639416244349513,
      "skin": 31.86286954310123,
      "boost": 0,
      "total": 0.0021058773862828143
    }
  }
}
