{
  "topCrop": {
    "x": 0,
    "y": 0,
    "width": 219,
    "height": 219,
    "score": {
      "detail": 25.6764228159542,
      "saturation": 6.6440608932885565,
      "skin": 31.80447209354573,
      "boost": 0,
      "total": 0.002102091513455011
    }
  }
}
