{
  "topCrop": {
    "x": 0,
    "y": 8,
    "width": 175,
    "height": 175,
    "score": {
      "detail": -15.208486702198723,
      "saturation": 2.12798423166878,
      "skin": 5.812918993910663,
      "boost": 158.37910801466012,
      "total": 0.5174194531782567
    }
  }
}
