{
  "topCrop": {
    "x": 32,
    "y": 0,
    "width": 147,
    "height": 147,
    "score": {
      "detail": 28.2756091893754,
      "saturation": 9.075690001648692,
      "skin": 10.505703072809485,
      "boost": 0,
      "total": 0.0012628115308171023
    }
  }
}
