{
  "topCrop": {
    "x": 0,
    "y": 0,
    "width": 175,
    "height": 175,
    "score": {
      "detail": 7.418848409344544,
      "saturation": 0.34396787794537403,
      "skin": 11.17640174169077,
      "boost": 116.03430507358583,
      "total": 0.3795962445890246
    }
  }
}
