{
  "topCrop": {
    "x": 0,
    "y": 0,
    "width": 178,
    "height": 178,
    "score": {
      "detail": -10.91373190966724,
      "saturation": -0.6848134202384655,
      "skin": 11.295433303380328,
      "boost": 157.20080045303098,
      "total": 0.5198184580143076
    }
  }
}
