{
  "topCrop": {
    "x": 0,
    "y": 8,
    "width": 175,
    "height": 175,
    "score": {
      "detail": 1.82243340035829,
      "saturation": -9.105756065963412,
      "skin": 21.71482487371383,
      "boost": 223.77677668498274,
      "total": 0.7318986812451017
    }
  }
}
