{
  "topCrop": {
    "x": 0,
    "y": 8,
    "width": 178,
    "height": 178,
    "score": {
      "detail": 6.21480038390011,
      "saturation": -0.07132728252484015,
      "skin": 9.472907786739672,
      "boost": 0,
      "total": 0.0006035406232049802
    }
  }
}
