{
  "topCrop": {
    "x": 0,
    "y": 8,
    "width": 178,
    "height": 178,
    "score": {
      "detail": 6.206113980592347,
      "saturation": -0.0744125591978765,
      "skin": 9.48807726422178,
      "boost": 0,
      "total": 0.0006043545416818044
    }
  }
}
