{
  "topCrop": {
    "x": 0,
    "y": 8,
    "width": 175,
    "height": 175,
    "score": {
      "detail": 9.658903009975663,
      "saturation": 0.13010490203611438,
      "skin": 12.187854245621907,
      "boost": 0,
      "total": 0.0007807003988481763
    }
  }
}
