{
  "topCrop": {
    "x": 32,
    "y": 0,
    "width": 147,
    "height": 147,
    "score": {
      "detail": 28.260029164030083,
      "saturation": 9.083621938541595,
      "skin": 10.490494537109166,
      "boost": 0,
      "total": 0.0012615106011923272
    }
  }
}
