{
  "topCrop": {
    "x": 0,
    "y": 8,
    "width": 175,
    "height": 175,
    "score": {
      "detail": 9.680202590688431,
      "saturation": 0.13562756767840048,
      "skin": 12.210171664843323,
      "boost": 0,
      "total": 0.0007822053154337694
    }
  }
}
