{
  "topCrop": {
    "x": 0,
    "y": 24,
    "width": 175,
    "height": 175,
    "score": {
      "detail": -13.249435104602686,
      "saturation": -0.8088844180715717,
      "skin": 10.965328452378463,
      "boost": 245.8502538568884,
      "total": 0.8033263812100173
    }
  }
}
