{
  "topCrop": {
    "x": 0,
    "y": 0,
    "width": 178,
    "height": 178,
    "score": {
      "detail": -14.585268115726857,
      "saturation": 2.320858944295289,
      "skin": 12.037231116342424,
      "boost": 0,
      "total": 0.0006349786145162312
    }
  }
}
