{
  "topCrop": {
    "x": 0,
    "y": 0,
    "width": 175,
    "height": 175,
    "score": {
      "detail": 20.133998376204826,
      "saturation": 0.729418313221597,
      "skin": 15.780147089699069,
      "boost": 98.93872464049804,
      "total": 0.32413134217079087
    }
  }
}
