{
  "topCrop": {
    "x": 0,
    "y": 8,
    "width": 175,
    "height": 175,
    "score": {
      "detail": 10.203490385867562,
      "saturation": 0.8039276533961524,
      "skin": 16.331700196740197,
      "boost": 0,
      "total": 0.0010344142604840722
    }
  }
}
