{
  "topCrop": {
    "x": 0,
    "y": 0,
    "width": 333,
    "height": 333,
    "score": {
      "detail": -6.282952031729847,
      "saturation": -11.497290640634487,
      "skin": 24.31566424354183,
      "boost": 115.23167184293781,
      "total": 0.377542191096608
    }
  }
}
