{
  "topCrop": {
    "x": 0,
    "y": 16,
    "width": 175,
    "height": 175,
    "score": {
      "detail": 13.439408727911516,
      "saturation": -6.739125669383964,
      "skin": 17.456047469414475,
      "boost": 0,
      "total": 0.001047739738439614
    }
  }
}
