{
  "topCrop": {
    "x": 0,
    "y": 0,
    "width": 175,
    "height": 175,
    "score": {
      "detail": -1.1710242873252412,
      "saturation": -6.218458443317594,
      "skin": 15.442212031515124,
      "boost": 211.32779319270338,
      "total": 0.6908889978297668
    }
  }
}
