{
  "topCrop": {
    "x": 0,
    "y": 16,
    "width": 175,
    "height": 175,
    "score": {
      "detail": 13.320157697046957,
      "saturation": -6.735372408215343,
      "skin": 17.42642338136656,
      "boost": 0,
      "total": 0.0010452565519479052
    }
  }
}
