{
  "topCrop": {
    "x": 0,
    "y": 8,
    "width": 175,
    "height": 175,
    "score": {
      "detail": -11.574097284376391,
      "saturation": -0.8715623971221791,
      "skin": 10.853604246007613,
      "boost": 0,
      "total": 0.0005538024315690374
    }
  }
}
