{
  "topCrop": {
    "x": 0,
    "y": 16,
    "width": 175,
    "height": 175,
    "score": {
      "detail": 2.7305391340128367,
      "saturation": 0.9030945463273115,
      "skin": 17.358361338081647,
      "boost": 0,
      "total": 0.0010469252767101298
    }
  }
}
