{
  "topCrop": {
    "x": 0,
    "y": 0,
    "width": 178,
    "height": 178,
    "score": {
      "detail": -14.585268115726857,
      "saturation": 2.320858944295289,
      "skin": 12.037231116342424,
      "boost": 96.67069374662687,
      "total": 0.31629438676676724
    }
  }
}
