{
  "topCrop": {
    "x": 0,
    "y": 8,
    "width": 175,
    "height": 175,
    "score": {
      "detail": 10.26951219198712,
      "saturation": 0.7890412734260885,
      "skin": 16.347786384297464,
      "boost": 0,
      "total": 0.001035645071417492
    }
  }
}
