{
  "topCrop": {
    "x": 0,
    "y": 0,
    "width": 175,
    "height": 175,
    "score": {
      "detail": 13.789528673133868,
      "saturation": 4.585386921856507,
      "skin": 14.199572263406727,
      "boost": 121.04115996903587,
      "total": 0.39620599996045397
    }
  }
}
