{
  "topCrop": {
    "x": 0,
    "y": 8,
    "width": 175,
    "height": 175,
    "score": {
      "detail": -11.596681233834081,
      "saturation": -0.8847272690857394,
      "skin": 10.867509134482138,
      "boost": 0,
      "total": 0.0005543432494555204
    }
  }
}
