{
  "topCrop": {
    "x": 0,
    "y": 8,
    "width": 175,
    "height": 175,
    "score": {
      "detail": 19.09949975832123,
      "saturation": -2.694769310223447,
      "skin": 19.350455440659733,
      "boost": 0,
      "total": 0.0012356665780174608
    }
  }
}
