{
  "topCrop": {
    "x": 0,
    "y": 24,
    "width": 175,
    "height": 175,
    "score": {
      "detail": 36.37018538812196,
      "saturation": 4.579012220860618,
      "skin": 14.48679424229534,
      "boost": 0,
      "total": 0.0011338439307759737
    }
  }
}
