{
  "topCrop": {
    "x": 0,
    "y": 10,
    "width": 219,
    "height": 219,
    "score": {
      "detail": 45.51166757269642,
      "saturation": -0.1787225015748352,
      "skin": 16.91563123857667,
      "boost": 0,
      "total": 0.0012896931589715865
    }
  }
}
