{
  "topCrop": {
    "x": 0,
    "y": 16,
    "width": 175,
    "height": 175,
    "score": {
      "detail": 2.739466000692632,
      "saturation": 0.9079144400913091,
      "skin": 17.339361945084814,
      "boost": 0,
      "total": 0.001045914090883872
    }
  }
}
