{
  "topCrop": {
    "x": 0,
    "y": 0,
    "width": 175,
    "height": 175,
    "score": {
      "detail": 4.790781856387224,
      "saturation": -2.743695607721304,
      "skin": 18.680579608604106,
      "boost": 152.06681896907384,
      "total": 0.49764708531891694
    }
  }
}
