{
  "topCrop": {
    "x": 0,
    "y": 0,
    "width": 175,
    "height": 175,
    "score": {
      "detail": 5.115937415958632,
      "saturation": -15.322982805596052,
      "skin": 25.344757925382932,
      "boost": 143.89555595429783,
      "total": 0.47123599844365666
    }
  }
}
