{
  "topCrop": {
    "x": 0,
    "y": 24,
    "width": 175,
    "height": 175,
    "score": {
      "detail": 36.442797557581,
      "saturation": 4.579849245784993,
      "skin": 14.4609674420983,
      "boost": 0,
      "total": 0.001132808348768282
    }
  }
}
