{
  "topCrop": {
    "x": 0,
    "y": 8,
    "width": 175,
    "height": 175,
    "score": {
      "detail": 19.021554460697892,
      "saturation": -2.6950499240805814,
      "skin": 19.332678846581896,
      "boost": 0,
      "total": 0.0012341099702453163
    }
  }
}
