{
  "topCrop": {
    "x": 0,
    "y": 0,
    "width": 178,
    "height": 178,
    "score": {
      "detail": -14.632289547506886,
      "saturation": 2.32761056034454,
      "skin": 12.003991361012071,
      "boost": 0,
      "total": 0.0006327839904791417
    }
  }
}
