{
  "topCrop": {
    "x": 0,
    "y": 0,
    "width": 175,
    "height": 175,
    "score": {
      "detail": -8.837872758960403,
      "saturation": -7.356129170508105,
      "skin": 16.191725911687005,
      "boost": 0,
      "total": 0.0008219001906315786
    }
  }
}
