{
  "topCrop": {
    "x": 0,
    "y": 8,
    "width": 175,
    "height": 175,
    "score": {
      "detail": 5.802647467734293,
      "saturation": -9.527041292004888,
      "skin": 11.476227371126114,
      "boost": 0,
      "total": 0.0006190898407827721
    }
  }
}
