{
  "topCrop": {
    "x": 0,
    "y": 8,
    "width": 175,
    "height": 175,
    "score": {
      "detail": 24.767017866452413,
      "saturation": 3.991413978686872,
      "skin": 10.89370617343246,
      "boost": 0,
      "total": 0.0008411264940106114
    }
  }
}
