{
  "topCrop": {
    "x": 0,
    "y": 8,
    "width": 178,
    "height": 178,
    "score": {
      "detail": -2.9803790710455886,
      "saturation": 4.32203631018399,
      "skin": 7.094965372897643,
      "boost": 0,
      "total": 0.00044495550105898523
    }
  }
}
