{
  "topCrop": {
    "x": 0,
    "y": 0,
    "width": 332,
    "height": 332,
    "score": {
      "detail": 2.982892542940659,
      "saturation": -32.5831040442197,
      "skin": 13.47828236114878,
      "boost": 149.12422249844994,
      "total": 0.48742872833927786
    }
  }
}
