{
  "topCrop": {
    "x": 0,
    "y": 24,
    "width": 175,
    "height": 175,
    "score": {
      "detail": 7.7789539448191105,
      "saturation": -0.6532536778420373,
      "skin": 18.99161885594301,
      "boost": 138.47525322039678,
      "total": 0.4533247363482771
    }
  }
}
