{
  "topCrop": {
    "x": 0,
    "y": 8,
    "width": 178,
    "height": 178,
    "score": {
      "detail": -2.9598752009540066,
      "saturation": 4.325624998188191,
      "skin": 7.0790357808405355,
      "boost": 0,
      "total": 0.00044417944460227975
    }
  }
}
