{
  "topCrop": {
    "x": 0,
    "y": 8,
    "width": 175,
    "height": 175,
    "score": {
      "detail": 24.797678158867182,
      "saturation": 3.9963199749856932,
      "skin": 10.896862154456707,
      "boost": 0,
      "total": 0.0008415602776258357
    }
  }
}
