{
  "topCrop": {
    "x": 0,
    "y": 8,
    "width": 175,
    "height": 175,
    "score": {
      "detail": 4.33634705424608,
      "saturation": 3.617967339597074,
      "skin": 17.14507333524451,
      "boost": 0,
      "total": 0.0010714707466503986
    }
  }
}
