{
  "topCrop": {
    "x": 0,
    "y": 48,
    "width": 175,
    "height": 175,
    "score": {
      "detail": 24.8773098762635,
      "saturation": -0.8611985256017917,
      "skin": 21.447300053825852,
      "boost": 0,
      "total": 0.0014146038372068147
    }
  }
}
