{
  "topCrop": {
    "x": 0,
    "y": 0,
    "width": 175,
    "height": 175,
    "score": {
      "detail": 6.804587242851445,
      "saturation": 0.048778383206798906,
      "skin": 16.474133584110977,
      "boost": 165.38737646990666,
      "total": 0.5410536045193665
    }
  }
}
