{
  "topCrop": {
    "x": 0,
    "y": 0,
    "width": 174,
    "height": 174,
    "score": {
      "detail": 27.002787359683463,
      "saturation": 1.1406999299881018,
      "skin": 17.23963761545174,
      "boost": 183.9602107332302,
      "total": 0.6088253133994506
    }
  }
}
