{
  "topCrop": {
    "x": 0,
    "y": 0,
    "width": 404,
    "height": 404,
    "score": {
      "detail": 0.6690386561776687,
      "saturation": -1.3886972807068196,
      "skin": 28.954933305952785,
      "boost": 275.301555689539,
      "total": 0.9006364619576044
    }
  }
}
