{
  "topCrop": {
    "x": 0,
    "y": 0,
    "width": 175,
    "height": 175,
    "score": {
      "detail": -1.7390313671362871,
      "saturation": -8.990738097811022,
      "skin": 16.777906954207353,
      "boost": 109.54069853284386,
      "total": 0.3585706141420143
    }
  }
}
