{
  "topCrop": {
    "x": 0,
    "y": 0,
    "width": 175,
    "height": 175,
    "score": {
      "detail": 29.998345991250954,
      "saturation": -0.08938807661685017,
      "skin": 14.196889421392221,
      "boost": 177.5413835798856,
      "total": 0.580756428137872
    }
  }
}
