{
  "topCrop": {
    "x": 0,
    "y": 24,
    "width": 175,
    "height": 175,
    "score": {
      "detail": 10.279837703028594,
      "saturation": 1.3689970422918145,
      "skin": 23.21765709402988,
      "boost": 0,
      "total": 0.001445173858695414
    }
  }
}
