{
  "topCrop": {
    "x": 0,
    "y": 24,
    "width": 175,
    "height": 175,
    "score": {
      "detail": 10.287143912741035,
      "saturation": 1.3645575598818085,
      "skin": 23.22005718939784,
      "boost": 0,
      "total": 0.001445319150740534
    }
  }
}
