{
  "topCrop": {
    "x": 0,
    "y": 8,
    "width": 175,
    "height": 175,
    "score": {
      "detail": 0.3826928557278312,
      "saturation": 1.4493802189036717,
      "skin": 23.01389780033561,
      "boost": 195.85972651249583,
      "total": 0.640911314936392
    }
  }
}
