{
  "topCrop": {
    "x": 0,
    "y": 0,
    "width": 178,
    "height": 178,
    "score": {
      "detail": 3.901790499286323,
      "saturation": -1.3687103786731976,
      "skin": 8.744583742677726,
      "boost": 0,
      "total": 0.0005321044960719783
    }
  }
}
