{
  "topCrop": {
    "x": 0,
    "y": 8,
    "width": 175,
    "height": 175,
    "score": {
      "detail": 9.487027608325768,
      "saturation": -21.299540295083496,
      "skin": 11.506236946168956,
      "boost": 79.71628724128163,
      "total": 0.2608276732755725
    }
  }
}
