{
  "topCrop": {
    "x": 0,
    "y": 0,
    "width": 175,
    "height": 175,
    "score": {
      "detail": -8.782144948344364,
      "saturation": -7.376204858412364,
      "skin": 16.19110795962951,
      "boost": 216.3003713576923,
      "total": 0.7071089580293672
    }
  }
}
