{
  "topCrop": {
    "x": 0,
    "y": 24,
    "width": 168,
    "height": 168,
    "score": {
      "detail": 15.050940280800702,
      "saturation": -7.00260709765908,
      "skin": 17.645495428275584,
      "boost": 0,
      "total": 0.0011575714887244355
    }
  }
}
