{
  "topCrop": {
    "x": 0,
    "y": 16,
    "width": 175,
    "height": 175,
    "score": {
      "detail": -0.6274371109638669,
      "saturation": -1.9159934958482705,
      "skin": 17.155432885400685,
      "boost": 212.27200248788523,
      "total": 0.6941185222044505
    }
  }
}
