{
  "topCrop": {
    "x": 0,
    "y": 0,
    "width": 175,
    "height": 175,
    "score": {
      "detail": -5.892083291095984,
      "saturation": -0.12962423562643713,
      "skin": 9.442001395837753,
      "boost": 0,
      "total": 0.0005152097496685986
    }
  }
}
