{
  "topCrop": {
    "x": 0,
    "y": 0,
    "width": 219,
    "height": 219,
    "score": {
      "detail": 15.496971500265268,
      "saturation": 14.52175006767952,
      "skin": 22.36195718708496,
      "boost": 0,
      "total": 0.0015577940328852194
    }
  }
}
