{
  "topCrop": {
    "x": 0,
    "y": 32,
    "width": 175,
    "height": 175,
    "score": {
      "detail": 16.9289017932662,
      "saturation": 0.18051145704976063,
      "skin": 18.20245304638068,
      "boost": 0,
      "total": 0.0011821828336082741
    }
  }
}
