{
  "topCrop": {
    "x": 0,
    "y": 0,
    "width": 175,
    "height": 175,
    "score": {
      "detail": 30.710028835954713,
      "saturation": -21.079407481656506,
      "skin": 22.375172605771628,
      "boost": 182.53857894445323,
      "total": 0.5973535147317031
    }
  }
}
