{
  "topCrop": {
    "x": 0,
    "y": 0,
    "width": 175,
    "height": 175,
    "score": {
      "detail": -16.505124558654767,
      "saturation": -3.496944658818331,
      "skin": 12.965635113582506,
      "boost": 141.6561191057364,
      "total": 0.4631706104642845
    }
  }
}
