{
  "topCrop": {
    "x": 0,
    "y": 8,
    "width": 175,
    "height": 175,
    "score": {
      "detail": 3.8394609277194736,
      "saturation": -0.3804272943405191,
      "skin": 19.22451531801477,
      "boost": 0,
      "total": 0.0011512780920708023
    }
  }
}
