{
  "topCrop": {
    "x": 0,
    "y": 8,
    "width": 175,
    "height": 175,
    "score": {
      "detail": -11.649280061583015,
      "saturation": -11.34929471406842,
      "skin": 8.709488707169603,
      "boost": 0,
      "total": 0.0003246509468201847
    }
  }
}
