{
  "topCrop": {
    "x": 0,
    "y": 8,
    "width": 175,
    "height": 175,
    "score": {
      "detail": 4.218349950005047,
      "saturation": 3.608974850575279,
      "skin": 17.110701448126328,
      "boost": 0,
      "total": 0.0010685918384261545
    }
  }
}
