{
  "topCrop": {
    "x": 0,
    "y": 20,
    "width": 219,
    "height": 219,
    "score": {
      "detail": 11.943857511152748,
      "saturation": 6.108129446836998,
      "skin": 16.845239922696475,
      "boost": 153.09842062626618,
      "total": 0.5010411332187348
    }
  }
}
