{
  "topCrop": {
    "x": 0,
    "y": 8,
    "width": 175,
    "height": 175,
    "score": {
      "detail": 19.02139549196275,
      "saturation": 0.08991143848699742,
      "skin": 15.354408660021058,
      "boost": 0,
      "total": 0.0010275653263012753
    }
  }
}
