{
  "topCrop": {
    "x": 0,
    "y": 16,
    "width": 175,
    "height": 175,
    "score": {
      "detail": 14.33352556693378,
      "saturation": -6.470564966692882,
      "skin": 19.296057162639226,
      "boost": 0,
      "total": 0.0011643571760368817
    }
  }
}
