{
  "topCrop": {
    "x": 0,
    "y": 16,
    "width": 168,
    "height": 168,
    "score": {
      "detail": 17.542417508068986,
      "saturation": -5.7160523185232694,
      "skin": 15.779833269231618,
      "boost": 131.05183061039145,
      "total": 0.4653975492038626
    }
  }
}
