{
  "topCrop": {
    "x": 0,
    "y": 40,
    "width": 219,
    "height": 219,
    "score": {
      "detail": 20.570847343033567,
      "saturation": -14.228172242340651,
      "skin": 31.81629960169584,
      "boost": 0,
      "total": 0.001864981455639413
    }
  }
}
