{
  "topCrop": {
    "x": 0,
    "y": 8,
    "width": 175,
    "height": 175,
    "score": {
      "detail": 29.680575888776897,
      "saturation": -0.7893891481553738,
      "skin": 19.58349943558774,
      "boost": 0,
      "total": 0.0013371297115874843
    }
  }
}
