{
  "topCrop": {
    "x": 0,
    "y": 32,
    "width": 175,
    "height": 175,
    "score": {
      "detail": 16.922533983649586,
      "saturation": 0.18024173883414768,
      "skin": 18.199728562924232,
      "boost": 0,
      "total": 0.0011819784728700007
    }
  }
}
