{
  "topCrop": {
    "x": 0,
    "y": 0,
    "width": 174,
    "height": 174,
    "score": {
      "detail": 27.013236690708467,
      "saturation": 1.1389584857352777,
      "skin": 17.237083552904714,
      "boost": 0,
      "total": 0.0012145291742334113
    }
  }
}
