{
  "topCrop": {
    "x": 0,
    "y": 0,
    "width": 175,
    "height": 175,
    "score": {
      "detail": -4.533731486080619,
      "saturation": -8.962443761966215,
      "skin": 11.47908722825409,
      "boost": 224.160222082305,
      "total": 0.732509031373569
    }
  }
}
