{
  "topCrop": {
    "x": 0,
    "y": 24,
    "width": 168,
    "height": 168,
    "score": {
      "detail": 15.134593558669591,
      "saturation": -6.986700545307253,
      "skin": 17.637756867590998,
      "boost": 0,
      "total": 0.0011578398139812053
    }
  }
}
