{
  "topCrop": {
    "x": 0,
    "y": 10,
    "width": 219,
    "height": 219,
    "score": {
      "detail": 19.99985709807226,
      "saturation": -15.755699861004745,
      "skin": 29.875427769646617,
      "boost": 191.12680919223928,
      "total": 0.625819753491285
    }
  }
}
