{
  "topCrop": {
    "x": 0,
    "y": 0,
    "width": 175,
    "height": 175,
    "score": {
      "detail": 9.777280166183225,
      "saturation": 4.221642391663979,
      "skin": 12.02497609356737,
      "boost": 93.08370627856894,
      "total": 0.3047587766065649
    }
  }
}
