{
  "topCrop": {
    "x": 0,
    "y": 8,
    "width": 175,
    "height": 175,
    "score": {
      "detail": -11.589435268525346,
      "saturation": -11.349236790571208,
      "skin": 8.7785243143727,
      "boost": 0,
      "total": 0.0003290999404079813
    }
  }
}
