{
  "topCrop": {
    "x": 0,
    "y": 0,
    "width": 178,
    "height": 178,
    "score": {
      "detail": 12.08280358178402,
      "saturation": 1.2627054291196913,
      "skin": 11.584253425231404,
      "boost": 144.9309805830475,
      "total": 0.47948028427847994
    }
  }
}
