{
  "topCrop": {
    "x": 0,
    "y": 0,
    "width": 178,
    "height": 178,
    "score": {
      "detail": 1.850294352381917,
      "saturation": 1.5353970883545798,
      "skin": 2.6735035543723957,
      "boost": 96.50844566555071,
      "total": 0.31894859132480924
    }
  }
}
