{
  "topCrop": {
    "x": 0,
    "y": 0,
    "width": 175,
    "height": 175,
    "score": {
      "detail": -19.50968100741861,
      "saturation": 9.534690637000695,
      "skin": 12.706460670187068,
      "boost": 111.43207620973304,
      "total": 0.3645726602830778
    }
  }
}
