{
  "topCrop": {
    "x": 0,
    "y": 0,
    "width": 219,
    "height": 219,
    "score": {
      "detail": 15.441319449622265,
      "saturation": 14.554685302694477,
      "skin": 22.428592422517596,
      "boost": 0,
      "total": 0.0015616697417555746
    }
  }
}
