{
  "topCrop": {
    "x": 0,
    "y": 8,
    "width": 175,
    "height": 175,
    "score": {
      "detail": 5.761665719659779,
      "saturation": -9.519438813786513,
      "skin": 11.465989531218943,
      "boost": 0,
      "total": 0.0006182949438690645
    }
  }
}
