{
  "topCrop": {
    "x": 0,
    "y": 0,
    "width": 175,
    "height": 175,
    "score": {
      "detail": -14.213848460491883,
      "saturation": 4.471254227680746,
      "skin": 16.54323971605697,
      "boost": 299.32968503559135,
      "total": 0.9783263654407917
    }
  }
}
