{
  "topCrop": {
    "x": 0,
    "y": 8,
    "width": 175,
    "height": 175,
    "score": {
      "detail": 18.991878636011798,
      "saturation": 0.08989107561965001,
      "skin": 15.364500892415805,
      "boost": 0,
      "total": 0.0010279655397954842
    }
  }
}
