{
  "topCrop": {
    "x": 0,
    "y": 0,
    "width": 178,
    "height": 178,
    "score": {
      "detail": 12.071841849943324,
      "saturation": 1.2673365488062784,
      "skin": 11.571230979596123,
      "boost": 0,
      "total": 0.0007802478893481163
    }
  }
}
