{
  "topCrop": {
    "x": 0,
    "y": 0,
    "width": 175,
    "height": 175,
    "score": {
      "detail": -5.923780811406337,
      "saturation": -0.13019709638630622,
      "skin": 9.440552830462893,
      "boost": 150.34371455316816,
      "total": 0.49143316359576983
    }
  }
}
