{
  "topCrop": {
    "x": 0,
    "y": 8,
    "width": 175,
    "height": 175,
    "score": {
      "detail": 29.562596076620075,
      "saturation": -0.7972887604403432,
      "skin": 19.55926687736148,
      "boost": 0,
      "total": 0.0013348575662511862
    }
  }
}
