{
  "topCrop": {
    "x": 0,
    "y": 32,
    "width": 175,
    "height": 175,
    "score": {
      "detail": 17.67460694182164,
      "saturation": -0.04967766111122844,
      "skin": 21.636654273335186,
      "boost": 0,
      "total": 0.0013866447602296913
    }
  }
}
