{
  "topCrop": {
    "x": 0,
    "y": 0,
    "width": 178,
    "height": 178,
    "score": {
      "detail": -15.55571746562992,
      "saturation": 3.832241095472328,
      "skin": 4.257091525497654,
      "boost": 70.86033565570224,
      "total": 0.2342361890326211
    }
  }
}
