{
  "topCrop": {
    "x": 0,
    "y": 0,
    "width": 175,
    "height": 175,
    "score": {
      "detail": 7.7270649403768115,
      "saturation": -0.0225864722165014,
      "skin": 16.109028362502688,
      "boost": 107.53202985826583,
      "total": 0.3521220530261387
    }
  }
}
