{
  "topCrop": {
    "x": 0,
    "y": 8,
    "width": 175,
    "height": 175,
    "score": {
      "detail": 28.280950121978503,
      "saturation": -3.648603898968745,
      "skin": 27.84120656754676,
      "boost": 0,
      "total": 0.0017853316139196487
    }
  }
}
