{
  "topCrop": {
    "x": 0,
    "y": 16,
    "width": 175,
    "height": 175,
    "score": {
      "detail": -2.7176721374565718,
      "saturation": 6.392241884089882,
      "skin": 14.682454287201718,
      "boost": 0,
      "total": 0.0009078385585207753
    }
  }
}
