{
  "topCrop": {
    "x": 0,
    "y": 0,
    "width": 175,
    "height": 175,
    "score": {
      "detail": 4.886431715070803,
      "saturation": -0.007307766294588673,
      "skin": 15.429911964959425,
      "boost": 114.34398572808232,
      "total": 0.37430685741578074
    }
  }
}
