{
  "topCrop": {
    "x": 0,
    "y": 8,
    "width": 175,
    "height": 175,
    "score": {
      "detail": -8.119890702148512,
      "saturation": -3.2031323075864084,
      "skin": 12.501429891473776,
      "boost": 0,
      "total": 0.0006503724399003159
    }
  }
}
