{
  "topCrop": {
    "x": 0,
    "y": 16,
    "width": 175,
    "height": 175,
    "score": {
      "detail": 8.648915335504308,
      "saturation": -6.968155050402447,
      "skin": 12.69663931873321,
      "boost": 0,
      "total": 0.0007344746881861192
    }
  }
}
