{
  "topCrop": {
    "x": 0,
    "y": 8,
    "width": 175,
    "height": 175,
    "score": {
      "detail": 35.35224354473406,
      "saturation": -22.59813752158502,
      "skin": 23.755283226953193,
      "boost": 0,
      "total": 0.001405731175868965
    }
  }
}
