{
  "topCrop": {
    "x": 0,
    "y": 8,
    "width": 175,
    "height": 175,
    "score": {
      "detail": 16.263250928664196,
      "saturation": -5.623936056155861,
      "skin": 18.65947337714233,
      "boost": 69.17456201226551,
      "total": 0.2270239582914055
    }
  }
}
