{
  "topCrop": {
    "x": 0,
    "y": 16,
    "width": 175,
    "height": 175,
    "score": {
      "detail": 14.402220138198384,
      "saturation": -6.423854357747754,
      "skin": 19.313693587661973,
      "boost": 0,
      "total": 0.0011662999568361437
    }
  }
}
