{
  "topCrop": {
    "x": 0,
    "y": 0,
    "width": 175,
    "height": 175,
    "score": {
      "detail": 7.59297072988265,
      "saturation": -0.7749886686016456,
      "skin": 16.640075595603964,
      "boost": 159.10050374302912,
      "total": 0.5205318729116865
    }
  }
}
