{
  "topCrop": {
    "x": 0,
    "y": 8,
    "width": 175,
    "height": 175,
    "score": {
      "detail": 6.021390799912711,
      "saturation": -6.200323148599537,
      "skin": 16.354097891095147,
      "boost": 0,
      "total": 0.000939805956550986
    }
  }
}
