{
  "topCrop": {
    "x": 0,
    "y": 16,
    "width": 175,
    "height": 175,
    "score": {
      "detail": -2.735997939226205,
      "saturation": 6.429697038439253,
      "skin": 14.722474884313357,
      "boost": 0,
      "total": 0.0009104380184636923
    }
  }
}
