{
  "topCrop": {
    "x": 0,
    "y": 32,
    "width": 175,
    "height": 175,
    "score": {
      "detail": 17.688165682882858,
      "saturation": -0.04967766111122844,
      "skin": 21.618754521332534,
      "boost": 0,
      "total": 0.0013856812400536089
    }
  }
}
