{
  "topCrop": {
    "x": 0,
    "y": 0,
    "width": 175,
    "height": 175,
    "score": {
      "detail": 7.599657899300025,
      "saturation": -0.775012211664055,
      "skin": 16.648606022390474,
      "boost": 0,
      "total": 0.0010205687757277925
    }
  }
}
