{
  "topCrop": {
    "x": 0,
    "y": 8,
    "width": 175,
    "height": 175,
    "score": {
      "detail": -8.103072503096898,
      "saturation": -3.1914697793364195,
      "skin": 12.493723222532202,
      "boost": 0,
      "total": 0.0006501435548126582
    }
  }
}
