{
  "topCrop": {
    "x": 0,
    "y": 16,
    "width": 175,
    "height": 175,
    "score": {
      "detail": 8.674338342864145,
      "saturation": -6.982167659039781,
      "skin": 12.69033068932308,
      "boost": 0,
      "total": 0.0007341326567066919
    }
  }
}
