{
  "topCrop": {
    "x": 0,
    "y": 8,
    "width": 178,
    "height": 178,
    "score": {
      "detail": 11.743405895411309,
      "saturation": 2.103075088219675,
      "skin": 4.937382585805136,
      "boost": 0,
      "total": 0.00039195707358955634
    }
  }
}
