{
  "topCrop": {
    "x": 0,
    "y": 0,
    "width": 175,
    "height": 175,
    "score": {
      "detail": 27.610880908249207,
      "saturation": -31.269508862013993,
      "skin": 26.900842975711786,
      "boost": 166.64662246767836,
      "total": 0.5456073498007237
    }
  }
}
