{
  "topCrop": {
    "x": 0,
    "y": 16,
    "width": 175,
    "height": 175,
    "score": {
      "detail": 35.55346771907239,
      "saturation": -18.861432201708638,
      "skin": 27.938634899623775,
      "boost": 0,
      "total": 0.0016895283821265204
    }
  }
}
