{
  "topCrop": {
    "x": 0,
    "y": 0,
    "width": 178,
    "height": 178,
    "score": {
      "detail": 3.855742945125781,
      "saturation": -1.375356968671582,
      "skin": 8.726663059833486,
      "boost": 144.28401903914826,
      "total": 0.47709302546310445
    }
  }
}
