{
  "topCrop": {
    "x": 0,
    "y": 8,
    "width": 178,
    "height": 178,
    "score": {
      "detail": 11.78187063369659,
      "saturation": 2.0901263293143804,
      "skin": 4.961792292753218,
      "boost": 0,
      "total": 0.000393534091441717
    }
  }
}
