{
  "topCrop": {
    "x": 0,
    "y": 8,
    "width": 175,
    "height": 175,
    "score": {
      "detail": 6.009273977939318,
      "saturation": -6.205537689074564,
      "skin": 16.364731843973665,
      "boost": 0,
      "total": 0.0009403007610781418
    }
  }
}
