{
  "topCrop": {
    "x": 0,
    "y": 8,
    "width": 175,
    "height": 175,
    "score": {
      "detail": 12.979045589906047,
      "saturation": -6.591233097727257,
      "skin": 18.008848702757778,
      "boost": 0,
      "total": 0.0010786732033837398
    }
  }
}
