{
  "topCrop": {
    "x": 0,
    "y": 8,
    "width": 175,
    "height": 175,
    "score": {
      "detail": 28.164169668313736,
      "saturation": -3.653374666539674,
      "skin": 27.77907008258322,
      "boost": 0,
      "total": 0.0017808701284032864
    }
  }
}
