{
  "topCrop": {
    "x": 0,
    "y": 8,
    "width": 175,
    "height": 175,
    "score": {
      "detail": 12.973371050061063,
      "saturation": -6.608849421711629,
      "skin": 18.038409058672755,
      "boost": 0,
      "total": 0.0010802010020933776
    }
  }
}
