{
  "topCrop": {
    "x": 0,
    "y": 0,
    "width": 175,
    "height": 175,
    "score": {
      "detail": -26.988418108674573,
      "saturation": -9.95731613025756,
      "skin": 4.155114429285443,
      "boost": 159.31214122072677,
      "total": 0.5201733371292924
    }
  }
}
