{
  "topCrop": {
    "x": 0,
    "y": 0,
    "width": 219,
    "height": 219,
    "score": {
      "detail": 10.090032395717827,
      "saturation": -22.099494949345488,
      "skin": 15.083765381916194,
      "boost": 0,
      "total": 0.0007359652467522962
    }
  }
}
