{
  "topCrop": {
    "x": 0,
    "y": 0,
    "width": 175,
    "height": 175,
    "score": {
      "detail": -2.250103909529145,
      "saturation": 5.527233833159949,
      "skin": 19.693670223052855,
      "boost": 207.35603621532633,
      "total": 0.6782778898710913
    }
  }
}
