{
  "topCrop": {
    "x": 0,
    "y": 16,
    "width": 175,
    "height": 175,
    "score": {
      "detail": -1.1362613346946016,
      "saturation": -5.497554135489093,
      "skin": 15.815043663211533,
      "boost": 267.802657087573,
      "total": 0.8753259189826447
    }
  }
}
