{
  "topCrop": {
    "x": 0,
    "y": 8,
    "width": 175,
    "height": 175,
    "score": {
      "detail": 11.899608431908224,
      "saturation": 5.0084658878320045,
      "skin": 19.92219607509547,
      "boost": 0,
      "total": 0.0012977114902172438
    }
  }
}
