{
  "topCrop": {
    "x": 0,
    "y": 8,
    "width": 175,
    "height": 175,
    "score": {
      "detail": 11.9069232783295,
      "saturation": 5.017528065353404,
      "skin": 19.96103350213018,
      "boost": 0,
      "total": 0.0013001307225830611
    }
  }
}
