{
  "topCrop": {
    "x": 0,
    "y": 0,
    "width": 219,
    "height": 219,
    "score": {
      "detail": 10.210293246702287,
      "saturation": -22.08555332552642,
      "skin": 15.011680626574707,
      "boost": 0,
      "total": 0.0007326503764740246
    }
  }
}
