{
  "topCrop": {
    "x": 0,
    "y": 8,
    "width": 178,
    "height": 178,
    "score": {
      "detail": 11.601271181184545,
      "saturation": -2.2917775721755915,
      "skin": 13.303953784301129,
      "boost": 0,
      "total": 0.0008448882869707446
    }
  }
}
