{
  "topCrop": {
    "x": 0,
    "y": 24,
    "width": 175,
    "height": 175,
    "score": {
      "detail": -0.5920788924891158,
      "saturation": -5.077829701838041,
      "skin": 16.13977113801671,
      "boost": 0,
      "total": 0.0008950146403063131
    }
  }
}
