{
  "topCrop": {
    "x": 0,
    "y": 10,
    "width": 219,
    "height": 219,
    "score": {
      "detail": 1.84843043745261,
      "saturation": 2.136729978566825,
      "skin": 2.973162154906411,
      "boost": 0,
      "total": 0.0002077517374658648
    }
  }
}
