{
  "topCrop": {
    "x": 0,
    "y": 8,
    "width": 175,
    "height": 175,
    "score": {
      "detail": 12.015925437239634,
      "saturation": 2.3484037420110586,
      "skin": -2.6123059626635223,
      "boost": 0,
      "total": -0.00005206349462018273
    }
  }
}
