{
  "topCrop": {
    "x": 0,
    "y": 8,
    "width": 175,
    "height": 175,
    "score": {
      "detail": 12.042235404738257,
      "saturation": 2.3483683564531366,
      "skin": -2.5988047136498427,
      "boost": 0,
      "total": -0.00005109847825913875
    }
  }
}
