{
  "topCrop": {
    "x": 0,
    "y": 8,
    "width": 178,
    "height": 178,
    "score": {
      "detail": 11.671186103387436,
      "saturation": -2.2957597738086726,
      "skin": 13.295452594396215,
      "boost": 0,
      "total": 0.0008448052569179572
    }
  }
}
