{
  "topCrop": {
    "x": 0,
    "y": 24,
    "width": 175,
    "height": 175,
    "score": {
      "detail": -0.6957912159085483,
      "saturation": -5.129663495976153,
      "skin": 16.06176138658017,
      "boost": 0,
      "total": 0.0008892445127794204
    }
  }
}
