{
  "topCrop": {
    "x": 0,
    "y": 10,
    "width": 219,
    "height": 219,
    "score": {
      "detail": 1.8618751865076473,
      "saturation": 2.161207136290735,
      "skin": 2.9820140930587833,
      "boost": 0,
      "total": 0.00020859959332880198
    }
  }
}
