{
  "topCrop": {
    "x": 0,
    "y": 0,
    "width": 178,
    "height": 178,
    "score": {
      "detail": -0.7541105722187031,
      "saturation": -4.991296626399801,
      "skin": 12.281360108499632,
      "boost": 188.61917667442117,
      "total": 0.6236747227023072
    }
  }
}
