{
  "topCrop": {
    "x": 0,
    "y": 0,
    "width": 175,
    "height": 175,
    "score": {
      "detail": 17.933321281252933,
      "saturation": -1.1776832727993511,
      "skin": 14.434444261295551,
      "boost": 0,
      "total": 0.0009539709043181314
    }
  }
}
