{
  "topCrop": {
    "x": 0,
    "y": 0,
    "width": 175,
    "height": 175,
    "score": {
      "detail": 17.92647549194341,
      "saturation": -1.1781304724999702,
      "skin": 14.431690619538426,
      "boost": 0,
      "total": 0.0009537599696916852
    }
  }
}
