{
  "topCrop": {
    "x": 0,
    "y": 8,
    "width": 175,
    "height": 175,
    "score": {
      "detail": 27.357488792702753,
      "saturation": -0.6263965833164183,
      "skin": 11.259157349280551,
      "boost": 212.9203182100945,
      "total": 0.6960843063843821
    }
  }
}
